video_id,publish_date,title,category,views,likes,comments,ctr_pct,retention_pct,watch_hours,subscribers_gained,upload_hour
VID00001,2024-01-01,Exam Preparation Guide #1,Education,3360,318,6,8.79,85.56,185.1,80,20
VID00002,2024-01-01,Weekend Vlog #2,Lifestyle,21967,1888,275,10.85,72.41,2040.7,308,12
VID00003,2024-01-01,Easy Recipes #3,Food,13058,975,153,4.39,59.55,698.5,85,19
VID00004,2024-01-01,Parents Be Like #4,Comedy,39672,4159,203,5.18,62.27,2565.3,650,20
VID00005,2024-01-01,Day In My Life #5,Lifestyle,26772,2896,292,9.16,50.04,1254.2,541,20
VID00006,2024-01-01,Cooking Tips #6,Food,41875,2595,422,8.49,62.05,2123.2,549,10
VID00007,2024-01-01,Office Comedy #7,Comedy,50363,1405,136,8.0,76.06,2022.7,282,16
VID00008,2024-01-01,Easy Recipes #8,Food,3186,243,23,6.39,77.48,396.0,12,19
VID00009,2024-01-01,Best Apps #9,Tech,10703,390,91,7.64,50.79,959.5,109,21
VID00010,2024-01-01,Game Challenge #10,Gaming,7501,631,56,9.91,76.42,717.3,70,16
VID00011,2024-01-01,Interview Preparation #11,Education,31197,2793,206,7.99,53.58,1711.6,196,18
VID00012,2024-01-02,Morning Routine #12,Lifestyle,7935,607,98,11.73,46.34,752.1,22,21
VID00013,2024-01-02,Interview Preparation #13,Education,1599,143,11,7.5,51.48,55.4,20,16
VID00014,2024-01-02,Budget Planning #14,Finance,17366,1656,50,9.0,62.57,1765.9,401,14
VID00015,2024-01-02,Office Comedy #15,Comedy,11633,958,95,5.48,70.57,845.4,116,12
VID00016,2024-01-02,Healthy Habits #16,Lifestyle,10810,886,19,6.69,58.86,409.9,114,18
VID00017,2024-01-02,Tech Hacks #17,Tech,1772,158,23,10.93,48.34,58.9,5,19
VID00018,2024-01-02,Budget Lifestyle #18,Lifestyle,92716,9758,1035,6.28,75.69,6921.4,509,19
VID00019,2024-01-02,Travel Mistakes #19,Travel,5257,157,35,11.27,79.96,573.8,126,10
VID00020,2024-01-02,Best Restaurants #20,Food,7423,422,25,8.57,65.45,299.2,106,10
VID00021,2024-01-02,Expectation vs Reality #21,Comedy,20045,638,151,6.35,45.52,1865.9,230,19
VID00022,2024-01-03,Relatable College Life #22,Comedy,23560,2113,187,7.5,55.08,970.5,243,22
VID00023,2024-01-03,Productivity Tips #23,Education,3908,348,19,5.95,51.76,228.0,63,19
VID00024,2024-01-03,Weekend Travel Vlog #24,Travel,118248,8460,749,8.39,35.26,3228.9,1069,16
VID00025,2024-01-03,Study Tips That Work #25,Education,7848,358,56,4.02,54.02,405.8,39,14
VID00026,2024-01-03,Street Food Tour #26,Food,5806,314,11,8.93,63.81,301.5,17,16
VID00027,2024-01-03,Parents Be Like #27,Comedy,2773,280,24,6.18,65.37,350.4,54,10
VID00028,2024-01-03,Funny Family Moments #28,Comedy,6553,464,61,10.92,56.85,769.2,121,21
VID00029,2024-01-03,Healthy Habits #29,Lifestyle,34386,1614,200,6.53,53.63,2182.6,750,14
VID00030,2024-01-03,Hidden Places #30,Travel,21388,2276,117,6.41,68.75,780.4,463,14
VID00031,2024-01-03,Money Mistakes #31,Finance,6521,275,87,8.27,55.55,615.2,22,20
VID00032,2024-01-03,Budget Travel Tips #32,Travel,66230,6846,167,8.21,59.54,6911.2,627,14
VID00033,2024-01-04,AI Tools #33,Tech,5274,492,8,11.31,61.55,706.8,65,19
VID00034,2024-01-04,Healthy Habits #34,Lifestyle,17701,1134,46,9.06,50.44,1366.1,173,18
VID00035,2024-01-04,Study Tips That Work #35,Education,32309,3072,208,4.64,68.33,1751.1,146,20
VID00036,2024-01-04,AI Tools #36,Tech,27326,1636,318,5.45,70.99,2127.7,494,19
VID00037,2024-01-04,Tech Hacks #37,Tech,3894,397,16,8.01,80.87,741.0,20,16
VID00038,2024-01-04,Best Apps #38,Tech,5732,164,28,8.41,52.99,553.9,62,18
VID00039,2024-01-04,Learning Strategies #39,Education,3140,134,40,3.48,74.25,146.9,31,21
VID00040,2024-01-04,Budget Lifestyle #40,Lifestyle,5782,193,63,10.89,39.15,172.6,56,16
VID00041,2024-01-04,Food Review #41,Food,2726,283,25,7.76,56.15,98.5,43,18
VID00042,2024-01-04,Study Tips That Work #42,Education,15339,1016,179,8.61,58.24,904.2,304,19
VID00043,2024-01-05,Expectation vs Reality #43,Comedy,22462,1685,297,6.24,57.37,1036.3,224,20
VID00044,2024-01-05,Exam Preparation Guide #44,Education,127555,5408,351,4.74,58.07,4002.8,1231,16
VID00045,2024-01-05,Career Tips #45,Education,4887,350,12,11.4,59.28,374.2,27,18
VID00046,2024-01-05,Career Tips #46,Education,4913,497,47,9.73,83.02,568.2,89,18
VID00047,2024-01-05,Best Places to Visit #47,Travel,10276,812,91,4.67,54.95,848.1,92,10
VID00048,2024-01-05,Game Challenge #48,Gaming,60884,5476,521,6.45,63.98,1800.7,381,6
VID00049,2024-01-05,Personal Finance Tips #49,Finance,7338,540,48,6.91,57.04,427.3,68,16
VID00050,2024-01-05,Funny Family Moments #50,Comedy,6927,191,26,6.69,51.86,274.1,53,21
VID00051,2024-01-05,Relatable College Life #51,Comedy,4783,464,5,5.38,54.43,384.2,54,22
VID00052,2024-01-05,Budget Meals #52,Food,8015,478,66,7.14,75.47,331.2,191,23
VID00053,2024-01-06,Parents Be Like #53,Comedy,4705,126,27,5.96,73.3,622.6,73,19
VID00054,2024-01-06,Budget Lifestyle #54,Lifestyle,5953,176,33,7.27,52.46,328.9,73,20
VID00055,2024-01-06,Expectation vs Reality #55,Comedy,3157,260,24,9.11,67.55,471.8,48,21
VID00056,2024-01-06,Hidden Places #56,Travel,8635,881,102,4.71,70.12,369.1,163,23
VID00057,2024-01-06,Best Restaurants #57,Food,9155,522,100,6.61,54.37,611.5,142,22
VID00058,2024-01-06,Weekend Vlog #58,Lifestyle,26051,2121,332,8.53,64.25,3119.3,445,8
VID00059,2024-01-06,Budget Lifestyle #59,Lifestyle,7842,800,50,10.7,57.54,694.3,148,20
VID00060,2024-01-06,Best Places to Visit #60,Travel,13434,763,126,4.99,64.44,1123.1,138,19
VID00061,2024-01-06,Budget Travel Tips #61,Travel,15852,650,214,8.13,48.4,1574.8,339,22
VID00062,2024-01-06,Tech Hacks #62,Tech,44516,1326,377,8.42,63.1,4726.3,178,18
VID00063,2024-01-06,AI Tools #63,Tech,23060,1216,98,6.59,60.4,1387.3,315,23
VID00064,2024-01-07,Relatable College Life #64,Comedy,29452,1688,405,5.63,58.17,2485.9,522,12
VID00065,2024-01-07,Cooking Tips #65,Food,6824,532,14,8.91,64.13,735.4,59,16
VID00066,2024-01-07,Travel Guide #66,Travel,31473,3059,193,6.13,71.94,1762.1,97,10
VID00067,2024-01-07,Productivity Tips #67,Education,1891,113,11,6.02,70.93,183.9,26,12
VID00068,2024-01-07,Food Review #68,Food,13225,1242,11,3.33,51.9,713.6,201,19
VID00069,2024-01-07,Funny Family Moments #69,Comedy,5202,294,47,9.62,70.07,582.9,120,20
VID00070,2024-01-07,Career Tips #70,Education,3411,121,18,8.9,53.72,354.6,22,19
VID00071,2024-01-07,Best Apps #71,Tech,3236,337,45,8.43,61.58,272.1,61,23
VID00072,2024-01-07,Morning Routine #72,Lifestyle,18907,799,85,6.62,66.18,752.3,165,20
VID00073,2024-01-07,Laptop Buying Guide #73,Tech,7276,681,39,6.26,70.52,191.3,57,16
VID00074,2024-01-08,Weekend Vlog #74,Lifestyle,40172,2405,254,5.15,58.56,1977.5,707,19
VID00075,2024-01-08,Learning Strategies #75,Education,62155,4461,202,8.92,42.68,3674.6,293,21
VID00076,2024-01-08,Best Places to Visit #76,Travel,6089,487,41,5.35,78.42,573.1,79,20
VID00077,2024-01-08,Relatable College Life #77,Comedy,12280,666,109,4.8,63.03,793.2,160,22
VID00078,2024-01-08,Best Friend Problems #78,Comedy,708,30,6,5.69,67.68,33.3,16,22
VID00079,2024-01-08,Credit Score Tips #79,Finance,14307,1244,12,11.64,62.79,1103.4,78,21
VID00080,2024-01-08,Top Games #80,Gaming,19050,802,132,6.14,66.69,1798.6,82,20
VID00081,2024-01-08,Interview Preparation #81,Education,5997,439,71,9.44,74.31,314.5,49,16
VID00082,2024-01-08,Saving Money #82,Finance,5581,171,29,9.09,60.2,172.3,62,6
VID00083,2024-01-08,Best Settings #83,Gaming,4953,388,23,7.85,54.58,407.2,49,20
VID00084,2024-01-08,Cooking Tips #84,Food,8968,470,8,10.07,45.43,254.9,91,22
VID00085,2024-01-09,Study Tips That Work #85,Education,18816,707,106,6.84,57.33,967.0,374,16
VID00086,2024-01-09,Office Comedy #86,Comedy,11458,549,156,4.0,61.11,321.1,209,23
VID00087,2024-01-09,Study Tips That Work #87,Education,5286,283,62,4.99,52.78,152.9,39,14
VID00088,2024-01-09,Budget Planning #88,Finance,15798,477,27,4.84,79.96,1603.2,353,16
VID00089,2024-01-09,Saving Money #89,Finance,23849,2317,294,7.45,78.92,2111.6,168,20
VID00090,2024-01-09,Office Comedy #90,Comedy,4503,261,31,6.09,64.72,480.5,40,19
VID00091,2024-01-09,Phone Features You Missed #91,Tech,13050,1121,61,7.69,60.86,1096.5,184,14
VID00092,2024-01-09,Best Restaurants #92,Food,7590,782,50,6.43,69.08,686.0,153,18
VID00093,2024-01-09,Game Challenge #93,Gaming,35051,964,34,7.76,58.06,2029.3,670,18
VID00094,2024-01-09,Best Friend Problems #94,Comedy,35822,2691,377,11.16,79.08,4928.3,111,12
VID00095,2024-01-10,Budget Travel Tips #95,Travel,4290,448,20,8.98,89.53,655.0,39,8
VID00096,2024-01-10,Cooking Tips #96,Food,9187,370,69,8.13,58.13,715.0,85,18
VID00097,2024-01-10,Food Review #97,Food,9056,696,118,7.53,52.53,887.3,171,21
VID00098,2024-01-10,Weekend Travel Vlog #98,Travel,103564,4994,436,6.49,54.53,8824.6,447,16
VID00099,2024-01-10,Budget Planning #99,Finance,7177,471,61,4.93,46.19,600.9,26,14
VID00100,2024-01-10,Interview Preparation #100,Education,37660,3834,99,6.53,69.29,4060.6,542,19
VID00101,2024-01-10,Cooking Tips #101,Food,2585,202,17,5.33,76.83,386.9,40,14
VID00102,2024-01-10,Interview Preparation #102,Education,18732,1052,171,9.34,61.83,580.0,226,19
VID00103,2024-01-10,Best Restaurants #103,Food,59921,2028,191,8.26,48.92,4228.9,1154,14
VID00104,2024-01-10,Day In My Life #104,Lifestyle,3505,352,28,5.27,83.38,527.6,77,12
VID00105,2024-01-11,Interview Preparation #105,Education,8989,574,8,5.65,50.28,576.5,159,16
VID00106,2024-01-11,Weekend Travel Vlog #106,Travel,20278,950,34,10.7,75.56,2031.6,277,21
VID00107,2024-01-11,Weekend Travel Vlog #107,Travel,16913,1771,99,9.92,69.03,1826.8,126,23
VID00108,2024-01-11,Travel Guide #108,Travel,9777,760,37,8.11,42.07,562.7,199,18
VID00109,2024-01-11,AI Tools #109,Tech,102195,10782,284,7.82,51.75,7763.0,1912,16
VID00110,2024-01-11,Morning Routine #110,Lifestyle,17797,1685,69,10.22,44.33,306.6,142,19
VID00111,2024-01-11,Budget Meals #111,Food,10371,586,81,6.73,69.42,1586.6,249,14
VID00112,2024-01-11,Weekend Travel Vlog #112,Travel,69517,2013,610,6.7,59.23,2055.0,1414,16
VID00113,2024-01-11,Budget Lifestyle #113,Lifestyle,11108,926,124,9.23,48.02,260.9,70,10
VID00114,2024-01-11,Budget Travel Tips #114,Travel,17056,1758,67,8.03,63.94,2096.0,134,14
VID00115,2024-01-11,Budget Meals #115,Food,2365,215,26,6.97,51.57,233.9,52,16
VID00116,2024-01-12,Office Comedy #116,Comedy,4276,176,53,6.8,50.15,255.2,91,18
VID00117,2024-01-12,Day In My Life #117,Lifestyle,8371,232,95,6.73,72.69,487.9,55,18
VID00118,2024-01-12,Office Comedy #118,Comedy,17088,1370,237,13.69,77.98,2516.0,211,21
VID00119,2024-01-12,Budget Meals #119,Food,16572,466,124,6.06,56.99,547.3,357,20
VID00120,2024-01-12,Best Places to Visit #120,Travel,22169,739,158,7.91,63.17,929.2,219,22
VID00121,2024-01-12,Budget Travel Tips #121,Travel,6370,252,42,6.8,47.45,380.1,84,20
VID00122,2024-01-12,Tech Hacks #122,Tech,7910,552,18,6.5,65.98,774.2,123,8
VID00123,2024-01-12,Best Friend Problems #123,Comedy,7658,413,26,8.74,53.65,481.4,67,20
VID00124,2024-01-12,Cooking Tips #124,Food,16554,1474,212,4.79,57.42,1876.1,80,22
VID00125,2024-01-12,Personal Finance Tips #125,Finance,9601,394,74,12.15,65.9,1043.6,192,10
VID00126,2024-01-13,Credit Score Tips #126,Finance,6984,496,12,9.15,53.95,648.9,106,18
VID00127,2024-01-13,Productivity Tips #127,Education,32444,2718,93,5.24,56.65,752.7,665,20
VID00128,2024-01-13,Career Tips #128,Education,10089,736,77,10.4,67.49,331.5,34,19
VID00129,2024-01-13,Healthy Habits #129,Lifestyle,20492,2040,21,5.65,47.55,1105.2,263,18
VID00130,2024-01-13,Street Food Tour #130,Food,7572,609,65,8.04,60.13,903.3,29,23
VID00131,2024-01-13,Best Friend Problems #131,Comedy,4191,328,55,7.05,43.75,425.4,47,18
VID00132,2024-01-13,Laptop Buying Guide #132,Tech,14106,441,107,4.02,46.49,897.4,270,20
VID00133,2024-01-13,Gaming Highlights #133,Gaming,18088,1472,29,8.08,72.2,1387.2,395,10
VID00134,2024-01-13,Gaming Highlights #134,Gaming,49930,2733,67,3.17,80.9,5269.8,676,21
VID00135,2024-01-13,Best Apps #135,Tech,5899,428,21,7.49,79.06,403.1,70,20
VID00136,2024-01-13,Useful Tech Tips #136,Tech,30938,2948,423,7.5,54.95,1303.3,307,20
VID00137,2024-01-14,Hidden Places #137,Travel,7393,185,85,11.13,83.34,832.9,66,12
VID00138,2024-01-14,Interview Preparation #138,Education,80377,6458,563,12.56,56.46,6022.4,1390,20
VID00139,2024-01-14,Relatable College Life #139,Comedy,15244,796,182,9.98,53.08,529.2,182,18
VID00140,2024-01-14,Exam Preparation Guide #140,Education,5566,395,14,6.34,73.63,693.7,37,21
VID00141,2024-01-14,Budget Travel Tips #141,Travel,15526,1182,166,9.95,69.82,911.9,52,21
VID00142,2024-01-14,Learning Strategies #142,Education,7662,539,41,7.96,40.23,665.6,37,18
VID00143,2024-01-14,Productivity Tips #143,Education,14881,1333,105,7.47,68.63,1531.2,205,20
VID00144,2024-01-14,Office Comedy #144,Comedy,22970,2050,84,4.06,51.93,532.9,103,8
VID00145,2024-01-14,Money Mistakes #145,Finance,12857,417,58,5.65,54.15,1113.7,43,19
VID00146,2024-01-14,Relatable College Life #146,Comedy,3918,104,44,8.69,49.59,264.6,54,19
VID00147,2024-01-15,Laptop Buying Guide #147,Tech,9551,417,87,11.14,77.11,365.8,136,19
VID00148,2024-01-15,Money Mistakes #148,Finance,29572,1371,141,10.8,83.82,2094.5,711,18
VID00149,2024-01-15,Travel Mistakes #149,Travel,5174,309,65,5.46,78.93,777.0,81,21
VID00150,2024-01-15,Weekend Travel Vlog #150,Travel,11282,673,20,4.71,62.06,1226.4,243,19
VID00151,2024-01-15,Money Mistakes #151,Finance,6809,616,82,6.63,51.68,629.7,63,22
VID00152,2024-01-15,Parents Be Like #152,Comedy,2046,91,17,5.38,67.69,160.5,41,22
VID00153,2024-01-15,Easy Recipes #153,Food,1887,138,21,7.0,51.43,87.6,38,20
VID00154,2024-01-15,Relatable College Life #154,Comedy,8965,902,57,9.18,69.77,724.8,50,20
VID00155,2024-01-15,Gaming Highlights #155,Gaming,7333,376,28,7.5,53.92,773.7,102,10
VID00156,2024-01-15,Top Games #156,Gaming,1392,45,7,10.02,43.17,88.2,15,10
VID00157,2024-01-16,Best Settings #157,Gaming,62924,5199,675,2.86,50.52,2799.5,980,18
VID00158,2024-01-16,Phone Features You Missed #158,Tech,8942,673,112,13.7,76.43,1133.5,135,20
VID00159,2024-01-16,Best Restaurants #159,Food,9170,368,33,12.33,50.45,393.8,116,20
VID00160,2024-01-16,Relatable College Life #160,Comedy,6189,443,8,7.64,57.4,379.8,133,8
VID00161,2024-01-16,Office Comedy #161,Comedy,5851,496,7,5.7,37.4,358.1,67,8
VID00162,2024-01-16,Expectation vs Reality #162,Comedy,12908,825,32,11.63,60.17,451.2,236,12
VID00163,2024-01-16,Morning Routine #163,Lifestyle,61249,6555,74,8.65,47.68,2472.8,688,14
VID00164,2024-01-16,Best Restaurants #164,Food,21775,1660,303,8.67,53.31,2038.8,106,20
VID00165,2024-01-16,Game Challenge #165,Gaming,4683,464,46,10.03,48.3,174.2,87,8
VID00166,2024-01-16,Study Tips That Work #166,Education,21077,1786,126,8.33,74.04,1444.7,255,20
VID00167,2024-01-16,Money Mistakes #167,Finance,1724,70,18,8.28,69.22,76.7,41,19
VID00168,2024-01-17,Funny Family Moments #168,Comedy,3051,152,5,7.7,67.81,322.4,15,21
VID00169,2024-01-17,Investment Basics #169,Finance,13615,432,169,6.43,58.48,581.9,182,12
VID00170,2024-01-17,AI Tools #170,Tech,5252,564,66,7.42,67.25,241.0,94,20
VID00171,2024-01-17,Exam Preparation Guide #171,Education,33305,2641,300,10.63,63.27,1200.5,593,21
VID00172,2024-01-17,Weekend Travel Vlog #172,Travel,11668,916,39,9.44,64.89,1473.5,37,16
VID00173,2024-01-17,Easy Recipes #173,Food,5230,498,11,8.21,63.64,288.6,98,6
VID00174,2024-01-17,Parents Be Like #174,Comedy,12710,556,13,9.45,56.75,654.0,285,20
VID00175,2024-01-17,Exam Preparation Guide #175,Education,5817,160,71,7.62,74.85,327.2,143,20
VID00176,2024-01-17,Personal Finance Tips #176,Finance,9803,984,108,7.22,71.0,1573.6,79,20
VID00177,2024-01-17,Budget Planning #177,Finance,1883,110,21,7.89,63.03,105.5,14,20
VID00178,2024-01-18,Best Places to Visit #178,Travel,11189,586,93,5.51,62.05,546.2,229,18
VID00179,2024-01-18,Street Food Tour #179,Food,8759,228,103,11.59,68.96,1131.3,85,19
VID00180,2024-01-18,Office Comedy #180,Comedy,195392,11385,1701,5.45,62.71,15993.3,2219,12
VID00181,2024-01-18,Funny Family Moments #181,Comedy,38192,1166,353,4.8,58.47,2049.8,706,23
VID00182,2024-01-18,Study Tips That Work #182,Education,5662,249,54,7.09,78.84,522.9,121,19
VID00183,2024-01-18,Relatable College Life #183,Comedy,11883,595,152,7.61,63.89,832.7,148,14
VID00184,2024-01-18,Gaming Highlights #184,Gaming,5151,136,36,5.92,65.94,587.2,22,20
VID00185,2024-01-18,Budget Meals #185,Food,23296,860,132,8.44,59.22,1112.0,400,18
VID00186,2024-01-18,Relatable College Life #186,Comedy,10257,579,81,6.38,58.98,224.5,104,16
VID00187,2024-01-18,Best Friend Problems #187,Comedy,53019,3482,442,8.63,63.99,3429.4,192,22
VID00188,2024-01-18,Career Tips #188,Education,18292,517,88,10.28,77.35,2343.6,340,21
VID00189,2024-01-19,Best Restaurants #189,Food,9814,690,113,7.87,53.74,849.5,56,6
VID00190,2024-01-19,Hidden Places #190,Travel,21275,877,223,8.31,41.61,1229.7,347,20
VID00191,2024-01-19,Budget Planning #191,Finance,51186,1905,114,6.87,69.37,5666.8,1162,22
VID00192,2024-01-19,Study Tips That Work #192,Education,2512,208,17,9.1,73.35,175.4,14,21
VID00193,2024-01-19,Expectation vs Reality #193,Comedy,6306,242,68,2.56,64.85,582.6,74,14
VID00194,2024-01-19,Relatable College Life #194,Comedy,8320,514,89,4.19,54.82,749.5,60,21
VID00195,2024-01-19,Budget Meals #195,Food,10605,796,145,4.76,61.63,738.5,77,6
VID00196,2024-01-19,Best Apps #196,Tech,13272,542,70,7.77,44.36,1115.2,168,14
VID00197,2024-01-19,Expectation vs Reality #197,Comedy,6555,636,90,9.5,64.93,574.5,107,20
VID00198,2024-01-19,Relatable College Life #198,Comedy,13575,1225,97,7.78,63.3,476.1,98,23
VID00199,2024-01-20,Interview Preparation #199,Education,14773,413,21,5.48,46.18,263.6,296,20
VID00200,2024-01-20,Relatable College Life #200,Comedy,2736,286,32,7.68,68.54,371.6,27,16
VID00201,2024-01-20,Career Tips #201,Education,2775,202,31,6.33,51.32,127.0,9,6
VID00202,2024-01-20,Credit Score Tips #202,Finance,7384,416,89,9.49,55.6,505.7,74,22
VID00203,2024-01-20,Funny Family Moments #203,Comedy,8451,268,28,7.11,63.15,748.6,25,12
VID00204,2024-01-20,Funny Family Moments #204,Comedy,15167,1419,146,7.67,53.44,798.9,42,18
VID00205,2024-01-20,Funny Family Moments #205,Comedy,1895,166,4,7.66,67.14,152.6,44,19
VID00206,2024-01-20,Easy Recipes #206,Food,22978,1511,233,7.85,57.86,1433.6,100,12
VID00207,2024-01-20,Personal Finance Tips #207,Finance,5098,326,9,9.83,75.75,372.4,60,20
VID00208,2024-01-20,Office Comedy #208,Comedy,5691,553,41,5.15,80.57,730.6,33,8
VID00209,2024-01-21,Best Settings #209,Gaming,3003,146,41,9.56,66.45,374.0,61,21
VID00210,2024-01-21,Saving Money #210,Finance,1288,47,10,10.4,67.24,66.8,16,20
VID00211,2024-01-21,Budget Travel Tips #211,Travel,10229,935,105,8.73,40.55,227.9,198,22
VID00212,2024-01-21,Useful Tech Tips #212,Tech,6025,284,69,10.06,53.53,229.0,120,19
VID00213,2024-01-21,Laptop Buying Guide #213,Tech,1774,93,9,10.55,60.56,74.5,21,18
VID00214,2024-01-21,Interview Preparation #214,Education,22630,710,39,5.06,51.27,2129.9,238,23
VID00215,2024-01-21,Expectation vs Reality #215,Comedy,4702,395,64,2.16,58.14,478.7,37,20
VID00216,2024-01-21,Budget Lifestyle #216,Lifestyle,12210,312,160,6.05,78.99,341.9,66,10
VID00217,2024-01-21,Weekend Vlog #217,Lifestyle,7582,476,97,10.51,56.99,341.9,100,20
VID00218,2024-01-21,Day In My Life #218,Lifestyle,20627,1413,257,6.46,71.43,1517.1,247,18
VID00219,2024-01-21,Expectation vs Reality #219,Comedy,10875,910,103,8.41,81.55,987.0,162,21
VID00220,2024-01-22,Learning Strategies #220,Education,2545,144,34,10.75,78.02,315.1,58,18
VID00221,2024-01-22,Career Tips #221,Education,9556,713,79,10.94,48.59,274.7,91,21
VID00222,2024-01-22,Budget Planning #222,Finance,23812,737,306,11.57,61.56,938.9,424,21
VID00223,2024-01-22,Beginner Guide #223,Gaming,4920,161,64,8.64,66.59,321.7,37,19
VID00224,2024-01-22,Travel Mistakes #224,Travel,2770,82,9,5.25,49.41,211.7,23,19
VID00225,2024-01-22,Productivity Tips #225,Education,50709,3799,589,10.4,48.63,3644.8,873,20
VID00226,2024-01-22,Relatable College Life #226,Comedy,9694,1014,72,7.57,56.7,781.7,51,16
VID00227,2024-01-22,Morning Routine #227,Lifestyle,6664,452,78,4.56,63.91,964.8,34,10
VID00228,2024-01-22,Beginner Guide #228,Gaming,17737,453,164,8.96,78.47,658.0,260,23
VID00229,2024-01-22,Best Apps #229,Tech,21345,1945,262,9.8,53.23,2347.6,93,16
VID00230,2024-01-23,AI Tools #230,Tech,27552,2792,135,10.62,57.32,2702.7,228,18
VID00231,2024-01-23,Gaming Tips #231,Gaming,12929,1065,19,8.62,61.08,372.7,265,19
VID00232,2024-01-23,Office Comedy #232,Comedy,78262,8279,949,7.44,45.98,5897.8,1369,19
VID00233,2024-01-23,Office Comedy #233,Comedy,45268,1135,195,7.25,46.41,2605.9,124,22
VID00234,2024-01-23,Travel Guide #234,Travel,7104,769,56,8.46,66.64,862.8,33,16
VID00235,2024-01-23,Day In My Life #235,Lifestyle,24522,1171,140,7.0,59.44,2428.3,304,12
VID00236,2024-01-23,Laptop Buying Guide #236,Tech,10037,492,42,5.23,73.62,1386.8,105,20
VID00237,2024-01-23,Expectation vs Reality #237,Comedy,15008,1633,162,5.38,54.73,1403.3,333,19
VID00238,2024-01-23,Phone Features You Missed #238,Tech,2983,284,25,5.4,64.32,176.4,8,19
VID00239,2024-01-23,Phone Features You Missed #239,Tech,631,51,1,9.14,78.43,95.8,5,12
VID00240,2024-01-23,Best Places to Visit #240,Travel,4482,302,41,6.18,66.58,110.1,87,23
VID00241,2024-01-24,Travel Guide #241,Travel,1984,149,9,7.25,75.78,54.8,12,20
VID00242,2024-01-24,Career Tips #242,Education,5295,514,64,9.66,68.92,522.0,114,14
VID00243,2024-01-24,Beginner Guide #243,Gaming,12317,802,93,7.2,60.19,1144.0,218,19
VID00244,2024-01-24,Laptop Buying Guide #244,Tech,18557,1254,88,6.43,59.45,1172.7,208,22
VID00245,2024-01-24,Best Apps #245,Tech,4146,138,11,7.78,52.79,377.7,35,20
VID00246,2024-01-24,Learning Strategies #246,Education,27337,1562,365,9.36,67.76,2231.5,587,10
VID00247,2024-01-24,Learning Strategies #247,Education,3996,162,43,6.32,58.99,84.2,58,22
VID00248,2024-01-24,Gaming Highlights #248,Gaming,20210,885,155,8.39,67.66,1366.9,321,20
VID00249,2024-01-24,Best Friend Problems #249,Comedy,42217,2824,341,5.59,57.24,1716.9,284,22
VID00250,2024-01-24,Budget Meals #250,Food,1328,59,16,5.69,64.53,143.6,20,10
VID00251,2024-01-25,Productivity Tips #251,Education,7787,709,106,7.51,58.37,657.4,106,12
VID00252,2024-01-25,Office Comedy #252,Comedy,22396,585,309,11.08,62.24,709.1,234,21
VID00253,2024-01-25,Travel Guide #253,Travel,17448,714,242,6.99,67.24,1285.0,127,23
VID00254,2024-01-25,Top Games #254,Gaming,11557,754,35,6.07,48.33,936.8,99,22
VID00255,2024-01-25,Personal Finance Tips #255,Finance,3893,330,29,7.85,55.56,346.4,60,18
VID00256,2024-01-25,Interview Preparation #256,Education,4597,277,34,7.06,73.49,238.3,103,21
VID00257,2024-01-25,Budget Lifestyle #257,Lifestyle,11853,391,94,8.36,77.81,1431.4,239,6
VID00258,2024-01-25,Budget Planning #258,Finance,5257,327,59,8.02,52.74,273.6,47,22
VID00259,2024-01-25,Healthy Habits #259,Lifestyle,21126,779,209,10.55,54.3,1446.3,155,22
VID00260,2024-01-25,Budget Planning #260,Finance,18868,876,192,6.49,61.54,1626.5,174,18
VID00261,2024-01-26,Useful Tech Tips #261,Tech,4682,365,15,9.66,62.11,441.0,107,18
VID00262,2024-01-26,Street Food Tour #262,Food,140459,10857,660,7.52,74.16,7472.1,3317,19
VID00263,2024-01-26,Best Friend Problems #263,Comedy,10965,406,62,7.73,58.58,995.4,136,20
VID00264,2024-01-26,Money Mistakes #264,Finance,9951,364,67,7.94,86.11,1044.5,52,14
VID00265,2024-01-26,Study Tips That Work #265,Education,10144,465,45,6.74,72.64,644.4,181,21
VID00266,2024-01-26,Funny Family Moments #266,Comedy,5124,226,31,3.91,70.95,789.5,24,10
VID00267,2024-01-26,Career Tips #267,Education,15878,910,55,8.3,53.15,1449.0,46,19
VID00268,2024-01-26,Best Apps #268,Tech,15901,446,141,5.22,50.56,434.7,233,20
VID00269,2024-01-26,Healthy Habits #269,Lifestyle,4022,367,21,10.77,67.82,200.3,57,10
VID00270,2024-01-26,Daily Routine #270,Lifestyle,6040,385,66,9.55,72.02,431.2,33,22
VID00271,2024-01-26,Top Games #271,Gaming,11649,308,26,8.58,60.17,628.2,152,21
VID00272,2024-01-27,Weekend Travel Vlog #272,Travel,35353,2657,116,10.41,62.51,4224.6,736,10
VID00273,2024-01-27,Morning Routine #273,Lifestyle,96516,2967,725,8.74,66.56,7166.7,1422,23
VID00274,2024-01-27,AI Tools #274,Tech,5636,508,27,10.39,58.23,207.6,60,6
VID00275,2024-01-27,Parents Be Like #275,Comedy,4443,219,23,9.71,46.7,123.9,58,18
VID00276,2024-01-27,Tech Hacks #276,Tech,36507,2232,472,9.52,58.53,2539.5,446,20
VID00277,2024-01-27,Career Tips #277,Education,4913,261,28,8.84,51.18,619.3,79,20
VID00278,2024-01-27,Easy Recipes #278,Food,4412,141,13,8.52,58.96,239.5,34,21
VID00279,2024-01-27,Office Comedy #279,Comedy,8025,434,35,4.55,64.82,218.6,132,21
VID00280,2024-01-27,Cooking Tips #280,Food,6083,491,30,4.64,37.98,387.1,62,20
VID00281,2024-01-27,Healthy Habits #281,Lifestyle,41862,3106,315,10.54,40.52,791.7,593,20
VID00282,2024-01-28,Productivity Tips #282,Education,28990,1707,116,3.8,74.89,2267.8,527,14
VID00283,2024-01-28,AI Tools #283,Tech,16250,597,217,6.82,47.03,780.4,135,16
VID00284,2024-01-28,Weekend Vlog #284,Lifestyle,8293,411,61,6.98,77.86,489.3,134,20
VID00285,2024-01-28,Food Review #285,Food,13433,1079,76,6.88,40.9,1024.4,51,23
VID00286,2024-01-28,Best Friend Problems #286,Comedy,45943,4378,123,4.48,48.24,3809.7,939,14
VID00287,2024-01-28,Weekend Vlog #287,Lifestyle,23695,2137,144,7.23,54.69,2302.1,487,20
VID00288,2024-01-28,Exam Preparation Guide #288,Education,6219,592,73,6.89,63.73,538.4,19,8
VID00289,2024-01-28,Travel Mistakes #289,Travel,24129,869,183,6.79,83.42,683.0,254,20
VID00290,2024-01-28,Office Comedy #290,Comedy,7625,575,15,6.99,69.38,888.9,180,14
VID00291,2024-01-28,Parents Be Like #291,Comedy,20792,1029,114,10.96,65.31,1598.6,441,18
VID00292,2024-01-28,Useful Tech Tips #292,Tech,13113,1431,138,10.12,54.5,967.0,61,23
VID00293,2024-01-29,Budget Planning #293,Finance,88845,4598,1232,8.64,63.41,9768.4,1877,22
VID00294,2024-01-29,Credit Score Tips #294,Finance,15658,1056,135,9.97,48.57,1347.2,61,12
VID00295,2024-01-29,Morning Routine #295,Lifestyle,45638,4708,633,10.03,59.7,3820.9,174,14
VID00296,2024-01-29,Food Review #296,Food,8192,716,18,8.17,44.51,864.7,138,10
VID00297,2024-01-29,Productivity Tips #297,Education,1938,206,24,12.89,61.65,132.3,34,20
VID00298,2024-01-29,Travel Guide #298,Travel,8890,753,118,12.73,75.18,1115.3,95,18
VID00299,2024-01-29,Top Games #299,Gaming,5155,539,21,9.22,83.79,1018.6,31,19
VID00300,2024-01-29,Relatable College Life #300,Comedy,7970,655,25,9.9,57.47,440.2,143,20
VID00301,2024-01-29,Weekend Travel Vlog #301,Travel,19343,1972,159,7.82,63.57,2025.3,441,23
VID00302,2024-01-29,Best Settings #302,Gaming,20690,1599,51,10.74,77.45,1002.8,187,22
VID00303,2024-01-30,Saving Money #303,Finance,1417,69,2,7.16,80.88,64.5,5,21
VID00304,2024-01-30,Game Challenge #304,Gaming,52309,4570,502,7.45,69.21,1819.1,311,20
VID00305,2024-01-30,Parents Be Like #305,Comedy,7018,743,63,5.75,60.6,461.4,116,16
VID00306,2024-01-30,Saving Money #306,Finance,2570,222,15,8.81,57.47,322.7,21,18
VID00307,2024-01-30,Best Settings #307,Gaming,56526,2940,288,10.42,61.76,3580.9,288,20
VID00308,2024-01-30,Gaming Highlights #308,Gaming,4613,283,44,8.5,76.67,373.4,114,19
VID00309,2024-01-30,Weekend Travel Vlog #309,Travel,11070,403,91,10.02,42.77,344.2,89,23
VID00310,2024-01-30,Learning Strategies #310,Education,7984,738,38,5.87,88.09,1032.1,147,12
VID00311,2024-01-30,Personal Finance Tips #311,Finance,3103,147,34,6.14,66.91,293.6,12,19
VID00312,2024-01-30,Phone Features You Missed #312,Tech,93763,5470,188,9.27,56.66,5621.1,1174,16
VID00313,2024-01-31,Office Comedy #313,Comedy,6836,616,86,7.85,54.83,457.1,108,16
VID00314,2024-01-31,Travel Guide #314,Travel,6954,251,74,8.91,45.69,177.5,127,18
VID00315,2024-01-31,Funny Family Moments #315,Comedy,5312,147,44,10.71,61.23,489.2,60,16
VID00316,2024-01-31,Relatable College Life #316,Comedy,16621,1460,37,6.44,71.52,1524.8,320,20
VID00317,2024-01-31,Best Places to Visit #317,Travel,95308,3311,784,8.43,67.57,14035.2,1452,19
VID00318,2024-01-31,Best Friend Problems #318,Comedy,5593,274,39,9.66,50.76,582.3,89,14
VID00319,2024-01-31,Career Tips #319,Education,3360,197,40,5.41,72.96,315.6,64,18
VID00320,2024-01-31,Best Places to Visit #320,Travel,18290,766,42,10.03,65.5,2391.7,331,14
VID00321,2024-01-31,Saving Money #321,Finance,3588,250,21,9.44,50.27,150.3,49,19
VID00322,2024-01-31,Day In My Life #322,Lifestyle,35543,2200,345,7.15,44.24,1293.3,543,19
VID00323,2024-01-31,Funny Family Moments #323,Comedy,3161,317,7,6.35,39.55,248.4,52,19
VID00324,2024-02-01,Office Comedy #324,Comedy,9623,359,9,6.32,63.43,763.1,133,22
VID00325,2024-02-01,Top Games #325,Gaming,4085,426,5,7.08,84.92,808.6,79,20
VID00326,2024-02-01,Morning Routine #326,Lifestyle,69966,4022,771,13.35,70.66,6621.0,1548,14
VID00327,2024-02-01,Gaming Tips #327,Gaming,8342,735,101,6.65,64.08,303.7,156,6
VID00328,2024-02-01,Travel Mistakes #328,Travel,8269,255,105,8.91,62.46,784.9,54,18
VID00329,2024-02-01,Best Places to Visit #329,Travel,6205,234,18,9.32,56.96,504.7,107,21
VID00330,2024-02-01,Budget Lifestyle #330,Lifestyle,56340,2901,559,7.32,54.09,3530.3,527,21
VID00331,2024-02-01,Hidden Places #331,Travel,8999,493,69,9.27,69.7,1024.4,129,18
VID00332,2024-02-01,Budget Planning #332,Finance,5901,316,39,10.37,69.36,695.4,129,19
VID00333,2024-02-01,Best Places to Visit #333,Travel,1648,77,8,7.88,74.55,78.8,12,21
VID00334,2024-02-02,Investment Basics #334,Finance,34648,1066,150,5.88,59.66,3600.8,733,12
VID00335,2024-02-02,Tech Hacks #335,Tech,9645,922,37,6.07,53.05,285.7,191,22
VID00336,2024-02-02,Game Challenge #336,Gaming,34471,1578,61,5.92,65.33,2052.0,301,18
VID00337,2024-02-02,Best Friend Problems #337,Comedy,18925,1290,128,9.21,58.76,752.0,119,19
VID00338,2024-02-02,Best Restaurants #338,Food,34738,1133,197,6.89,58.1,3936.8,518,14
VID00339,2024-02-02,Interview Preparation #339,Education,19630,555,149,8.29,59.12,885.1,52,10
VID00340,2024-02-02,Best Friend Problems #340,Comedy,3429,377,9,7.88,53.51,158.1,67,20
VID00341,2024-02-02,Best Friend Problems #341,Comedy,6629,483,88,8.7,69.47,610.3,74,20
VID00342,2024-02-02,Budget Travel Tips #342,Travel,30851,2701,238,6.8,67.25,775.8,476,22
VID00343,2024-02-02,Budget Travel Tips #343,Travel,20465,2178,150,10.36,75.49,1546.8,357,14
VID00344,2024-02-02,Budget Meals #344,Food,7384,356,90,8.42,66.08,316.6,99,19
VID00345,2024-02-03,Useful Tech Tips #345,Tech,54339,3282,123,10.38,70.32,8637.2,689,21
VID00346,2024-02-03,Morning Routine #346,Lifestyle,12778,435,107,7.82,56.21,1382.7,140,12
VID00347,2024-02-03,Exam Preparation Guide #347,Education,3896,157,47,6.27,77.53,635.5,76,12
VID00348,2024-02-03,Relatable College Life #348,Comedy,13165,818,49,8.76,78.97,1954.0,142,16
VID00349,2024-02-03,Investment Basics #349,Finance,1191,128,5,10.98,51.33,119.2,15,16
VID00350,2024-02-03,Budget Lifestyle #350,Lifestyle,18843,1110,170,6.74,73.51,1994.7,132,21
VID00351,2024-02-03,Funny Family Moments #351,Comedy,8438,361,59,6.75,61.78,462.7,111,21
VID00352,2024-02-03,Parents Be Like #352,Comedy,52175,4895,182,7.75,75.12,7869.8,730,16
VID00353,2024-02-03,Weekend Vlog #353,Lifestyle,17090,1277,235,7.62,66.33,783.8,68,21
VID00354,2024-02-03,Daily Routine #354,Lifestyle,14538,496,202,6.35,66.83,677.7,138,22
VID00355,2024-02-04,Best Apps #355,Tech,9558,1034,49,8.84,52.44,491.3,131,16
VID00356,2024-02-04,Laptop Buying Guide #356,Tech,6786,615,52,5.9,56.32,636.6,130,10
VID00357,2024-02-04,Budget Lifestyle #357,Lifestyle,18077,913,91,9.02,49.54,1122.8,116,20
VID00358,2024-02-04,Gaming Highlights #358,Gaming,21337,586,73,7.28,65.65,2306.8,377,10
VID00359,2024-02-04,Morning Routine #359,Lifestyle,2145,101,27,8.99,77.48,279.6,50,10
VID00360,2024-02-04,Credit Score Tips #360,Finance,25145,1302,104,6.07,71.9,1438.5,112,21
VID00361,2024-02-04,Career Tips #361,Education,12221,1105,38,9.64,66.97,403.3,261,20
VID00362,2024-02-04,Day In My Life #362,Lifestyle,22574,1217,26,9.64,59.57,1109.4,159,10
VID00363,2024-02-04,Office Comedy #363,Comedy,7591,714,88,8.13,56.83,869.7,51,19
VID00364,2024-02-04,Weekend Vlog #364,Lifestyle,26150,904,233,8.69,62.36,1088.6,534,6
VID00365,2024-02-05,Morning Routine #365,Lifestyle,18580,939,60,5.03,56.04,1630.3,358,18
VID00366,2024-02-05,Day In My Life #366,Lifestyle,16684,785,127,7.6,56.88,1767.0,120,20
VID00367,2024-02-05,Office Comedy #367,Comedy,25681,1596,232,6.38,56.98,1855.8,414,20
VID00368,2024-02-05,Budget Lifestyle #368,Lifestyle,17866,1467,247,8.12,60.72,510.7,219,23
VID00369,2024-02-05,Weekend Vlog #369,Lifestyle,42881,2094,525,11.9,39.67,1062.6,879,19
VID00370,2024-02-05,Personal Finance Tips #370,Finance,2753,116,26,7.44,61.17,116.6,26,18
VID00371,2024-02-05,Saving Money #371,Finance,8324,818,39,7.32,35.11,322.1,96,20
VID00372,2024-02-05,AI Tools #372,Tech,13364,1190,86,7.5,63.45,1571.9,209,22
VID00373,2024-02-05,Productivity Tips #373,Education,25634,1079,339,10.07,70.2,2166.6,543,20
VID00374,2024-02-05,Useful Tech Tips #374,Tech,41140,3377,191,8.87,73.86,5665.9,850,21
VID00375,2024-02-05,Parents Be Like #375,Comedy,23557,2373,174,9.71,75.74,2521.5,86,14
VID00376,2024-02-06,Budget Meals #376,Food,3013,170,20,8.32,42.91,242.5,27,20
VID00377,2024-02-06,Interview Preparation #377,Education,7634,192,74,8.97,32.04,314.2,126,19
VID00378,2024-02-06,Budget Planning #378,Finance,11875,310,92,8.37,70.88,1114.2,215,23
VID00379,2024-02-06,Daily Routine #379,Lifestyle,46579,2204,337,6.82,63.83,1788.1,637,19
VID00380,2024-02-06,Exam Preparation Guide #380,Education,767,79,7,2.84,55.88,91.1,16,19
VID00381,2024-02-06,Morning Routine #381,Lifestyle,10294,972,140,5.52,55.04,344.9,83,8
VID00382,2024-02-06,Cooking Tips #382,Food,5001,496,33,11.06,59.41,180.8,98,22
VID00383,2024-02-06,Game Challenge #383,Gaming,9427,674,128,6.44,52.96,415.9,61,23
VID00384,2024-02-06,Saving Money #384,Finance,5380,458,18,4.04,77.24,568.7,101,16
VID00385,2024-02-06,Useful Tech Tips #385,Tech,5600,580,18,7.17,49.2,317.6,37,21
VID00386,2024-02-07,Interview Preparation #386,Education,23020,750,284,8.37,49.6,847.6,246,21
VID00387,2024-02-07,Learning Strategies #387,Education,2325,161,3,8.45,61.3,277.8,35,20
VID00388,2024-02-07,Game Challenge #388,Gaming,5054,128,67,4.95,61.3,309.5,59,12
VID00389,2024-02-07,Budget Meals #389,Food,6084,298,23,9.37,65.75,326.4,64,19
VID00390,2024-02-07,Hidden Places #390,Travel,16233,1566,94,9.84,54.17,892.0,280,18
VID00391,2024-02-07,Personal Finance Tips #391,Finance,15240,1185,76,5.8,88.07,2149.7,194,20
VID00392,2024-02-07,AI Tools #392,Tech,37798,2766,293,8.34,50.19,1441.7,824,22
VID00393,2024-02-07,Office Comedy #393,Comedy,9366,318,130,4.5,60.94,958.7,45,20
VID00394,2024-02-07,Laptop Buying Guide #394,Tech,1106,55,13,4.98,86.67,57.7,20,14
VID00395,2024-02-07,Useful Tech Tips #395,Tech,958,76,7,12.2,56.01,22.3,5,21
VID00396,2024-02-08,Expectation vs Reality #396,Comedy,7344,518,66,4.55,44.51,247.7,152,22
VID00397,2024-02-08,Laptop Buying Guide #397,Tech,8441,626,55,5.0,69.1,615.5,167,19
VID00398,2024-02-08,Exam Preparation Guide #398,Education,11157,1070,115,9.94,45.86,993.3,232,18
VID00399,2024-02-08,Budget Planning #399,Finance,47799,2332,185,8.28,81.26,6657.8,991,20
VID00400,2024-02-08,Budget Meals #400,Food,3372,161,42,9.76,80.92,582.7,59,22
VID00401,2024-02-08,Best Restaurants #401,Food,775,61,8,9.12,74.98,106.3,17,23
VID00402,2024-02-08,Best Places to Visit #402,Travel,11636,832,44,8.89,73.87,523.7,222,21
VID00403,2024-02-08,Top Games #403,Gaming,6679,522,82,8.9,90.0,892.6,81,20
VID00404,2024-02-08,Cooking Tips #404,Food,2462,172,29,10.86,44.63,86.9,50,19
VID00405,2024-02-08,Best Places to Visit #405,Travel,24115,2353,210,9.33,48.05,1103.4,470,16
VID00406,2024-02-08,Parents Be Like #406,Comedy,17974,1145,46,9.45,66.32,1737.4,159,10
VID00407,2024-02-09,Interview Preparation #407,Education,9482,748,67,11.16,54.92,608.3,193,20
VID00408,2024-02-09,Study Tips That Work #408,Education,11519,1187,122,7.64,63.48,556.9,99,20
VID00409,2024-02-09,Study Tips That Work #409,Education,40686,1319,282,7.5,86.09,4121.1,471,22
VID00410,2024-02-09,Money Mistakes #410,Finance,4067,271,21,10.96,69.79,237.5,30,23
VID00411,2024-02-09,Personal Finance Tips #411,Finance,3279,320,44,8.48,73.78,297.3,55,23
VID00412,2024-02-09,Weekend Travel Vlog #412,Travel,6255,518,84,7.64,44.27,431.9,98,12
VID00413,2024-02-09,Best Friend Problems #413,Comedy,3439,100,21,9.88,50.61,325.6,46,18
VID00414,2024-02-09,Beginner Guide #414,Gaming,17505,854,50,4.55,69.19,1320.5,53,20
VID00415,2024-02-09,Useful Tech Tips #415,Tech,89665,6559,771,6.75,73.45,3413.2,672,20
VID00416,2024-02-09,Budget Travel Tips #416,Travel,4410,391,23,5.71,69.04,341.2,32,20
VID00417,2024-02-10,Office Comedy #417,Comedy,28787,1368,74,10.32,52.51,2948.6,612,12
VID00418,2024-02-10,Budget Meals #418,Food,2413,126,10,8.77,31.16,149.0,19,20
VID00419,2024-02-10,Food Review #419,Food,19683,1706,179,4.64,55.75,1308.3,108,19
VID00420,2024-02-10,Best Friend Problems #420,Comedy,13776,1500,188,7.85,59.73,855.5,197,22
VID00421,2024-02-10,Productivity Tips #421,Education,8610,935,21,8.07,59.32,445.9,75,20
VID00422,2024-02-10,Healthy Habits #422,Lifestyle,6027,416,38,9.58,56.08,456.9,60,18
VID00423,2024-02-10,Investment Basics #423,Finance,1378,107,17,9.39,57.58,86.4,22,19
VID00424,2024-02-10,Cooking Tips #424,Food,785,74,3,7.97,80.23,95.9,8,20
VID00425,2024-02-10,Parents Be Like #425,Comedy,5647,174,6,12.23,73.86,722.5,35,21
VID00426,2024-02-10,Exam Preparation Guide #426,Education,25403,1136,144,5.1,65.19,2590.7,81,14
VID00427,2024-02-10,Funny Family Moments #427,Comedy,5175,287,17,8.59,59.71,293.5,69,18
VID00428,2024-02-11,Budget Lifestyle #428,Lifestyle,3861,400,21,8.71,73.98,505.6,90,6
VID00429,2024-02-11,Exam Preparation Guide #429,Education,42694,4439,500,9.11,40.25,3110.7,450,12
VID00430,2024-02-11,AI Tools #430,Tech,14195,926,104,6.76,60.33,660.5,327,16
VID00431,2024-02-11,Best Places to Visit #431,Travel,30907,1924,410,5.53,48.32,716.4,175,20
VID00432,2024-02-11,Useful Tech Tips #432,Tech,17206,1332,156,11.83,66.49,775.3,392,12
VID00433,2024-02-11,Expectation vs Reality #433,Comedy,24287,889,237,7.67,64.56,3175.7,542,19
VID00434,2024-02-11,Office Comedy #434,Comedy,2364,218,5,10.01,54.24,47.4,11,20
VID00435,2024-02-11,Useful Tech Tips #435,Tech,8519,302,42,7.66,51.64,250.7,108,18
VID00436,2024-02-11,Travel Mistakes #436,Travel,3130,157,35,10.97,68.72,147.3,17,18
VID00437,2024-02-11,Exam Preparation Guide #437,Education,6820,194,14,5.54,65.2,582.3,56,22
VID00438,2024-02-12,Gaming Tips #438,Gaming,4108,214,34,8.59,69.08,230.0,18,21
VID00439,2024-02-12,Travel Mistakes #439,Travel,31330,1971,252,5.77,51.09,3470.1,138,20
VID00440,2024-02-12,Day In My Life #440,Lifestyle,5231,265,38,10.85,55.36,145.5,94,22
VID00441,2024-02-12,Game Challenge #441,Gaming,14856,767,205,6.47,48.97,524.5,229,12
VID00442,2024-02-12,Tech Hacks #442,Tech,21364,1278,87,9.33,55.67,992.5,215,22
VID00443,2024-02-12,Cooking Tips #443,Food,23312,966,146,7.28,63.39,3506.3,175,10
VID00444,2024-02-12,Useful Tech Tips #444,Tech,11020,1057,72,9.37,66.6,1492.0,239,19
VID00445,2024-02-12,Interview Preparation #445,Education,3564,217,36,10.5,70.45,378.3,28,23
VID00446,2024-02-12,Parents Be Like #446,Comedy,5958,167,65,8.94,72.67,1050.8,123,16
VID00447,2024-02-12,Expectation vs Reality #447,Comedy,25750,1244,163,11.66,49.88,1551.4,256,21
VID00448,2024-02-13,Easy Recipes #448,Food,12865,651,159,12.2,49.48,1288.8,122,20
VID00449,2024-02-13,Saving Money #449,Finance,2343,92,25,10.93,71.58,94.4,42,8
VID00450,2024-02-13,Food Review #450,Food,10654,637,52,5.37,72.66,349.1,101,18
VID00451,2024-02-13,Parents Be Like #451,Comedy,9529,986,91,6.51,70.84,459.6,117,6
VID00452,2024-02-13,Weekend Travel Vlog #452,Travel,1976,208,20,4.77,58.65,186.3,11,12
VID00453,2024-02-13,Gaming Highlights #453,Gaming,18576,738,226,4.33,79.14,1040.9,165,19
VID00454,2024-02-13,Game Challenge #454,Gaming,16572,1456,166,5.84,90.0,1518.7,359,12
VID00455,2024-02-13,Day In My Life #455,Lifestyle,13792,1169,86,5.0,47.66,1167.2,215,16
VID00456,2024-02-13,Best Friend Problems #456,Comedy,1024,106,14,7.95,67.56,38.7,5,14
VID00457,2024-02-13,Phone Features You Missed #457,Tech,80245,7270,723,3.4,57.72,4174.5,1139,18
VID00458,2024-02-13,Hidden Places #458,Travel,13137,580,22,8.38,54.2,1100.4,109,23
VID00459,2024-02-14,Street Food Tour #459,Food,11731,819,23,8.72,73.23,1784.2,260,21
VID00460,2024-02-14,Gaming Highlights #460,Gaming,26543,780,136,6.58,54.89,2287.9,94,20
VID00461,2024-02-14,Budget Lifestyle #461,Lifestyle,49144,1710,407,6.45,53.31,5228.7,402,14
VID00462,2024-02-14,Credit Score Tips #462,Finance,15626,922,214,8.45,63.48,420.1,48,14
VID00463,2024-02-14,Hidden Places #463,Travel,14401,1157,47,10.1,83.69,2399.7,162,10
VID00464,2024-02-14,Funny Family Moments #464,Comedy,26092,2835,155,6.76,59.56,1367.5,475,19
VID00465,2024-02-14,Learning Strategies #465,Education,2517,224,18,6.02,63.44,273.8,36,20
VID00466,2024-02-14,Study Tips That Work #466,Education,49733,3512,223,6.97,49.16,1879.4,1088,10
VID00467,2024-02-14,Weekend Vlog #467,Lifestyle,6074,195,59,7.82,70.43,830.7,79,12
VID00468,2024-02-14,Healthy Habits #468,Lifestyle,4316,301,52,8.24,77.92,367.3,73,6
VID00469,2024-02-15,Office Comedy #469,Comedy,12478,1230,10,6.57,67.34,1118.4,210,19
VID00470,2024-02-15,Study Tips That Work #470,Education,10135,647,137,9.98,60.38,293.9,79,19
VID00471,2024-02-15,Budget Lifestyle #471,Lifestyle,6983,572,29,6.77,58.67,652.0,104,22
VID00472,2024-02-15,Learning Strategies #472,Education,3072,251,28,9.17,56.62,263.1,39,8
VID00473,2024-02-15,Best Settings #473,Gaming,26688,1330,338,6.77,70.05,2185.3,492,23
VID00474,2024-02-15,Best Friend Problems #474,Comedy,32745,2007,386,5.47,63.56,2787.3,466,10
VID00475,2024-02-15,Travel Mistakes #475,Travel,3382,350,34,6.92,69.15,239.6,67,18
VID00476,2024-02-15,Easy Recipes #476,Food,2568,245,3,6.64,58.35,151.0,57,22
VID00477,2024-02-15,Laptop Buying Guide #477,Tech,5945,242,37,6.88,70.36,467.8,114,14
VID00478,2024-02-15,Credit Score Tips #478,Finance,11081,927,65,5.76,63.35,388.2,145,19
VID00479,2024-02-15,Food Review #479,Food,2022,61,6,8.86,75.79,198.9,40,19
VID00480,2024-02-16,Expectation vs Reality #480,Comedy,8599,801,34,7.5,66.92,367.6,182,20
VID00481,2024-02-16,Best Friend Problems #481,Comedy,11401,1070,59,9.1,76.7,1244.7,89,20
VID00482,2024-02-16,Tech Hacks #482,Tech,37241,989,287,11.31,59.05,3291.0,606,12
VID00483,2024-02-16,Budget Lifestyle #483,Lifestyle,5993,166,18,10.91,66.71,190.4,98,10
VID00484,2024-02-16,Expectation vs Reality #484,Comedy,26984,2518,225,13.24,61.22,2863.2,503,19
VID00485,2024-02-16,Funny Family Moments #485,Comedy,19589,1450,139,8.58,48.97,761.4,376,14
VID00486,2024-02-16,Career Tips #486,Education,2988,87,3,7.03,55.2,255.3,19,10
VID00487,2024-02-16,Gaming Highlights #487,Gaming,46082,4182,620,10.0,62.73,2446.3,416,14
VID00488,2024-02-16,Weekend Vlog #488,Lifestyle,3398,258,45,11.35,61.94,231.1,61,21
VID00489,2024-02-16,Gaming Tips #489,Gaming,23394,2570,228,9.0,85.35,1009.3,179,18
VID00490,2024-02-17,Best Settings #490,Gaming,4095,112,4,11.48,64.59,328.0,52,21
VID00491,2024-02-17,Food Review #491,Food,27745,1852,29,10.93,52.66,1410.5,170,20
VID00492,2024-02-17,Budget Lifestyle #492,Lifestyle,4672,423,31,10.0,48.69,153.5,33,22
VID00493,2024-02-17,Budget Lifestyle #493,Lifestyle,132892,8000,1250,7.25,47.51,10644.1,1535,14
VID00494,2024-02-17,Gaming Tips #494,Gaming,9204,1008,25,12.89,42.97,609.8,117,19
VID00495,2024-02-17,Weekend Vlog #495,Lifestyle,39382,4314,548,8.44,47.54,1440.9,681,21
VID00496,2024-02-17,Hidden Places #496,Travel,29447,1076,136,6.31,54.11,2176.9,107,18
VID00497,2024-02-17,Best Restaurants #497,Food,5118,216,53,3.99,78.91,248.3,83,12
VID00498,2024-02-17,Funny Family Moments #498,Comedy,15450,1408,79,6.67,60.14,1195.4,81,20
VID00499,2024-02-17,Learning Strategies #499,Education,34413,1897,254,8.22,65.5,1384.3,392,19
VID00500,2024-02-18,Best Restaurants #500,Food,30750,2303,424,5.4,64.47,1043.0,518,20
VID00501,2024-02-18,Beginner Guide #501,Gaming,1551,155,16,8.01,46.51,72.7,20,16
VID00502,2024-02-18,Travel Mistakes #502,Travel,8365,466,58,4.7,48.23,915.6,144,21
VID00503,2024-02-18,Hidden Places #503,Travel,31024,2632,104,8.34,42.19,1366.4,402,19
VID00504,2024-02-18,Top Games #504,Gaming,18490,1493,99,12.05,59.65,1133.1,223,20
VID00505,2024-02-18,Budget Meals #505,Food,7574,749,96,3.07,59.45,556.0,155,19
VID00506,2024-02-18,Office Comedy #506,Comedy,13456,435,111,6.0,66.54,783.9,164,12
VID00507,2024-02-18,Daily Routine #507,Lifestyle,66922,3241,177,7.64,47.67,4585.1,402,19
VID00508,2024-02-18,Learning Strategies #508,Education,3020,285,33,8.51,59.45,239.5,43,16
VID00509,2024-02-18,Hidden Places #509,Travel,1279,91,4,9.11,53.6,90.0,6,22
VID00510,2024-02-18,Travel Guide #510,Travel,12407,414,115,9.07,56.36,403.6,132,19
VID00511,2024-02-19,Personal Finance Tips #511,Finance,1673,145,3,5.82,86.8,143.4,26,18
VID00512,2024-02-19,Money Mistakes #512,Finance,12557,1335,159,9.56,63.48,1222.4,86,22
VID00513,2024-02-19,Best Friend Problems #513,Comedy,11232,1095,91,11.22,50.77,380.7,72,18
VID00514,2024-02-19,Exam Preparation Guide #514,Education,63205,4087,432,6.87,61.11,7235.8,1332,8
VID00515,2024-02-19,Healthy Habits #515,Lifestyle,20792,1822,239,8.83,66.7,912.4,138,20
VID00516,2024-02-19,Street Food Tour #516,Food,26433,981,70,3.59,64.23,1454.2,211,12
VID00517,2024-02-19,Relatable College Life #517,Comedy,7133,456,73,5.78,56.62,177.2,62,16
VID00518,2024-02-19,Day In My Life #518,Lifestyle,15720,734,123,7.88,78.04,671.2,348,19
VID00519,2024-02-19,Credit Score Tips #519,Finance,19299,1788,128,6.17,61.63,1594.7,303,18
VID00520,2024-02-19,Budget Travel Tips #520,Travel,3893,413,6,9.63,52.18,94.0,55,20
VID00521,2024-02-20,Cooking Tips #521,Food,5995,221,15,11.99,71.97,555.1,37,10
VID00522,2024-02-20,Laptop Buying Guide #522,Tech,7485,672,100,7.86,64.82,178.4,51,12
VID00523,2024-02-20,Cooking Tips #523,Food,2016,131,8,6.27,49.48,87.0,25,19
VID00524,2024-02-20,Study Tips That Work #524,Education,568,26,4,9.02,52.11,26.0,4,12
VID00525,2024-02-20,Office Comedy #525,Comedy,1761,176,20,10.59,75.45,143.9,42,10
VID00526,2024-02-20,Game Challenge #526,Gaming,13047,896,60,11.2,67.47,650.4,266,19
VID00527,2024-02-20,AI Tools #527,Tech,9903,461,129,6.11,57.57,774.4,36,10
VID00528,2024-02-20,Useful Tech Tips #528,Tech,2963,245,31,11.05,56.59,225.3,40,16
VID00529,2024-02-20,Game Challenge #529,Gaming,15608,717,189,3.91,71.91,2100.7,359,19
VID00530,2024-02-20,Travel Mistakes #530,Travel,5197,471,59,6.88,74.44,434.4,44,21
VID00531,2024-02-20,Daily Routine #531,Lifestyle,2567,143,6,5.39,59.13,175.1,25,21
VID00532,2024-02-21,Productivity Tips #532,Education,29510,2910,361,9.05,71.12,3600.3,264,21
VID00533,2024-02-21,Office Comedy #533,Comedy,9306,1021,51,10.91,54.9,508.1,168,12
VID00534,2024-02-21,Weekend Vlog #534,Lifestyle,2454,88,23,9.72,78.54,82.3,52,16
VID00535,2024-02-21,Healthy Habits #535,Lifestyle,5345,469,37,7.5,80.02,244.0,26,10
VID00536,2024-02-21,Interview Preparation #536,Education,12549,397,15,4.4,56.78,341.1,258,21
VID00537,2024-02-21,Laptop Buying Guide #537,Tech,14865,401,194,8.95,60.92,1227.0,211,20
VID00538,2024-02-21,Game Challenge #538,Gaming,54447,2532,753,7.19,37.94,1390.7,825,20
VID00539,2024-02-21,Saving Money #539,Finance,18697,1136,112,10.57,45.32,1332.3,373,21
VID00540,2024-02-21,Travel Guide #540,Travel,14003,660,34,11.09,67.42,926.5,72,6
VID00541,2024-02-21,Saving Money #541,Finance,6107,284,14,8.34,62.5,176.1,93,12
VID00542,2024-02-22,Weekend Vlog #542,Lifestyle,26049,1724,150,4.53,78.74,3969.1,149,20
VID00543,2024-02-22,Budget Meals #543,Food,4065,345,51,9.15,64.52,261.3,27,22
VID00544,2024-02-22,Phone Features You Missed #544,Tech,14944,718,18,9.18,63.51,952.4,176,14
VID00545,2024-02-22,Learning Strategies #545,Education,14700,797,161,10.25,67.69,1130.3,218,16
VID00546,2024-02-22,Cooking Tips #546,Food,4236,412,31,9.67,64.48,474.0,92,6
VID00547,2024-02-22,Best Apps #547,Tech,6014,498,35,9.48,54.73,540.2,119,8
VID00548,2024-02-22,Office Comedy #548,Comedy,11625,851,112,6.3,47.58,341.9,245,18
VID00549,2024-02-22,Funny Family Moments #549,Comedy,47282,2269,499,9.22,61.32,1684.5,507,19
VID00550,2024-02-22,Travel Guide #550,Travel,39364,3593,264,5.75,75.31,1698.2,529,16
VID00551,2024-02-22,Productivity Tips #551,Education,23495,1115,292,6.34,61.52,806.9,99,21
VID00552,2024-02-23,Day In My Life #552,Lifestyle,36387,1373,35,3.32,46.57,902.9,126,16
VID00553,2024-02-23,Gaming Highlights #553,Gaming,1431,63,8,8.2,50.74,149.6,23,22
VID00554,2024-02-23,Street Food Tour #554,Food,26389,1512,301,6.2,59.12,2108.1,254,12
VID00555,2024-02-23,Travel Guide #555,Travel,1503,37,8,7.86,73.91,211.4,29,16
VID00556,2024-02-23,Personal Finance Tips #556,Finance,15852,1538,24,4.45,59.8,932.5,191,18
VID00557,2024-02-23,Budget Meals #557,Food,5952,217,55,9.0,61.66,436.7,108,12
VID00558,2024-02-23,Career Tips #558,Education,2011,89,15,7.25,53.52,203.7,39,19
VID00559,2024-02-23,Best Apps #559,Tech,3544,166,18,9.28,55.86,156.0,48,21
VID00560,2024-02-23,Best Places to Visit #560,Travel,19517,730,173,6.42,61.93,1835.4,442,19
VID00561,2024-02-23,Best Friend Problems #561,Comedy,7066,394,97,5.18,53.41,238.2,42,23
VID00562,2024-02-23,Easy Recipes #562,Food,4486,156,33,7.28,55.25,188.5,56,20
VID00563,2024-02-24,Travel Guide #563,Travel,182056,13630,1504,9.4,60.0,17046.4,3066,21
VID00564,2024-02-24,Credit Score Tips #564,Finance,5607,194,54,8.35,68.04,424.3,59,14
VID00565,2024-02-24,Parents Be Like #565,Comedy,5429,168,71,8.09,64.84,476.2,65,21
VID00566,2024-02-24,Travel Mistakes #566,Travel,6606,661,89,9.45,68.88,536.7,34,20
VID00567,2024-02-24,Phone Features You Missed #567,Tech,3816,277,4,4.51,74.39,212.7,81,21
VID00568,2024-02-24,Budget Meals #568,Food,8152,564,17,11.38,55.88,396.2,46,14
VID00569,2024-02-24,Laptop Buying Guide #569,Tech,15028,1364,54,7.38,61.62,811.1,271,16
VID00570,2024-02-24,Expectation vs Reality #570,Comedy,25226,2314,284,9.53,48.92,1799.4,529,20
VID00571,2024-02-24,AI Tools #571,Tech,21898,1843,82,7.61,78.14,2159.5,184,16
VID00572,2024-02-24,Best Friend Problems #572,Comedy,15924,809,100,11.48,58.43,518.2,100,20
VID00573,2024-02-25,Weekend Travel Vlog #573,Travel,12539,925,113,10.07,69.51,357.7,68,19
VID00574,2024-02-25,Best Settings #574,Gaming,14376,1352,162,3.43,51.46,788.8,85,21
VID00575,2024-02-25,Morning Routine #575,Lifestyle,29151,1575,67,6.65,64.65,1444.7,645,20
VID00576,2024-02-25,Daily Routine #576,Lifestyle,6311,270,70,7.15,55.18,492.4,91,16
VID00577,2024-02-25,Laptop Buying Guide #577,Tech,3625,185,6,9.4,58.85,122.9,16,19
VID00578,2024-02-25,Daily Routine #578,Lifestyle,131180,6677,657,5.35,48.51,8645.8,614,12
VID00579,2024-02-25,Exam Preparation Guide #579,Education,10229,503,96,7.4,62.82,315.7,223,22
VID00580,2024-02-25,Best Apps #580,Tech,7709,612,14,8.41,77.78,308.1,80,22
VID00581,2024-02-25,Interview Preparation #581,Education,4149,392,4,9.6,63.26,165.1,84,19
VID00582,2024-02-25,Morning Routine #582,Lifestyle,3463,218,6,8.04,43.41,313.2,55,21
VID00583,2024-02-25,Top Games #583,Gaming,20992,1711,285,8.4,37.9,1499.3,226,21
VID00584,2024-02-26,Productivity Tips #584,Education,26233,1250,135,7.32,49.72,2005.9,416,22
VID00585,2024-02-26,Beginner Guide #585,Gaming,5942,473,57,8.66,64.18,521.8,68,19
VID00586,2024-02-26,Tech Hacks #586,Tech,6636,203,76,10.62,79.16,936.3,109,22
VID00587,2024-02-26,Productivity Tips #587,Education,6797,178,18,9.3,48.79,163.0,136,10
VID00588,2024-02-26,Personal Finance Tips #588,Finance,6510,681,24,10.88,49.88,314.2,67,21
VID00589,2024-02-26,Budget Travel Tips #589,Travel,4415,119,29,6.88,53.08,322.6,31,16
VID00590,2024-02-26,Hidden Places #590,Travel,7603,460,54,3.72,53.42,736.5,62,22
VID00591,2024-02-26,Healthy Habits #591,Lifestyle,33494,3669,104,9.35,63.28,1803.2,597,10
VID00592,2024-02-26,Career Tips #592,Education,14313,1305,124,6.82,65.54,1761.1,251,20
VID00593,2024-02-26,Morning Routine #593,Lifestyle,4311,195,15,5.78,66.43,160.4,76,6
VID00594,2024-02-27,Expectation vs Reality #594,Comedy,32691,1238,33,12.86,44.04,854.7,349,18
VID00595,2024-02-27,Personal Finance Tips #595,Finance,9601,1054,123,11.21,60.55,925.3,114,10
VID00596,2024-02-27,Laptop Buying Guide #596,Tech,5975,623,55,8.12,69.63,181.6,96,10
VID00597,2024-02-27,Funny Family Moments #597,Comedy,5894,201,14,11.03,76.61,483.2,30,18
VID00598,2024-02-27,Money Mistakes #598,Finance,4980,399,32,11.34,65.36,676.4,67,10
VID00599,2024-02-27,Daily Routine #599,Lifestyle,6061,188,53,10.42,45.97,208.3,113,14
VID00600,2024-02-27,Personal Finance Tips #600,Finance,12111,986,103,9.46,53.51,571.2,113,20
VID00601,2024-02-27,Budget Lifestyle #601,Lifestyle,3924,162,47,13.01,40.15,97.8,26,18
VID00602,2024-02-27,Budget Meals #602,Food,3838,342,34,7.38,59.95,275.4,26,21
VID00603,2024-02-27,Exam Preparation Guide #603,Education,36933,3641,228,3.87,59.33,1277.8,159,18
VID00604,2024-02-28,Funny Family Moments #604,Comedy,2393,158,13,9.97,63.96,244.4,6,16
VID00605,2024-02-28,Laptop Buying Guide #605,Tech,3349,133,7,10.16,79.05,386.4,41,19
VID00606,2024-02-28,Money Mistakes #606,Finance,6720,535,75,1.63,75.95,467.2,165,19
VID00607,2024-02-28,Interview Preparation #607,Education,2529,206,28,8.65,48.5,101.5,27,19
VID00608,2024-02-28,Morning Routine #608,Lifestyle,9625,418,65,7.77,61.39,720.9,61,14
VID00609,2024-02-28,Expectation vs Reality #609,Comedy,85645,2659,1013,8.7,62.03,10053.3,1794,20
VID00610,2024-02-28,Funny Family Moments #610,Comedy,8897,686,106,6.94,68.0,504.1,67,18
VID00611,2024-02-28,Exam Preparation Guide #611,Education,5493,524,42,6.46,63.56,444.1,107,20
VID00612,2024-02-28,Best Friend Problems #612,Comedy,2062,203,23,11.42,73.38,217.5,43,14
VID00613,2024-02-28,Office Comedy #613,Comedy,23134,707,70,11.48,59.93,2691.9,442,18
VID00614,2024-02-28,Travel Mistakes #614,Travel,15847,930,178,11.01,66.94,2495.5,224,20
VID00615,2024-02-29,Weekend Travel Vlog #615,Travel,26583,2299,116,11.5,61.33,908.9,463,16
VID00616,2024-02-29,Gaming Tips #616,Gaming,8316,852,62,9.56,61.87,332.1,22,10
VID00617,2024-02-29,Best Friend Problems #617,Comedy,3845,128,6,6.45,73.21,391.1,70,22
VID00618,2024-02-29,Game Challenge #618,Gaming,43236,3135,302,4.95,68.53,2452.3,258,20
VID00619,2024-02-29,Parents Be Like #619,Comedy,4395,194,23,8.57,67.89,492.4,73,23
VID00620,2024-02-29,Travel Guide #620,Travel,3148,162,33,6.9,73.52,288.5,59,10
VID00621,2024-02-29,Best Restaurants #621,Food,8182,356,51,11.08,57.26,531.5,55,18
VID00622,2024-02-29,Best Settings #622,Gaming,52035,3716,229,9.85,34.57,3582.0,297,14
VID00623,2024-02-29,Budget Lifestyle #623,Lifestyle,627,51,3,8.58,75.95,31.4,8,19
VID00624,2024-02-29,Healthy Habits #624,Lifestyle,16667,696,203,6.22,61.07,919.4,158,18
VID00625,2024-03-01,Travel Guide #625,Travel,9059,650,110,9.02,44.92,526.7,106,21
VID00626,2024-03-01,Tech Hacks #626,Tech,12836,748,150,8.29,54.67,1429.1,147,20
VID00627,2024-03-01,Money Mistakes #627,Finance,9807,875,62,6.22,68.73,929.5,114,18
VID00628,2024-03-01,Personal Finance Tips #628,Finance,11354,1087,115,7.58,61.54,1086.9,224,23
VID00629,2024-03-01,AI Tools #629,Tech,122543,8674,658,11.82,52.44,7397.6,1326,10
VID00630,2024-03-01,Budget Planning #630,Finance,7369,805,44,7.65,65.46,398.1,159,14
VID00631,2024-03-01,Best Friend Problems #631,Comedy,22876,2111,190,5.14,66.6,1078.5,80,18
VID00632,2024-03-01,Relatable College Life #632,Comedy,8555,662,51,8.3,42.32,535.7,42,19
VID00633,2024-03-01,Expectation vs Reality #633,Comedy,11402,1076,141,7.37,50.86,1169.9,173,16
VID00634,2024-03-01,Day In My Life #634,Lifestyle,8105,578,68,9.33,64.29,1209.6,72,18
VID00635,2024-03-01,Healthy Habits #635,Lifestyle,3550,205,25,7.81,74.33,382.6,35,8
VID00636,2024-03-02,Phone Features You Missed #636,Tech,58336,3933,286,4.2,65.7,1409.6,1097,20
VID00637,2024-03-02,Morning Routine #637,Lifestyle,7691,280,95,7.17,71.15,816.8,139,21
VID00638,2024-03-02,Credit Score Tips #638,Finance,22375,1034,64,6.48,58.32,2645.5,247,21
VID00639,2024-03-02,Office Comedy #639,Comedy,2291,58,28,4.83,75.02,336.7,28,20
VID00640,2024-03-02,Best Restaurants #640,Food,9024,702,93,8.93,55.85,549.3,99,19
VID00641,2024-03-02,Day In My Life #641,Lifestyle,7307,446,68,8.71,66.82,849.4,102,18
VID00642,2024-03-02,Career Tips #642,Education,9477,817,24,3.32,56.8,443.6,88,8
VID00643,2024-03-02,Money Mistakes #643,Finance,20552,1765,82,11.4,74.8,1999.3,444,21
VID00644,2024-03-02,Weekend Vlog #644,Lifestyle,3800,99,33,6.04,67.62,321.3,69,19
VID00645,2024-03-02,Top Games #645,Gaming,18877,823,207,8.35,57.33,2068.2,74,20
VID00646,2024-03-03,Day In My Life #646,Lifestyle,4739,170,53,6.12,54.66,262.9,75,20
VID00647,2024-03-03,Gaming Tips #647,Gaming,8584,327,99,7.81,67.83,1138.5,67,20
VID00648,2024-03-03,Healthy Habits #648,Lifestyle,40104,3212,392,7.49,65.94,5504.9,372,14
VID00649,2024-03-03,Hidden Places #649,Travel,2018,181,15,8.31,51.39,146.4,28,19
VID00650,2024-03-03,AI Tools #650,Tech,5385,255,47,6.79,61.26,446.6,50,14
VID00651,2024-03-03,Budget Lifestyle #651,Lifestyle,2684,130,30,4.6,72.07,448.1,26,10
VID00652,2024-03-03,Saving Money #652,Finance,835,46,1,5.84,52.79,81.0,4,18
VID00653,2024-03-03,Budget Planning #653,Finance,5073,506,52,10.82,54.19,134.5,76,20
VID00654,2024-03-03,Budget Meals #654,Food,2863,216,36,6.06,52.54,92.5,12,8
VID00655,2024-03-03,Useful Tech Tips #655,Tech,19880,1583,60,13.0,59.67,964.7,304,6
VID00656,2024-03-04,Game Challenge #656,Gaming,3161,267,11,8.29,67.58,233.4,50,10
VID00657,2024-03-04,Daily Routine #657,Lifestyle,7853,808,8,5.25,65.83,382.7,136,21
VID00658,2024-03-04,Relatable College Life #658,Comedy,6285,187,6,8.69,69.53,420.0,67,20
VID00659,2024-03-04,Daily Routine #659,Lifestyle,9582,846,51,8.15,48.81,580.2,208,20
VID00660,2024-03-04,Learning Strategies #660,Education,6636,587,80,5.89,68.0,630.5,69,20
VID00661,2024-03-04,Travel Guide #661,Travel,4878,351,20,8.74,61.51,209.6,96,21
VID00662,2024-03-04,Money Mistakes #662,Finance,21858,1460,34,11.18,61.64,1915.2,172,10
VID00663,2024-03-04,Street Food Tour #663,Food,47088,4655,374,6.9,50.57,2287.5,336,10
VID00664,2024-03-04,Study Tips That Work #664,Education,11672,447,89,5.51,53.27,976.7,83,21
VID00665,2024-03-04,Best Places to Visit #665,Travel,4268,358,35,5.09,60.55,254.1,73,19
VID00666,2024-03-04,Parents Be Like #666,Comedy,45762,1325,444,7.48,77.61,5538.8,292,22
VID00667,2024-03-05,Best Friend Problems #667,Comedy,10850,1006,73,8.08,61.35,1577.1,208,21
VID00668,2024-03-05,Budget Meals #668,Food,25698,2722,33,5.61,70.96,1144.1,179,12
VID00669,2024-03-05,Best Friend Problems #669,Comedy,5625,591,30,3.55,80.81,329.8,92,23
VID00670,2024-03-05,Relatable College Life #670,Comedy,39339,4171,327,7.44,56.11,2182.6,376,22
VID00671,2024-03-05,Travel Mistakes #671,Travel,43675,3248,301,8.48,57.61,4602.0,465,22
VID00672,2024-03-05,Relatable College Life #672,Comedy,6796,447,41,5.06,64.79,849.0,33,21
VID00673,2024-03-05,Personal Finance Tips #673,Finance,45016,4029,240,12.76,60.7,4991.0,801,20
VID00674,2024-03-05,Weekend Travel Vlog #674,Travel,4648,475,4,8.15,55.89,366.6,82,20
VID00675,2024-03-05,Useful Tech Tips #675,Tech,15428,889,158,11.07,78.68,1896.3,192,20
VID00676,2024-03-05,Weekend Vlog #676,Lifestyle,38075,3930,230,8.72,80.77,3163.6,907,18
VID00677,2024-03-06,Best Places to Visit #677,Travel,16236,1555,46,7.46,62.31,1213.0,122,12
VID00678,2024-03-06,Travel Mistakes #678,Travel,25716,2608,293,9.11,59.98,2250.4,458,21
VID00679,2024-03-06,Useful Tech Tips #679,Tech,7706,736,11,11.68,61.88,712.4,43,19
VID00680,2024-03-06,Food Review #680,Food,36320,2575,345,9.99,61.39,1129.7,614,21
VID00681,2024-03-06,Interview Preparation #681,Education,3463,93,12,7.91,77.45,212.4,80,6
VID00682,2024-03-06,Laptop Buying Guide #682,Tech,11094,416,104,7.07,72.11,1060.1,192,20
VID00683,2024-03-06,Career Tips #683,Education,2922,289,20,10.36,57.66,77.7,39,16
VID00684,2024-03-06,Expectation vs Reality #684,Comedy,28690,1961,317,7.69,66.64,2107.1,211,12
VID00685,2024-03-06,Budget Lifestyle #685,Lifestyle,2794,151,38,5.01,54.37,177.5,38,12
VID00686,2024-03-06,Morning Routine #686,Lifestyle,36246,2785,63,9.64,70.09,4712.1,237,20
VID00687,2024-03-06,Exam Preparation Guide #687,Education,3359,299,32,8.38,55.21,126.7,41,20
VID00688,2024-03-07,Weekend Vlog #688,Lifestyle,4682,193,27,9.47,64.18,484.2,44,19
VID00689,2024-03-07,Career Tips #689,Education,14562,685,43,6.92,63.07,1015.3,190,18
VID00690,2024-03-07,Daily Routine #690,Lifestyle,27461,2312,168,5.5,56.32,1038.1,354,18
VID00691,2024-03-07,Best Friend Problems #691,Comedy,22772,1541,191,8.4,65.12,2719.9,91,19
VID00692,2024-03-07,Best Places to Visit #692,Travel,1795,143,14,5.84,64.13,184.3,22,22
VID00693,2024-03-07,Healthy Habits #693,Lifestyle,19420,2100,259,9.32,80.68,1256.6,149,12
VID00694,2024-03-07,Funny Family Moments #694,Comedy,11319,422,81,5.02,60.29,411.6,194,12
VID00695,2024-03-07,Weekend Travel Vlog #695,Travel,24467,1301,336,3.91,75.36,1091.0,450,18
VID00696,2024-03-07,Office Comedy #696,Comedy,3642,172,41,8.18,51.48,148.9,55,20
VID00697,2024-03-07,Office Comedy #697,Comedy,28072,1058,71,10.3,65.38,1451.7,331,20
VID00698,2024-03-08,Expectation vs Reality #698,Comedy,21051,1648,112,9.49,53.25,2171.1,236,20
VID00699,2024-03-08,Expectation vs Reality #699,Comedy,13479,1033,54,8.4,58.92,987.4,112,22
VID00700,2024-03-08,Study Tips That Work #700,Education,96456,8590,845,6.24,75.1,5133.5,913,14
VID00701,2024-03-08,Office Comedy #701,Comedy,3055,185,28,7.75,59.22,354.1,47,14
VID00702,2024-03-08,Gaming Highlights #702,Gaming,6453,554,12,11.44,59.88,499.3,129,19
VID00703,2024-03-08,Office Comedy #703,Comedy,14302,1503,147,7.14,63.88,2018.6,204,22
VID00704,2024-03-08,Cooking Tips #704,Food,6300,618,84,7.74,69.3,213.1,74,14
VID00705,2024-03-08,Tech Hacks #705,Tech,19143,1457,210,3.5,55.56,541.1,408,20
VID00706,2024-03-08,Budget Lifestyle #706,Lifestyle,22912,851,39,6.05,66.6,2115.7,412,21
VID00707,2024-03-08,Budget Planning #707,Finance,40336,3925,389,9.62,52.9,2146.1,566,20
VID00708,2024-03-09,Interview Preparation #708,Education,3605,117,12,2.77,67.79,294.1,70,12
VID00709,2024-03-09,AI Tools #709,Tech,20066,1522,251,9.07,41.11,1615.5,220,10
VID00710,2024-03-09,Best Apps #710,Tech,1301,100,11,9.21,57.55,173.1,20,20
VID00711,2024-03-09,Credit Score Tips #711,Finance,14434,1434,189,11.87,63.66,584.2,206,18
VID00712,2024-03-09,Productivity Tips #712,Education,11774,1025,105,6.86,64.82,1074.4,75,22
VID00713,2024-03-09,Cooking Tips #713,Food,2719,294,32,4.28,64.79,173.9,47,18
VID00714,2024-03-09,Parents Be Like #714,Comedy,19993,852,101,7.55,47.68,1141.9,330,18
VID00715,2024-03-09,Study Tips That Work #715,Education,3401,270,41,8.93,66.31,192.4,71,18
VID00716,2024-03-09,Laptop Buying Guide #716,Tech,1812,96,13,6.55,65.22,131.7,6,21
VID00717,2024-03-09,Daily Routine #717,Lifestyle,7124,523,32,7.37,57.95,480.3,102,22
VID00718,2024-03-09,Day In My Life #718,Lifestyle,18390,684,213,7.51,47.87,1029.0,188,10
VID00719,2024-03-10,Office Comedy #719,Comedy,22767,2287,89,9.38,55.37,1841.7,78,16
VID00720,2024-03-10,Tech Hacks #720,Tech,17456,1104,153,8.22,63.68,859.0,91,12
VID00721,2024-03-10,Healthy Habits #721,Lifestyle,8647,323,120,4.87,54.2,560.3,30,20
VID00722,2024-03-10,Gaming Highlights #722,Gaming,13311,518,107,12.58,65.54,311.8,68,14
VID00723,2024-03-10,Travel Mistakes #723,Travel,68460,7263,814,10.92,60.4,4791.4,1093,22
VID00724,2024-03-10,Best Settings #724,Gaming,30628,2242,40,8.52,42.87,664.5,83,20
VID00725,2024-03-10,Healthy Habits #725,Lifestyle,6287,160,48,5.45,53.06,508.6,27,16
VID00726,2024-03-10,Phone Features You Missed #726,Tech,36709,2194,144,10.36,69.25,1179.0,362,20
VID00727,2024-03-10,Healthy Habits #727,Lifestyle,13990,825,178,7.58,73.4,1578.0,278,22
VID00728,2024-03-10,Personal Finance Tips #728,Finance,5770,562,25,5.57,64.98,441.8,30,20
VID00729,2024-03-11,Investment Basics #729,Finance,26561,870,295,7.76,53.36,690.9,365,19
VID00730,2024-03-11,Gaming Tips #730,Gaming,6762,212,15,9.77,60.56,183.7,98,12
VID00731,2024-03-11,Career Tips #731,Education,2709,291,36,10.46,54.38,265.4,26,16
VID00732,2024-03-11,Productivity Tips #732,Education,26002,2558,36,5.67,66.46,2464.2,591,12
VID00733,2024-03-11,Best Apps #733,Tech,47515,2178,42,7.29,58.3,3202.5,188,20
VID00734,2024-03-11,Gaming Tips #734,Gaming,20588,1549,282,7.72,77.18,1708.2,218,6
VID00735,2024-03-11,Budget Travel Tips #735,Travel,3275,327,26,3.46,43.34,103.9,59,21
VID00736,2024-03-11,Weekend Travel Vlog #736,Travel,18314,743,255,6.87,66.11,2457.4,99,20
VID00737,2024-03-11,Useful Tech Tips #737,Tech,4258,305,59,7.77,57.06,222.8,24,22
VID00738,2024-03-11,AI Tools #738,Tech,10115,560,39,6.37,61.27,1050.2,150,16
VID00739,2024-03-12,Hidden Places #739,Travel,11476,723,91,3.51,58.67,375.2,178,8
VID00740,2024-03-12,Relatable College Life #740,Comedy,21506,1623,256,8.73,68.69,2384.6,458,19
VID00741,2024-03-12,Morning Routine #741,Lifestyle,23220,2364,81,7.67,43.57,1809.0,89,22
VID00742,2024-03-12,Beginner Guide #742,Gaming,8275,834,16,9.22,45.76,631.6,94,19
VID00743,2024-03-12,Budget Planning #743,Finance,5227,414,40,5.92,58.37,278.2,62,18
VID00744,2024-03-12,Best Restaurants #744,Food,15508,1329,84,5.26,44.55,1044.1,106,19
VID00745,2024-03-12,Daily Routine #745,Lifestyle,37820,1666,342,7.5,66.63,5340.1,580,16
VID00746,2024-03-12,Weekend Vlog #746,Lifestyle,10901,565,142,8.59,48.43,1031.1,199,10
VID00747,2024-03-12,Best Friend Problems #747,Comedy,7956,537,16,8.02,47.53,315.4,152,16
VID00748,2024-03-12,Credit Score Tips #748,Finance,4167,115,13,4.97,49.8,344.6,90,10
VID00749,2024-03-12,Budget Meals #749,Food,30876,2324,215,12.54,64.17,831.8,219,22
VID00750,2024-03-13,Parents Be Like #750,Comedy,1580,78,14,9.76,57.59,44.3,6,14
VID00751,2024-03-13,Office Comedy #751,Comedy,11117,1096,54,7.76,71.6,702.4,223,20
VID00752,2024-03-13,Expectation vs Reality #752,Comedy,7380,605,67,8.54,58.76,258.7,90,14
VID00753,2024-03-13,Daily Routine #753,Lifestyle,10819,884,9,6.46,74.26,905.8,171,18
VID00754,2024-03-13,Cooking Tips #754,Food,9281,557,48,9.97,51.57,393.7,147,21
VID00755,2024-03-13,Expectation vs Reality #755,Comedy,2948,161,17,5.88,56.28,135.0,39,20
VID00756,2024-03-13,Cooking Tips #756,Food,5264,397,6,9.76,67.95,185.9,57,20
VID00757,2024-03-13,Credit Score Tips #757,Finance,25736,1592,321,7.92,60.75,619.2,432,21
VID00758,2024-03-13,Career Tips #758,Education,7190,640,71,9.48,53.9,590.6,70,12
VID00759,2024-03-13,Best Restaurants #759,Food,4803,329,24,10.93,50.47,357.2,40,23
VID00760,2024-03-14,Laptop Buying Guide #760,Tech,2420,229,31,7.07,59.34,239.6,33,12
VID00761,2024-03-14,Laptop Buying Guide #761,Tech,105406,8365,651,9.62,55.62,12151.7,1286,14
VID00762,2024-03-14,Best Apps #762,Tech,19887,1558,176,8.24,56.09,1438.6,213,10
VID00763,2024-03-14,Gaming Tips #763,Gaming,6270,427,8,9.84,57.75,555.6,53,23
VID00764,2024-03-14,Easy Recipes #764,Food,11127,809,64,8.88,61.19,1109.5,122,14
VID00765,2024-03-14,Travel Mistakes #765,Travel,31617,1627,122,7.42,68.28,3291.8,641,18
VID00766,2024-03-14,Funny Family Moments #766,Comedy,3463,273,32,8.78,81.41,337.4,84,21
VID00767,2024-03-14,Phone Features You Missed #767,Tech,8134,290,108,8.47,60.5,1036.4,93,12
VID00768,2024-03-14,Relatable College Life #768,Comedy,21973,1213,202,8.89,51.16,1575.6,224,19
VID00769,2024-03-14,Phone Features You Missed #769,Tech,8860,303,77,9.15,41.05,327.7,37,20
VID00770,2024-03-14,Learning Strategies #770,Education,4797,325,58,12.53,72.37,707.2,50,20
VID00771,2024-03-15,Morning Routine #771,Lifestyle,8486,916,7,8.62,66.2,739.4,192,20
VID00772,2024-03-15,Weekend Travel Vlog #772,Travel,13365,417,87,7.43,57.6,454.7,183,6
VID00773,2024-03-15,Exam Preparation Guide #773,Education,3404,222,14,6.1,74.31,410.9,82,19
VID00774,2024-03-15,Career Tips #774,Education,8708,321,71,7.55,57.1,894.8,80,21
VID00775,2024-03-15,Gaming Highlights #775,Gaming,19159,1049,208,9.66,49.46,944.8,245,21
VID00776,2024-03-15,Gaming Highlights #776,Gaming,19894,1400,87,8.96,60.93,808.1,154,19
VID00777,2024-03-15,Morning Routine #777,Lifestyle,2412,245,16,8.57,67.5,138.5,36,16
VID00778,2024-03-15,Useful Tech Tips #778,Tech,31919,2036,310,7.77,61.11,2867.3,626,8
VID00779,2024-03-15,Budget Lifestyle #779,Lifestyle,19891,1446,99,5.95,64.93,1627.0,176,21
VID00780,2024-03-15,Top Games #780,Gaming,11198,1167,63,10.53,67.5,681.7,210,12
VID00781,2024-03-16,Travel Guide #781,Travel,10752,380,20,8.77,63.94,269.0,114,19
VID00782,2024-03-16,Phone Features You Missed #782,Tech,3193,336,16,9.85,54.82,269.2,31,8
VID00783,2024-03-16,Personal Finance Tips #783,Finance,1566,51,8,4.86,69.28,144.7,11,22
VID00784,2024-03-16,Career Tips #784,Education,33019,1800,44,6.17,55.62,3164.1,744,12
VID00785,2024-03-16,Personal Finance Tips #785,Finance,3784,222,31,10.19,67.16,425.5,59,12
VID00786,2024-03-16,Parents Be Like #786,Comedy,4258,410,22,6.03,56.04,251.5,90,21
VID00787,2024-03-16,Productivity Tips #787,Education,4002,335,48,7.87,72.52,470.7,63,20
VID00788,2024-03-16,Relatable College Life #788,Comedy,1284,93,9,8.43,62.08,66.9,27,20
VID00789,2024-03-16,Expectation vs Reality #789,Comedy,5709,368,77,6.85,58.0,457.5,44,19
VID00790,2024-03-16,Relatable College Life #790,Comedy,12301,1221,64,8.41,53.48,693.2,243,10
VID00791,2024-03-17,Budget Lifestyle #791,Lifestyle,6987,189,12,7.43,58.54,593.8,50,16
VID00792,2024-03-17,Top Games #792,Gaming,2907,228,10,9.0,81.15,381.8,47,19
VID00793,2024-03-17,Best Settings #793,Gaming,10056,398,129,5.67,54.69,869.5,173,8
VID00794,2024-03-17,Gaming Tips #794,Gaming,5697,447,11,11.56,71.0,224.7,55,21
VID00795,2024-03-17,Useful Tech Tips #795,Tech,10207,328,13,10.18,59.16,320.2,50,23
VID00796,2024-03-17,Laptop Buying Guide #796,Tech,4816,149,43,10.03,72.53,172.5,88,21
VID00797,2024-03-17,Gaming Tips #797,Gaming,13594,762,116,8.78,45.52,567.1,111,20
VID00798,2024-03-17,Weekend Travel Vlog #798,Travel,42641,2131,304,5.38,53.9,4601.2,505,6
VID00799,2024-03-17,AI Tools #799,Tech,8802,437,85,8.24,56.12,664.0,196,18
VID00800,2024-03-17,Travel Guide #800,Travel,5961,179,39,10.26,58.24,192.5,65,10
VID00801,2024-03-17,Best Places to Visit #801,Travel,14789,1403,70,5.03,57.19,352.8,150,22
VID00802,2024-03-18,Weekend Vlog #802,Lifestyle,19653,1976,139,8.97,50.9,1460.3,63,18
VID00803,2024-03-18,Gaming Tips #803,Gaming,6529,354,27,5.48,72.82,391.0,118,21
VID00804,2024-03-18,Phone Features You Missed #804,Tech,4419,340,25,9.71,50.43,343.1,79,23
VID00805,2024-03-18,Useful Tech Tips #805,Tech,14026,1204,30,5.55,33.83,540.4,89,16
VID00806,2024-03-18,Healthy Habits #806,Lifestyle,11978,1219,67,10.48,65.66,525.5,68,20
VID00807,2024-03-18,AI Tools #807,Tech,1388,144,9,7.7,64.75,151.7,15,19
VID00808,2024-03-18,Budget Meals #808,Food,22650,2386,280,7.81,54.33,1218.9,400,19
VID00809,2024-03-18,Travel Guide #809,Travel,16825,1753,144,4.82,54.53,1492.5,312,20
VID00810,2024-03-18,Hidden Places #810,Travel,5495,345,15,6.81,56.48,150.9,62,16
VID00811,2024-03-18,Game Challenge #811,Gaming,19538,793,269,4.26,81.92,2186.6,74,20
VID00812,2024-03-19,Game Challenge #812,Gaming,46929,1573,491,4.14,61.0,2628.7,155,18
VID00813,2024-03-19,Exam Preparation Guide #813,Education,10617,377,144,9.78,64.46,1239.2,242,18
VID00814,2024-03-19,Career Tips #814,Education,7586,530,96,11.96,82.5,831.3,113,20
VID00815,2024-03-19,Top Games #815,Gaming,66251,7117,631,11.0,59.07,3898.1,1313,23
VID00816,2024-03-19,Relatable College Life #816,Comedy,17103,1705,224,10.64,51.75,472.3,222,19
VID00817,2024-03-19,Study Tips That Work #817,Education,1004,104,6,3.79,59.12,27.6,19,18
VID00818,2024-03-19,Budget Meals #818,Food,3921,127,10,6.29,73.68,222.4,81,14
VID00819,2024-03-19,Laptop Buying Guide #819,Tech,13107,1348,87,6.44,73.04,2227.7,174,20
VID00820,2024-03-19,Day In My Life #820,Lifestyle,8715,788,33,6.53,53.7,446.2,160,20
VID00821,2024-03-19,Relatable College Life #821,Comedy,6800,621,46,6.67,59.68,724.6,57,16
VID00822,2024-03-19,Productivity Tips #822,Education,2961,218,17,7.79,63.48,237.2,59,21
VID00823,2024-03-20,Learning Strategies #823,Education,8681,726,120,7.56,68.89,1301.4,185,22
VID00824,2024-03-20,Budget Meals #824,Food,9794,382,48,6.75,50.59,494.1,213,22
VID00825,2024-03-20,Street Food Tour #825,Food,10694,327,21,7.91,54.96,843.7,143,16
VID00826,2024-03-20,Tech Hacks #826,Tech,10387,566,107,8.76,57.54,1116.3,102,22
VID00827,2024-03-20,Useful Tech Tips #827,Tech,8909,684,96,7.44,70.88,269.4,133,22
VID00828,2024-03-20,Expectation vs Reality #828,Comedy,8431,798,35,9.83,60.71,610.7,153,12
VID00829,2024-03-20,Daily Routine #829,Lifestyle,28112,2856,360,5.91,67.59,1110.9,623,12
VID00830,2024-03-20,Beginner Guide #830,Gaming,10108,857,51,5.2,70.11,961.4,235,21
VID00831,2024-03-20,Best Friend Problems #831,Comedy,3534,333,39,5.01,42.84,107.4,46,18
VID00832,2024-03-20,Relatable College Life #832,Comedy,7383,478,50,3.96,47.26,238.0,94,19
VID00833,2024-03-21,Tech Hacks #833,Tech,1513,109,4,8.76,74.24,215.3,20,23
VID00834,2024-03-21,AI Tools #834,Tech,7175,357,7,9.46,66.34,884.0,24,20
VID00835,2024-03-21,Personal Finance Tips #835,Finance,25961,2390,307,9.52,57.14,2325.9,200,20
VID00836,2024-03-21,Exam Preparation Guide #836,Education,25123,1298,275,8.94,69.09,3574.3,603,22
VID00837,2024-03-21,Food Review #837,Food,36920,2860,305,9.73,36.14,1463.1,354,6
VID00838,2024-03-21,Tech Hacks #838,Tech,31219,2147,258,7.75,48.43,1906.5,172,14
VID00839,2024-03-21,Day In My Life #839,Lifestyle,7829,466,71,7.6,71.28,1045.7,109,8
VID00840,2024-03-21,Office Comedy #840,Comedy,8613,590,100,4.74,76.61,1239.1,115,21
VID00841,2024-03-21,Expectation vs Reality #841,Comedy,45104,4296,102,8.89,67.57,1923.4,429,20
VID00842,2024-03-21,Travel Mistakes #842,Travel,6332,387,30,10.05,48.76,293.3,47,8
VID00843,2024-03-22,Credit Score Tips #843,Finance,7803,373,23,5.72,58.14,904.6,136,10
VID00844,2024-03-22,Daily Routine #844,Lifestyle,15790,1101,194,9.3,61.34,1700.3,148,20
VID00845,2024-03-22,Budget Travel Tips #845,Travel,4059,309,35,8.53,37.62,234.7,74,19
VID00846,2024-03-22,Best Apps #846,Tech,4164,384,50,9.72,59.18,176.1,30,14
VID00847,2024-03-22,Day In My Life #847,Lifestyle,6084,409,10,8.13,63.33,323.7,137,14
VID00848,2024-03-22,Credit Score Tips #848,Finance,3887,117,24,8.58,71.44,426.7,72,16
VID00849,2024-03-22,Parents Be Like #849,Comedy,2604,262,15,6.92,70.61,312.3,16,10
VID00850,2024-03-22,Budget Lifestyle #850,Lifestyle,38970,2482,51,6.46,60.27,1959.6,154,21
VID00851,2024-03-22,Budget Lifestyle #851,Lifestyle,7290,552,15,5.98,65.69,205.4,82,6
VID00852,2024-03-22,Budget Meals #852,Food,26627,2507,134,10.13,59.44,2155.2,151,19
VID00853,2024-03-22,Money Mistakes #853,Finance,4340,388,22,5.92,78.79,539.1,103,12
VID00854,2024-03-23,Budget Lifestyle #854,Lifestyle,33852,2659,201,6.24,67.4,2688.6,444,20
VID00855,2024-03-23,Exam Preparation Guide #855,Education,11012,1046,29,12.93,69.11,711.4,56,20
VID00856,2024-03-23,Expectation vs Reality #856,Comedy,8661,740,96,7.68,61.11,221.5,180,19
VID00857,2024-03-23,Learning Strategies #857,Education,10745,318,107,4.0,59.76,452.5,141,16
VID00858,2024-03-23,Office Comedy #858,Comedy,7566,343,24,9.77,55.25,290.8,144,19
VID00859,2024-03-23,Healthy Habits #859,Lifestyle,28970,1540,182,8.49,47.28,2305.1,276,18
VID00860,2024-03-23,Office Comedy #860,Comedy,36490,2520,510,6.8,68.02,3551.9,842,20
VID00861,2024-03-23,Gaming Tips #861,Gaming,16910,1139,180,6.16,68.02,1794.2,374,12
VID00862,2024-03-23,Expectation vs Reality #862,Comedy,12353,1004,81,4.62,51.96,358.2,190,14
VID00863,2024-03-23,Beginner Guide #863,Gaming,20775,1349,255,8.54,61.06,536.1,255,12
VID00864,2024-03-24,Budget Travel Tips #864,Travel,8015,470,83,6.02,63.05,582.4,127,21
VID00865,2024-03-24,Productivity Tips #865,Education,10103,887,43,6.13,47.25,632.1,177,10
VID00866,2024-03-24,Weekend Travel Vlog #866,Travel,22125,2212,29,7.3,52.8,925.9,356,22
VID00867,2024-03-24,Weekend Vlog #867,Lifestyle,3452,225,17,7.17,56.67,447.4,22,19
VID00868,2024-03-24,Cooking Tips #868,Food,14654,1194,162,9.55,75.21,617.5,75,21
VID00869,2024-03-24,Parents Be Like #869,Comedy,16810,1026,89,6.44,85.29,1905.9,381,14
VID00870,2024-03-24,Laptop Buying Guide #870,Tech,17744,514,243,12.19,80.79,2390.6,66,16
VID00871,2024-03-24,Day In My Life #871,Lifestyle,13291,859,141,6.03,81.17,946.7,70,16
VID00872,2024-03-24,Hidden Places #872,Travel,13710,976,172,13.56,76.73,959.7,258,19
VID00873,2024-03-24,Personal Finance Tips #873,Finance,1814,101,19,8.34,61.41,154.3,18,20
VID00874,2024-03-24,Career Tips #874,Education,19458,666,34,8.73,64.47,2206.7,235,18
VID00875,2024-03-25,Expectation vs Reality #875,Comedy,49865,3978,492,6.8,52.61,3099.5,499,20
VID00876,2024-03-25,Laptop Buying Guide #876,Tech,4658,254,32,5.17,41.37,300.7,23,18
VID00877,2024-03-25,Hidden Places #877,Travel,4679,472,27,6.51,73.11,181.9,85,19
VID00878,2024-03-25,Budget Travel Tips #878,Travel,21128,2045,35,10.91,59.99,1095.6,111,14
VID00879,2024-03-25,Hidden Places #879,Travel,8146,787,14,5.71,75.93,800.2,50,16
VID00880,2024-03-25,Expectation vs Reality #880,Comedy,2163,79,30,8.1,57.28,179.5,32,8
VID00881,2024-03-25,Tech Hacks #881,Tech,18878,625,20,10.62,77.78,3210.1,116,14
VID00882,2024-03-25,Career Tips #882,Education,1985,187,13,5.74,48.16,163.5,33,18
VID00883,2024-03-25,Hidden Places #883,Travel,9182,1009,93,8.55,57.92,855.6,193,19
VID00884,2024-03-25,Street Food Tour #884,Food,15622,1153,170,7.94,54.71,1613.1,243,16
VID00885,2024-03-26,Career Tips #885,Education,6264,685,39,8.58,80.75,771.0,108,10
VID00886,2024-03-26,Productivity Tips #886,Education,27238,1182,95,8.77,49.02,1873.8,274,23
VID00887,2024-03-26,Funny Family Moments #887,Comedy,1591,101,15,9.18,65.0,75.6,11,6
VID00888,2024-03-26,Exam Preparation Guide #888,Education,9528,923,12,11.1,66.04,440.0,59,23
VID00889,2024-03-26,Investment Basics #889,Finance,8288,472,62,7.58,50.1,556.3,123,12
VID00890,2024-03-26,Money Mistakes #890,Finance,1427,81,12,9.62,63.65,205.0,14,18
VID00891,2024-03-26,Expectation vs Reality #891,Comedy,3081,91,9,9.68,57.61,232.0,54,20
VID00892,2024-03-26,Healthy Habits #892,Lifestyle,9184,623,57,9.77,60.86,749.1,147,23
VID00893,2024-03-26,Gaming Highlights #893,Gaming,9712,744,18,4.36,71.92,306.9,232,20
VID00894,2024-03-26,Gaming Highlights #894,Gaming,3152,91,34,5.84,72.4,193.2,60,10
VID00895,2024-03-27,Cooking Tips #895,Food,11050,326,127,10.46,55.42,507.1,99,8
VID00896,2024-03-27,Travel Guide #896,Travel,18667,720,110,4.63,35.41,799.9,146,14
VID00897,2024-03-27,Laptop Buying Guide #897,Tech,14512,943,11,8.27,56.41,634.5,113,10
VID00898,2024-03-27,AI Tools #898,Tech,17694,1264,188,3.99,57.33,763.6,195,21
VID00899,2024-03-27,Useful Tech Tips #899,Tech,11874,829,77,5.27,40.06,561.2,37,21
VID00900,2024-03-27,Saving Money #900,Finance,26542,1449,47,9.23,61.36,2905.5,481,16
VID00901,2024-03-27,Learning Strategies #901,Education,2688,163,16,9.27,58.74,105.0,23,8
VID00902,2024-03-27,Learning Strategies #902,Education,3301,198,11,10.46,45.4,223.7,10,21
VID00903,2024-03-27,Expectation vs Reality #903,Comedy,5151,495,30,8.23,51.85,242.4,73,8
VID00904,2024-03-27,Study Tips That Work #904,Education,10979,522,87,9.86,76.3,581.6,229,19
VID00905,2024-03-27,Investment Basics #905,Finance,22676,1016,121,7.08,51.44,496.1,153,22
VID00906,2024-03-28,Office Comedy #906,Comedy,5640,599,27,6.02,58.87,316.4,25,8
VID00907,2024-03-28,Saving Money #907,Finance,18255,694,244,5.92,71.05,1681.0,433,14
VID00908,2024-03-28,Day In My Life #908,Lifestyle,19161,1218,266,4.98,60.68,648.1,344,19
VID00909,2024-03-28,Cooking Tips #909,Food,9458,955,58,5.05,68.96,671.7,32,23
VID00910,2024-03-28,Gaming Tips #910,Gaming,8297,502,85,11.87,67.5,1154.7,170,20
VID00911,2024-03-28,Budget Travel Tips #911,Travel,27061,1547,163,6.61,63.08,863.1,98,21
VID00912,2024-03-28,Day In My Life #912,Lifestyle,30178,3059,171,6.37,60.56,1426.4,142,10
VID00913,2024-03-28,Top Games #913,Gaming,19680,2109,245,5.19,68.65,1888.8,218,22
VID00914,2024-03-28,Office Comedy #914,Comedy,6967,283,27,8.52,81.18,1290.6,54,14
VID00915,2024-03-28,Game Challenge #915,Gaming,41551,2517,398,8.38,58.03,2274.1,734,18
VID00916,2024-03-29,Cooking Tips #916,Food,6095,453,51,10.24,49.28,191.3,126,12
VID00917,2024-03-29,Laptop Buying Guide #917,Tech,11665,495,144,9.14,76.51,624.8,62,16
VID00918,2024-03-29,AI Tools #918,Tech,7828,812,23,6.52,66.83,1025.0,77,18
VID00919,2024-03-29,Beginner Guide #919,Gaming,32167,1103,269,7.73,71.59,1017.1,709,18
VID00920,2024-03-29,Learning Strategies #920,Education,4763,364,4,8.36,57.88,297.2,38,16
VID00921,2024-03-29,Budget Travel Tips #921,Travel,114148,7862,1504,5.98,71.48,10211.6,737,14
VID00922,2024-03-29,Credit Score Tips #922,Finance,82088,5076,78,5.31,57.63,4652.7,767,19
VID00923,2024-03-29,Study Tips That Work #923,Education,13521,1230,101,7.9,71.2,605.5,297,20
VID00924,2024-03-29,Weekend Travel Vlog #924,Travel,14621,1479,150,6.95,63.32,1833.5,326,16
VID00925,2024-03-29,Best Settings #925,Gaming,77885,5817,655,4.94,65.84,9275.1,1553,21
VID00926,2024-03-29,Best Friend Problems #926,Comedy,9538,657,38,7.1,52.89,837.7,99,14
VID00927,2024-03-30,Personal Finance Tips #927,Finance,6138,354,48,7.65,66.47,624.8,129,16
VID00928,2024-03-30,Investment Basics #928,Finance,5505,586,43,6.33,75.25,864.6,75,18
VID00929,2024-03-30,Learning Strategies #929,Education,19393,2004,99,6.44,58.27,1523.7,213,20
VID00930,2024-03-30,Best Apps #930,Tech,8839,970,11,8.79,51.44,161.8,181,23
VID00931,2024-03-30,Game Challenge #931,Gaming,24898,1544,67,7.72,58.53,1505.1,188,14
VID00932,2024-03-30,Weekend Vlog #932,Lifestyle,4779,324,48,10.26,66.73,214.4,28,16
VID00933,2024-03-30,Saving Money #933,Finance,4706,195,54,7.57,61.81,381.7,52,10
VID00934,2024-03-30,Interview Preparation #934,Education,1404,42,6,7.17,53.29,115.0,25,19
VID00935,2024-03-30,Saving Money #935,Finance,6091,539,61,14.24,50.48,226.3,38,18
VID00936,2024-03-30,Career Tips #936,Education,17914,1103,36,6.94,48.78,445.8,206,19
VID00937,2024-03-31,Budget Lifestyle #937,Lifestyle,4169,297,48,7.21,49.9,363.0,41,14
VID00938,2024-03-31,Travel Mistakes #938,Travel,28253,2818,262,11.48,65.98,3170.9,296,19
VID00939,2024-03-31,Productivity Tips #939,Education,14595,692,157,8.26,59.69,2090.5,294,19
VID00940,2024-03-31,Best Apps #940,Tech,3875,256,32,6.39,72.87,96.4,73,8
VID00941,2024-03-31,Best Friend Problems #941,Comedy,8952,265,27,10.0,54.4,307.3,84,19
VID00942,2024-03-31,Office Comedy #942,Comedy,26794,2732,162,7.66,88.58,2369.6,477,12
VID00943,2024-03-31,Beginner Guide #943,Gaming,6624,303,19,12.17,40.03,296.2,98,14
VID00944,2024-03-31,Easy Recipes #944,Food,12087,1120,91,6.55,54.84,508.9,50,23
VID00945,2024-03-31,Best Apps #945,Tech,15563,1672,83,11.16,75.85,765.7,385,20
VID00946,2024-03-31,Office Comedy #946,Comedy,16950,1221,177,4.96,58.56,1676.6,180,8
VID00947,2024-04-01,Phone Features You Missed #947,Tech,26042,819,90,4.52,68.88,1848.8,164,22
VID00948,2024-04-01,Cooking Tips #948,Food,13220,1373,163,4.75,81.24,1456.7,336,12
VID00949,2024-04-01,Cooking Tips #949,Food,2391,159,24,8.07,45.33,172.3,43,21
VID00950,2024-04-01,Hidden Places #950,Travel,21893,2072,197,8.32,80.2,667.7,341,19
VID00951,2024-04-01,Easy Recipes #951,Food,6237,275,6,8.05,55.0,178.5,83,21
VID00952,2024-04-01,Tech Hacks #952,Tech,6461,391,24,4.86,77.38,682.9,74,21
VID00953,2024-04-01,Parents Be Like #953,Comedy,38827,3723,200,7.22,73.45,6459.4,729,14
VID00954,2024-04-01,Street Food Tour #954,Food,8903,766,99,3.82,41.59,415.4,182,12
VID00955,2024-04-01,Interview Preparation #955,Education,6330,217,82,7.69,56.95,153.5,111,20
VID00956,2024-04-01,Best Friend Problems #956,Comedy,15996,803,193,8.75,67.61,1840.7,183,19
VID00957,2024-04-01,Daily Routine #957,Lifestyle,4659,340,40,7.77,50.9,301.2,38,18
VID00958,2024-04-02,Saving Money #958,Finance,15685,896,77,8.01,40.08,639.9,147,12
VID00959,2024-04-02,Interview Preparation #959,Education,5726,591,18,7.76,65.66,728.5,122,19
VID00960,2024-04-02,Exam Preparation Guide #960,Education,7372,627,29,9.74,38.75,397.5,87,22
VID00961,2024-04-02,Learning Strategies #961,Education,25345,2042,282,8.71,64.55,1515.6,292,16
VID00962,2024-04-02,Budget Lifestyle #962,Lifestyle,18973,545,161,7.55,68.72,1450.6,369,18
VID00963,2024-04-02,Gaming Highlights #963,Gaming,8477,733,71,3.93,57.85,689.8,23,19
VID00964,2024-04-02,Weekend Travel Vlog #964,Travel,17351,1104,191,8.55,51.89,1780.1,309,20
VID00965,2024-04-02,Productivity Tips #965,Education,5155,379,59,9.41,57.13,241.8,58,22
VID00966,2024-04-02,Study Tips That Work #966,Education,13780,1509,76,10.89,65.41,1513.7,100,23
VID00967,2024-04-02,Laptop Buying Guide #967,Tech,29358,3152,170,8.72,61.89,3489.1,614,12
VID00968,2024-04-03,Best Settings #968,Gaming,41430,1647,383,6.23,72.01,4893.1,862,19
VID00969,2024-04-03,Best Restaurants #969,Food,18040,584,144,7.54,55.6,734.7,304,19
VID00970,2024-04-03,Weekend Travel Vlog #970,Travel,27606,1709,197,8.32,42.42,1326.7,91,10
VID00971,2024-04-03,Healthy Habits #971,Lifestyle,15614,1551,175,6.46,60.15,940.9,195,22
VID00972,2024-04-03,Food Review #972,Food,15128,839,141,4.61,53.56,790.7,185,16
VID00973,2024-04-03,Relatable College Life #973,Comedy,9548,848,42,7.92,59.78,1086.9,166,20
VID00974,2024-04-03,Personal Finance Tips #974,Finance,10952,914,92,9.37,54.27,780.3,157,20
VID00975,2024-04-03,Morning Routine #975,Lifestyle,3941,148,7,7.62,68.9,171.0,45,20
VID00976,2024-04-03,Budget Meals #976,Food,41954,1166,267,7.16,53.09,3828.1,897,6
VID00977,2024-04-03,Expectation vs Reality #977,Comedy,24658,1119,332,6.28,81.67,2230.2,222,19
VID00978,2024-04-03,Daily Routine #978,Lifestyle,31837,1231,320,6.07,65.32,4689.0,134,10
VID00979,2024-04-04,Best Friend Problems #979,Comedy,18676,1896,226,11.95,57.17,910.0,348,21
VID00980,2024-04-04,Budget Meals #980,Food,2501,161,13,7.16,78.73,109.1,16,21
VID00981,2024-04-04,Best Friend Problems #981,Comedy,15652,919,16,6.76,66.63,1986.0,149,12
VID00982,2024-04-04,Laptop Buying Guide #982,Tech,22735,888,264,5.9,71.42,4005.0,374,18
VID00983,2024-04-04,Learning Strategies #983,Education,7886,610,110,4.65,59.6,854.9,165,10
VID00984,2024-04-04,Best Restaurants #984,Food,15672,604,16,7.41,61.24,380.0,327,16
VID00985,2024-04-04,Travel Guide #985,Travel,4916,502,54,6.05,66.16,308.8,92,16
VID00986,2024-04-04,Morning Routine #986,Lifestyle,10957,978,58,6.49,55.0,365.4,162,23
VID00987,2024-04-04,Best Friend Problems #987,Comedy,1590,64,16,7.42,63.25,158.9,31,12
VID00988,2024-04-04,Relatable College Life #988,Comedy,44704,1989,112,5.69,41.81,1067.3,222,19
VID00989,2024-04-05,Travel Guide #989,Travel,23622,1509,159,7.62,51.87,1252.6,402,18
VID00990,2024-04-05,Morning Routine #990,Lifestyle,14930,1617,132,10.04,60.99,1180.4,72,21
VID00991,2024-04-05,Gaming Tips #991,Gaming,16471,1494,217,9.12,66.9,2403.5,170,16
VID00992,2024-04-05,Travel Mistakes #992,Travel,19457,720,142,9.13,65.26,2786.1,151,14
VID00993,2024-04-05,Expectation vs Reality #993,Comedy,35315,1606,335,8.54,47.7,970.2,282,20
VID00994,2024-04-05,Expectation vs Reality #994,Comedy,10729,1137,19,3.48,55.87,531.5,189,22
VID00995,2024-04-05,Career Tips #995,Education,6042,309,46,7.36,67.9,717.7,28,21
VID00996,2024-04-05,Best Apps #996,Tech,73539,6297,83,7.36,48.97,2236.1,296,19
VID00997,2024-04-05,Funny Family Moments #997,Comedy,35602,2134,153,9.07,58.85,3577.6,691,16
VID00998,2024-04-05,Morning Routine #998,Lifestyle,13328,1100,139,11.84,47.85,288.7,269,21
VID00999,2024-04-06,Game Challenge #999,Gaming,14942,677,150,10.7,50.36,504.4,99,14
VID01000,2024-04-06,Day In My Life #1000,Lifestyle,3919,188,37,6.28,33.76,84.6,75,6
VID01001,2024-04-06,Parents Be Like #1001,Comedy,109656,10204,919,5.27,55.2,9860.5,1291,21
VID01002,2024-04-06,Budget Lifestyle #1002,Lifestyle,8472,667,63,9.25,54.91,670.1,64,20
VID01003,2024-04-06,Weekend Travel Vlog #1003,Travel,11773,396,77,8.87,58.96,1143.8,257,14
VID01004,2024-04-06,Easy Recipes #1004,Food,8985,608,92,6.87,67.71,438.9,139,12
VID01005,2024-04-06,Cooking Tips #1005,Food,7894,464,103,6.94,64.55,652.9,156,18
VID01006,2024-04-06,Gaming Highlights #1006,Gaming,7506,563,79,8.5,59.73,171.6,136,22
VID01007,2024-04-06,Game Challenge #1007,Gaming,9979,626,81,6.19,57.15,888.2,52,6
VID01008,2024-04-06,Hidden Places #1008,Travel,3523,150,10,8.9,82.08,530.2,50,18
VID01009,2024-04-06,Exam Preparation Guide #1009,Education,30330,1615,40,8.85,59.44,1824.8,670,14
VID01010,2024-04-07,Productivity Tips #1010,Education,30718,866,261,10.28,52.04,1770.4,681,16
VID01011,2024-04-07,Budget Travel Tips #1011,Travel,14577,682,12,7.43,71.08,821.8,134,20
VID01012,2024-04-07,Healthy Habits #1012,Lifestyle,14598,1031,192,9.8,49.27,571.2,180,20
VID01013,2024-04-07,Best Apps #1013,Tech,10484,282,68,3.76,61.33,746.3,51,10
VID01014,2024-04-07,Travel Mistakes #1014,Travel,23133,610,311,7.92,57.5,1486.4,328,20
VID01015,2024-04-07,Relatable College Life #1015,Comedy,10639,896,16,5.74,59.45,529.6,144,20
VID01016,2024-04-07,Study Tips That Work #1016,Education,35507,3810,349,7.34,57.07,3336.0,433,16
VID01017,2024-04-07,Parents Be Like #1017,Comedy,5834,572,9,6.06,44.29,372.8,18,20
VID01018,2024-04-07,Study Tips That Work #1018,Education,31909,1570,308,9.69,69.95,3595.9,138,23
VID01019,2024-04-07,Best Restaurants #1019,Food,2422,95,24,5.61,61.96,79.0,48,22
VID01020,2024-04-08,Budget Travel Tips #1020,Travel,171063,12389,2026,11.49,61.46,15514.0,1420,14
VID01021,2024-04-08,Daily Routine #1021,Lifestyle,12387,826,107,6.82,72.52,449.0,285,19
VID01022,2024-04-08,Investment Basics #1022,Finance,9548,444,8,4.21,73.4,1354.0,84,21
VID01023,2024-04-08,Study Tips That Work #1023,Education,3964,339,53,6.33,73.03,209.4,38,14
VID01024,2024-04-08,Travel Mistakes #1024,Travel,36229,3718,396,9.62,61.58,1901.9,117,14
VID01025,2024-04-08,Gaming Tips #1025,Gaming,8597,580,43,3.3,66.59,1052.9,34,14
VID01026,2024-04-08,Weekend Vlog #1026,Lifestyle,2883,154,21,8.49,66.45,102.0,36,16
VID01027,2024-04-08,Study Tips That Work #1027,Education,12955,1323,49,7.25,70.48,1187.7,271,10
VID01028,2024-04-08,Weekend Vlog #1028,Lifestyle,2953,209,34,5.92,74.0,483.8,60,14
VID01029,2024-04-08,Daily Routine #1029,Lifestyle,4643,147,37,7.58,56.5,396.2,76,20
VID01030,2024-04-08,Parents Be Like #1030,Comedy,17025,774,46,7.66,62.79,1137.5,88,16
VID01031,2024-04-09,Daily Routine #1031,Lifestyle,10021,359,57,10.02,71.31,972.0,90,10
VID01032,2024-04-09,Cooking Tips #1032,Food,9451,828,64,8.75,62.25,332.6,87,22
VID01033,2024-04-09,Travel Mistakes #1033,Travel,5017,264,5,10.72,54.74,463.5,33,16
VID01034,2024-04-09,Travel Mistakes #1034,Travel,13113,709,152,11.14,63.5,379.3,145,16
VID01035,2024-04-09,Day In My Life #1035,Lifestyle,9742,845,120,4.34,70.59,484.1,173,6
VID01036,2024-04-09,Street Food Tour #1036,Food,12425,1311,86,8.94,54.55,1126.4,59,22
VID01037,2024-04-09,Best Settings #1037,Gaming,3641,294,45,6.36,67.35,314.0,50,16
VID01038,2024-04-09,Phone Features You Missed #1038,Tech,15768,901,159,8.18,68.3,834.5,339,20
VID01039,2024-04-09,Weekend Vlog #1039,Lifestyle,7387,765,52,6.71,62.28,219.3,156,18
VID01040,2024-04-09,Useful Tech Tips #1040,Tech,1734,104,18,11.7,44.42,136.3,11,19
VID01041,2024-04-10,Laptop Buying Guide #1041,Tech,17265,1877,211,5.51,82.85,2128.9,252,20
VID01042,2024-04-10,Best Restaurants #1042,Food,10526,447,96,8.84,52.39,892.8,40,10
VID01043,2024-04-10,Budget Meals #1043,Food,8831,245,66,7.24,68.24,471.0,89,20
VID01044,2024-04-10,Budget Planning #1044,Finance,14835,414,83,8.33,68.67,2068.3,264,19
VID01045,2024-04-10,Personal Finance Tips #1045,Finance,7707,432,48,6.18,66.8,922.5,56,16
VID01046,2024-04-10,Cooking Tips #1046,Food,7934,681,53,9.25,59.63,293.8,154,19
VID01047,2024-04-10,Personal Finance Tips #1047,Finance,21326,642,132,8.53,53.6,1540.5,183,18
VID01048,2024-04-10,Relatable College Life #1048,Comedy,11688,515,55,7.12,56.53,1192.0,105,21
VID01049,2024-04-10,Laptop Buying Guide #1049,Tech,22550,2219,168,5.6,64.91,1334.5,157,18
VID01050,2024-04-10,Laptop Buying Guide #1050,Tech,15077,1446,16,12.72,72.8,913.9,239,19
VID01051,2024-04-11,Funny Family Moments #1051,Comedy,40128,2178,93,6.96,67.1,2708.4,875,16
VID01052,2024-04-11,Weekend Travel Vlog #1052,Travel,67111,2499,666,5.31,53.1,1754.4,729,21
VID01053,2024-04-11,AI Tools #1053,Tech,4048,396,46,9.6,54.34,320.5,68,21
VID01054,2024-04-11,Weekend Travel Vlog #1054,Travel,31742,2645,339,6.76,50.73,2938.3,101,22
VID01055,2024-04-11,Phone Features You Missed #1055,Tech,9685,886,52,10.65,51.57,583.2,56,16
VID01056,2024-04-11,Weekend Travel Vlog #1056,Travel,5489,312,45,7.4,52.99,171.8,120,21
VID01057,2024-04-11,Beginner Guide #1057,Gaming,26229,2033,116,7.9,82.09,2722.8,516,12
VID01058,2024-04-11,Career Tips #1058,Education,28669,786,180,11.43,56.05,775.0,207,10
VID01059,2024-04-11,Best Settings #1059,Gaming,2921,275,34,4.4,64.24,137.5,60,19
VID01060,2024-04-11,Office Comedy #1060,Comedy,4288,124,8,8.07,73.36,429.5,81,23
VID01061,2024-04-11,AI Tools #1061,Tech,4390,174,61,7.62,64.45,429.9,31,20
VID01062,2024-04-12,Best Settings #1062,Gaming,9607,895,43,4.86,60.04,637.1,81,19
VID01063,2024-04-12,Top Games #1063,Gaming,13066,1419,127,10.61,58.62,1424.7,221,19
VID01064,2024-04-12,Expectation vs Reality #1064,Comedy,10982,373,24,7.58,74.31,549.9,267,22
VID01065,2024-04-12,Exam Preparation Guide #1065,Education,28612,1352,56,9.95,59.47,3033.8,505,19
VID01066,2024-04-12,Funny Family Moments #1066,Comedy,11316,370,100,7.23,54.62,448.0,98,19
VID01067,2024-04-12,Food Review #1067,Food,5860,234,66,8.62,68.6,318.8,85,20
VID01068,2024-04-12,Gaming Highlights #1068,Gaming,6089,332,55,10.33,51.05,380.0,122,16
VID01069,2024-04-12,Best Settings #1069,Gaming,28723,1884,216,11.5,79.5,1048.0,269,21
VID01070,2024-04-12,Food Review #1070,Food,4192,326,31,10.55,56.39,538.3,93,20
VID01071,2024-04-12,Food Review #1071,Food,14629,372,112,10.92,59.75,893.8,144,10
VID01072,2024-04-13,Money Mistakes #1072,Finance,15292,1203,157,8.0,65.11,2107.8,260,21
VID01073,2024-04-13,Healthy Habits #1073,Lifestyle,7111,406,55,9.93,75.53,967.3,23,18
VID01074,2024-04-13,AI Tools #1074,Tech,3544,234,9,4.82,72.46,172.0,67,18
VID01075,2024-04-13,Parents Be Like #1075,Comedy,6024,382,40,10.91,52.48,248.2,121,23
VID01076,2024-04-13,Game Challenge #1076,Gaming,5690,305,10,6.78,50.72,232.1,109,19
VID01077,2024-04-13,Tech Hacks #1077,Tech,20293,779,275,7.73,53.4,2009.9,402,22
VID01078,2024-04-13,Laptop Buying Guide #1078,Tech,18578,1057,100,7.66,64.35,614.4,342,21
VID01079,2024-04-13,Street Food Tour #1079,Food,35536,1836,410,8.47,49.39,1880.9,696,22
VID01080,2024-04-13,Tech Hacks #1080,Tech,18176,1610,233,4.95,56.64,1151.8,115,21
VID01081,2024-04-13,Easy Recipes #1081,Food,3743,369,24,6.77,68.75,297.1,29,22
VID01082,2024-04-14,Best Friend Problems #1082,Comedy,17278,1461,65,9.21,61.5,652.2,279,16
VID01083,2024-04-14,Budget Planning #1083,Finance,18071,868,24,6.2,63.71,2453.4,387,23
VID01084,2024-04-14,Funny Family Moments #1084,Comedy,6859,654,76,5.19,43.04,463.0,50,18
VID01085,2024-04-14,Investment Basics #1085,Finance,3477,327,28,5.85,57.53,350.6,45,18
VID01086,2024-04-14,Tech Hacks #1086,Tech,19885,1359,141,5.25,70.06,956.4,452,20
VID01087,2024-04-14,Expectation vs Reality #1087,Comedy,25422,1491,234,7.55,56.08,2691.5,257,14
VID01088,2024-04-14,Expectation vs Reality #1088,Comedy,6103,373,23,4.98,66.49,523.9,104,14
VID01089,2024-04-14,Phone Features You Missed #1089,Tech,5459,329,15,8.1,48.33,418.0,115,20
VID01090,2024-04-14,Best Settings #1090,Gaming,3336,204,6,6.59,69.01,547.8,23,20
VID01091,2024-04-14,Day In My Life #1091,Lifestyle,44922,3199,298,8.11,47.7,1817.9,518,22
VID01092,2024-04-14,Credit Score Tips #1092,Finance,3708,270,34,10.43,51.62,196.8,42,12
VID01093,2024-04-15,Gaming Highlights #1093,Gaming,2767,265,36,7.03,55.71,324.8,43,21
VID01094,2024-04-15,Interview Preparation #1094,Education,16029,1271,81,7.23,51.68,954.0,99,20
VID01095,2024-04-15,Easy Recipes #1095,Food,1280,111,13,11.71,50.66,72.7,25,6
VID01096,2024-04-15,Phone Features You Missed #1096,Tech,3523,92,40,7.4,45.15,244.6,14,18
VID01097,2024-04-15,Tech Hacks #1097,Tech,1601,169,11,3.86,74.91,181.1,16,21
VID01098,2024-04-15,Travel Mistakes #1098,Travel,84136,6312,700,12.86,61.74,12408.7,1752,23
VID01099,2024-04-15,Travel Guide #1099,Travel,4059,379,9,11.02,53.35,413.2,19,20
VID01100,2024-04-15,Productivity Tips #1100,Education,5263,523,72,5.95,67.48,141.1,79,14
VID01101,2024-04-15,Productivity Tips #1101,Education,11993,1207,88,5.13,60.77,1163.6,41,21
VID01102,2024-04-15,Career Tips #1102,Education,12895,939,66,4.95,60.86,397.3,128,20
VID01103,2024-04-16,Exam Preparation Guide #1103,Education,4470,414,52,6.4,57.67,437.8,100,16
VID01104,2024-04-16,Gaming Highlights #1104,Gaming,4955,406,40,7.3,50.26,124.8,79,6
VID01105,2024-04-16,Expectation vs Reality #1105,Comedy,5193,336,55,9.68,66.41,542.0,61,18
VID01106,2024-04-16,Phone Features You Missed #1106,Tech,18813,1850,142,5.6,56.83,2092.0,400,18
VID01107,2024-04-16,Weekend Vlog #1107,Lifestyle,12177,511,116,7.55,53.23,320.7,245,21
VID01108,2024-04-16,Best Settings #1108,Gaming,4087,290,18,8.11,71.57,124.1,59,18
VID01109,2024-04-16,Career Tips #1109,Education,14198,774,58,7.41,67.73,1402.5,255,16
VID01110,2024-04-16,Best Places to Visit #1110,Travel,49470,3988,66,12.13,45.29,1783.4,570,21
VID01111,2024-04-16,Saving Money #1111,Finance,4293,252,44,6.55,57.76,137.3,58,12
VID01112,2024-04-16,Best Restaurants #1112,Food,19420,1418,154,8.02,56.45,2424.9,392,12
VID01113,2024-04-16,Budget Travel Tips #1113,Travel,50983,2767,57,6.27,50.27,1327.6,491,21
VID01114,2024-04-17,Budget Travel Tips #1114,Travel,36437,1883,293,4.67,65.28,1175.2,851,14
VID01115,2024-04-17,Relatable College Life #1115,Comedy,90990,8031,194,5.96,38.22,4743.3,1786,19
VID01116,2024-04-17,Expectation vs Reality #1116,Comedy,22690,723,244,8.28,41.88,1682.2,350,10
VID01117,2024-04-17,Useful Tech Tips #1117,Tech,19283,1379,42,7.79,55.41,1783.8,385,18
VID01118,2024-04-17,Easy Recipes #1118,Food,28223,882,242,9.36,39.53,877.8,79,20
VID01119,2024-04-17,Gaming Tips #1119,Gaming,11265,403,99,9.12,49.61,697.3,109,20
VID01120,2024-04-17,Phone Features You Missed #1120,Tech,24480,2161,211,9.69,56.73,950.7,402,21
VID01121,2024-04-17,Best Friend Problems #1121,Comedy,23321,1239,215,9.41,56.0,905.9,169,8
VID01122,2024-04-17,AI Tools #1122,Tech,15653,531,54,7.27,44.05,701.7,135,12
VID01123,2024-04-17,Funny Family Moments #1123,Comedy,5402,424,9,10.26,58.33,130.2,19,20
VID01124,2024-04-18,Phone Features You Missed #1124,Tech,2357,60,29,7.18,60.95,82.9,35,16
VID01125,2024-04-18,Funny Family Moments #1125,Comedy,8146,619,8,9.19,53.19,960.1,65,21
VID01126,2024-04-18,Budget Meals #1126,Food,11657,1099,114,9.19,57.9,383.0,258,21
VID01127,2024-04-18,Study Tips That Work #1127,Education,5155,286,36,10.05,46.38,314.3,101,19
VID01128,2024-04-18,Best Apps #1128,Tech,11534,1022,41,7.87,65.75,802.0,210,22
VID01129,2024-04-18,Investment Basics #1129,Finance,29096,2361,398,10.61,51.1,2730.6,397,18
VID01130,2024-04-18,Budget Travel Tips #1130,Travel,7943,479,88,4.49,52.63,512.7,144,16
VID01131,2024-04-18,Travel Guide #1131,Travel,13701,580,118,9.11,86.19,1644.2,249,12
VID01132,2024-04-18,Game Challenge #1132,Gaming,2717,74,9,6.46,61.65,186.2,47,22
VID01133,2024-04-18,Investment Basics #1133,Finance,33957,3021,266,9.38,51.81,2841.0,633,20
VID01134,2024-04-19,Phone Features You Missed #1134,Tech,5870,402,23,6.98,45.95,439.3,46,19
VID01135,2024-04-19,Personal Finance Tips #1135,Finance,4673,418,60,8.97,55.53,447.9,12,23
VID01136,2024-04-19,Best Places to Visit #1136,Travel,12441,1308,33,10.54,48.95,498.6,40,20
VID01137,2024-04-19,Interview Preparation #1137,Education,14966,1495,144,6.7,52.69,1551.2,146,16
VID01138,2024-04-19,Parents Be Like #1138,Comedy,24047,2459,156,9.71,49.83,1989.0,140,12
VID01139,2024-04-19,Investment Basics #1139,Finance,102428,5923,1402,9.6,60.09,6032.3,2305,16
VID01140,2024-04-19,Budget Meals #1140,Food,15913,741,133,7.71,51.28,1547.9,178,23
VID01141,2024-04-19,Expectation vs Reality #1141,Comedy,21771,803,140,7.01,62.06,1356.1,346,14
VID01142,2024-04-19,Office Comedy #1142,Comedy,7575,407,75,7.95,56.38,474.6,158,21
VID01143,2024-04-19,Office Comedy #1143,Comedy,256097,25209,1812,9.08,45.3,14598.6,686,19
VID01144,2024-04-19,Hidden Places #1144,Travel,13874,1494,83,10.16,74.36,1442.9,69,22
VID01145,2024-04-20,Weekend Travel Vlog #1145,Travel,32733,3446,116,8.57,36.11,1696.4,254,8
VID01146,2024-04-20,Productivity Tips #1146,Education,9401,602,115,7.79,62.13,557.8,212,22
VID01147,2024-04-20,Best Places to Visit #1147,Travel,3178,221,23,7.12,62.24,147.6,10,14
VID01148,2024-04-20,Travel Mistakes #1148,Travel,4606,149,13,4.65,68.19,133.5,55,12
VID01149,2024-04-20,Expectation vs Reality #1149,Comedy,14302,1487,75,8.35,55.75,1009.7,317,22
VID01150,2024-04-20,Investment Basics #1150,Finance,4469,270,61,5.99,52.0,143.5,41,18
VID01151,2024-04-20,Best Places to Visit #1151,Travel,41575,2596,149,5.21,56.57,5639.5,813,14
VID01152,2024-04-20,Daily Routine #1152,Lifestyle,16423,827,137,8.27,76.86,1046.1,81,18
VID01153,2024-04-20,Easy Recipes #1153,Food,43504,2646,269,5.76,84.88,2286.2,272,20
VID01154,2024-04-20,Budget Planning #1154,Finance,17630,691,185,3.69,60.09,1400.2,203,12
VID01155,2024-04-21,Exam Preparation Guide #1155,Education,91555,3511,931,10.55,61.31,2798.9,1974,10
VID01156,2024-04-21,Weekend Vlog #1156,Lifestyle,17771,953,203,10.54,63.34,1550.9,211,12
VID01157,2024-04-21,Travel Guide #1157,Travel,3811,332,44,10.53,40.68,292.6,13,12
VID01158,2024-04-21,Investment Basics #1158,Finance,4048,399,22,9.28,50.65,337.9,34,16
VID01159,2024-04-21,Morning Routine #1159,Lifestyle,21424,669,76,3.82,60.3,2019.3,159,8
VID01160,2024-04-21,Budget Lifestyle #1160,Lifestyle,2275,247,25,5.45,70.44,115.7,31,22
VID01161,2024-04-21,Exam Preparation Guide #1161,Education,10843,1059,90,7.53,41.23,402.6,72,12
VID01162,2024-04-21,Weekend Vlog #1162,Lifestyle,17974,1372,176,10.47,78.48,1744.3,449,20
VID01163,2024-04-21,Learning Strategies #1163,Education,5186,315,17,6.22,70.27,537.9,63,20
VID01164,2024-04-21,Relatable College Life #1164,Comedy,103032,7029,407,7.12,51.91,12446.1,498,19
VID01165,2024-04-21,Best Places to Visit #1165,Travel,4771,466,54,5.75,63.71,251.5,80,16
VID01166,2024-04-22,Laptop Buying Guide #1166,Tech,59485,2785,294,7.97,70.24,3257.0,425,18
VID01167,2024-04-22,Budget Lifestyle #1167,Lifestyle,5257,452,52,10.58,59.1,342.7,78,14
VID01168,2024-04-22,AI Tools #1168,Tech,50939,1291,581,4.12,66.3,3740.4,900,20
VID01169,2024-04-22,Day In My Life #1169,Lifestyle,7493,528,91,9.44,60.72,247.9,132,22
VID01170,2024-04-22,Budget Meals #1170,Food,66147,4869,324,6.64,74.64,7868.4,336,19
VID01171,2024-04-22,Easy Recipes #1171,Food,1852,97,9,6.76,62.71,229.3,18,19
VID01172,2024-04-22,Easy Recipes #1172,Food,12771,1294,32,6.71,60.32,1119.5,270,21
VID01173,2024-04-22,Budget Lifestyle #1173,Lifestyle,5804,513,77,8.93,62.7,215.4,102,12
VID01174,2024-04-22,Day In My Life #1174,Lifestyle,2063,119,6,5.39,55.73,120.8,25,16
VID01175,2024-04-22,Study Tips That Work #1175,Education,48147,3171,207,6.05,78.55,2121.0,777,20
VID01176,2024-04-23,Weekend Vlog #1176,Lifestyle,4569,419,34,9.42,58.49,336.2,84,23
VID01177,2024-04-23,Productivity Tips #1177,Education,3904,116,24,6.51,53.37,462.9,42,8
VID01178,2024-04-23,Travel Guide #1178,Travel,7091,722,98,6.53,52.4,594.3,130,6
VID01179,2024-04-23,Top Games #1179,Gaming,6209,254,79,9.04,61.99,451.7,144,16
VID01180,2024-04-23,Healthy Habits #1180,Lifestyle,19304,1482,190,7.57,60.37,2237.0,326,21
VID01181,2024-04-23,AI Tools #1181,Tech,7918,489,63,7.13,54.21,434.8,91,22
VID01182,2024-04-23,Relatable College Life #1182,Comedy,2351,245,13,6.32,58.15,261.1,52,23
VID01183,2024-04-23,Parents Be Like #1183,Comedy,10508,804,105,9.96,62.53,812.8,115,18
VID01184,2024-04-23,Phone Features You Missed #1184,Tech,22909,1890,171,6.59,76.96,3233.3,328,12
VID01185,2024-04-23,Relatable College Life #1185,Comedy,25989,1701,139,9.48,68.85,928.9,422,20
VID01186,2024-04-24,Budget Travel Tips #1186,Travel,1711,50,10,11.64,66.9,138.1,28,18
VID01187,2024-04-24,Healthy Habits #1187,Lifestyle,14357,514,13,4.05,48.11,765.0,41,20
VID01188,2024-04-24,Phone Features You Missed #1188,Tech,3217,196,24,10.42,69.78,212.2,66,18
VID01189,2024-04-24,Interview Preparation #1189,Education,6587,366,39,7.97,66.34,685.8,114,12
VID01190,2024-04-24,Food Review #1190,Food,3594,127,48,6.09,52.39,340.2,12,16
VID01191,2024-04-24,Relatable College Life #1191,Comedy,29180,2906,227,6.04,63.21,2384.2,372,18
VID01192,2024-04-24,Best Settings #1192,Gaming,17404,938,44,11.97,59.71,1637.9,269,12
VID01193,2024-04-24,Parents Be Like #1193,Comedy,45084,2213,487,8.91,55.27,3275.9,155,19
VID01194,2024-04-24,Funny Family Moments #1194,Comedy,20105,1390,278,8.65,57.8,1425.4,418,20
VID01195,2024-04-24,Top Games #1195,Gaming,2990,295,13,10.43,41.69,264.6,57,18
VID01196,2024-04-24,Money Mistakes #1196,Finance,6836,746,72,6.63,83.78,605.0,98,16
VID01197,2024-04-25,Funny Family Moments #1197,Comedy,1574,121,8,10.17,33.4,94.0,26,19
VID01198,2024-04-25,Game Challenge #1198,Gaming,5169,519,66,6.41,65.31,418.4,28,10
VID01199,2024-04-25,Interview Preparation #1199,Education,12726,422,62,10.55,51.17,442.7,69,12
VID01200,2024-04-25,Weekend Vlog #1200,Lifestyle,4192,398,9,6.05,52.08,186.8,48,10
VID01201,2024-04-25,Study Tips That Work #1201,Education,4749,136,35,6.1,57.3,253.6,78,22
VID01202,2024-04-25,Best Settings #1202,Gaming,3297,238,15,7.0,68.76,187.3,50,16
VID01203,2024-04-25,Daily Routine #1203,Lifestyle,7924,847,55,6.76,55.41,330.7,34,8
VID01204,2024-04-25,Productivity Tips #1204,Education,12659,937,72,7.5,74.54,2185.2,271,18
VID01205,2024-04-25,Expectation vs Reality #1205,Comedy,7120,621,69,10.97,53.57,482.6,157,21
VID01206,2024-04-25,Travel Guide #1206,Travel,14904,737,68,9.59,62.59,1184.4,221,19
VID01207,2024-04-26,Laptop Buying Guide #1207,Tech,901,96,6,9.3,67.67,44.2,12,21
VID01208,2024-04-26,Best Settings #1208,Gaming,4759,438,36,9.44,70.97,643.3,101,22
VID01209,2024-04-26,Travel Mistakes #1209,Travel,25481,2407,126,9.34,54.35,1951.0,473,22
VID01210,2024-04-26,Expectation vs Reality #1210,Comedy,54673,1451,514,6.87,73.38,2016.5,569,21
VID01211,2024-04-26,Food Review #1211,Food,26569,2377,227,4.19,60.51,765.5,359,16
VID01212,2024-04-26,Best Settings #1212,Gaming,2555,94,31,8.5,68.3,163.9,15,22
VID01213,2024-04-26,Office Comedy #1213,Comedy,12793,459,136,4.55,66.12,1104.4,176,18
VID01214,2024-04-26,Relatable College Life #1214,Comedy,21437,2267,62,8.56,62.69,1272.8,232,20
VID01215,2024-04-26,Day In My Life #1215,Lifestyle,12640,806,164,7.73,56.35,722.0,133,12
VID01216,2024-04-26,Budget Travel Tips #1216,Travel,3632,95,3,7.77,67.71,391.4,37,21
VID01217,2024-04-26,Easy Recipes #1217,Food,8541,547,63,10.14,42.71,832.1,162,22
VID01218,2024-04-27,Travel Mistakes #1218,Travel,29702,2952,146,10.47,45.65,1361.6,528,19
VID01219,2024-04-27,Street Food Tour #1219,Food,3541,148,24,6.94,73.57,269.2,50,19
VID01220,2024-04-27,Gaming Highlights #1220,Gaming,3470,308,42,4.43,72.72,261.3,53,16
VID01221,2024-04-27,Best Friend Problems #1221,Comedy,16160,1400,155,5.94,68.88,2010.9,134,16
VID01222,2024-04-27,Productivity Tips #1222,Education,30767,3022,202,3.91,45.26,2027.2,490,14
VID01223,2024-04-27,Budget Travel Tips #1223,Travel,8984,752,41,6.44,66.67,900.3,143,14
VID01224,2024-04-27,Cooking Tips #1224,Food,22122,2312,36,9.0,51.8,1498.6,242,21
VID01225,2024-04-27,Interview Preparation #1225,Education,10596,293,16,6.63,47.58,324.8,147,14
VID01226,2024-04-27,Budget Travel Tips #1226,Travel,5145,248,18,9.67,62.95,487.9,112,18
VID01227,2024-04-27,Budget Lifestyle #1227,Lifestyle,4053,232,32,8.69,67.05,369.6,70,18
VID01228,2024-04-28,Weekend Vlog #1228,Lifestyle,2269,84,19,6.52,40.8,213.5,12,10
VID01229,2024-04-28,Weekend Vlog #1229,Lifestyle,13985,405,40,9.26,67.17,1780.6,77,18
VID01230,2024-04-28,Useful Tech Tips #1230,Tech,16630,1391,167,5.53,80.24,2593.3,117,18
VID01231,2024-04-28,Best Restaurants #1231,Food,1612,157,16,8.69,65.42,185.8,16,19
VID01232,2024-04-28,Investment Basics #1232,Finance,10510,1120,140,6.18,70.24,429.3,195,14
VID01233,2024-04-28,Saving Money #1233,Finance,19773,1363,67,5.87,63.94,2062.1,278,16
VID01234,2024-04-28,Saving Money #1234,Finance,4541,476,58,9.89,39.28,238.6,93,21
VID01235,2024-04-28,Parents Be Like #1235,Comedy,10966,971,130,4.27,74.98,732.6,55,22
VID01236,2024-04-28,Best Apps #1236,Tech,11463,395,50,8.15,55.27,1156.7,182,19
VID01237,2024-04-28,Weekend Vlog #1237,Lifestyle,59354,6060,734,11.17,59.21,3390.5,1103,18
VID01238,2024-04-29,Gaming Highlights #1238,Gaming,27717,1943,88,7.49,67.16,3464.1,500,21
VID01239,2024-04-29,Office Comedy #1239,Comedy,149572,9898,1493,12.15,69.13,20309.3,2501,16
VID01240,2024-04-29,Street Food Tour #1240,Food,9320,471,14,4.36,61.12,580.3,77,14
VID01241,2024-04-29,Best Apps #1241,Tech,17858,1077,84,7.01,57.16,1231.3,140,21
VID01242,2024-04-29,Study Tips That Work #1242,Education,12935,512,163,6.25,71.42,489.6,249,19
VID01243,2024-04-29,Career Tips #1243,Education,41592,2830,546,10.56,52.63,2088.8,309,16
VID01244,2024-04-29,Investment Basics #1244,Finance,32465,878,67,11.26,48.42,893.8,275,16
VID01245,2024-04-29,Travel Guide #1245,Travel,16398,953,190,8.24,67.02,763.1,250,19
VID01246,2024-04-29,Game Challenge #1246,Gaming,22872,1619,155,10.13,64.18,1005.7,256,12
VID01247,2024-04-29,Best Restaurants #1247,Food,21237,1042,275,9.02,60.55,1251.0,150,16
VID01248,2024-04-29,Weekend Travel Vlog #1248,Travel,18864,566,217,6.38,68.14,2040.7,82,8
VID01249,2024-04-30,Interview Preparation #1249,Education,2513,113,25,10.19,68.8,144.5,11,18
VID01250,2024-04-30,Best Apps #1250,Tech,15384,1446,28,9.49,46.77,1038.7,284,18
VID01251,2024-04-30,Office Comedy #1251,Comedy,25891,1929,309,8.58,70.01,2171.8,83,22
VID01252,2024-04-30,Saving Money #1252,Finance,5191,482,39,7.41,42.75,439.9,43,21
VID01253,2024-04-30,Budget Travel Tips #1253,Travel,15911,749,87,5.18,65.55,685.9,260,8
VID01254,2024-04-30,Top Games #1254,Gaming,5976,178,19,9.54,72.83,715.1,121,18
VID01255,2024-04-30,Useful Tech Tips #1255,Tech,8029,688,81,6.55,71.08,944.0,59,19
VID01256,2024-04-30,Game Challenge #1256,Gaming,16810,672,13,8.63,40.84,786.0,253,19
VID01257,2024-04-30,Food Review #1257,Food,25387,1459,346,8.92,61.04,2314.5,270,10
VID01258,2024-04-30,Exam Preparation Guide #1258,Education,16192,1339,144,7.98,58.1,1517.2,320,18
VID01259,2024-05-01,Food Review #1259,Food,14260,1555,102,6.84,48.51,476.1,136,16
VID01260,2024-05-01,Healthy Habits #1260,Lifestyle,42435,1098,587,11.44,57.54,1877.5,744,12
VID01261,2024-05-01,Best Places to Visit #1261,Travel,4751,330,62,8.52,25.0,215.9,44,12
VID01262,2024-05-01,Investment Basics #1262,Finance,3117,180,37,7.11,57.17,164.4,37,18
VID01263,2024-05-01,Parents Be Like #1263,Comedy,66541,4029,395,10.67,58.36,8651.9,276,20
VID01264,2024-05-01,Useful Tech Tips #1264,Tech,9218,434,9,5.44,46.01,458.3,145,16
VID01265,2024-05-01,Budget Travel Tips #1265,Travel,6646,728,18,9.37,76.31,401.9,145,8
VID01266,2024-05-01,Learning Strategies #1266,Education,16419,1505,115,10.11,79.68,2206.1,69,20
VID01267,2024-05-01,Expectation vs Reality #1267,Comedy,55526,2578,238,7.31,68.53,2049.0,1233,20
VID01268,2024-05-01,Top Games #1268,Gaming,10639,520,32,7.66,27.89,288.9,42,12
VID01269,2024-05-01,Productivity Tips #1269,Education,3701,289,13,4.0,57.43,107.1,70,10
VID01270,2024-05-02,Healthy Habits #1270,Lifestyle,3476,314,7,4.76,75.01,238.9,64,12
VID01271,2024-05-02,Relatable College Life #1271,Comedy,22155,1815,75,9.45,66.29,2126.5,422,20
VID01272,2024-05-02,Budget Lifestyle #1272,Lifestyle,8742,650,21,10.28,77.09,1078.4,111,23
VID01273,2024-05-02,Travel Mistakes #1273,Travel,27140,2713,131,5.32,74.72,3097.8,409,16
VID01274,2024-05-02,Budget Travel Tips #1274,Travel,51702,1593,612,9.28,64.25,4366.0,1074,16
VID01275,2024-05-02,Saving Money #1275,Finance,13708,1394,99,2.17,68.36,1478.2,111,10
VID01276,2024-05-02,Morning Routine #1276,Lifestyle,1510,98,14,7.65,72.57,169.7,27,6
VID01277,2024-05-02,AI Tools #1277,Tech,33207,2303,48,6.41,56.33,3071.4,662,20
VID01278,2024-05-02,Budget Lifestyle #1278,Lifestyle,18439,1452,118,6.59,56.6,483.2,327,20
VID01279,2024-05-02,Career Tips #1279,Education,1737,101,20,7.0,72.05,156.9,10,21
VID01280,2024-05-03,Best Friend Problems #1280,Comedy,1526,105,16,10.67,56.03,105.0,25,10
VID01281,2024-05-03,Budget Lifestyle #1281,Lifestyle,8714,235,14,5.91,71.93,629.4,191,22
VID01282,2024-05-03,Gaming Highlights #1282,Gaming,28412,2307,31,6.54,52.01,2452.3,344,18
VID01283,2024-05-03,Street Food Tour #1283,Food,26272,1126,32,7.43,81.35,1693.6,326,14
VID01284,2024-05-03,AI Tools #1284,Tech,2236,143,3,7.85,60.35,195.4,6,16
VID01285,2024-05-03,Day In My Life #1285,Lifestyle,7918,306,13,9.86,50.48,177.0,54,12
VID01286,2024-05-03,Phone Features You Missed #1286,Tech,35847,3476,457,6.1,84.14,2184.1,656,12
VID01287,2024-05-03,Funny Family Moments #1287,Comedy,8716,725,22,9.34,50.67,338.7,31,20
VID01288,2024-05-03,Budget Meals #1288,Food,3150,284,16,11.3,51.62,101.7,34,19
VID01289,2024-05-03,Healthy Habits #1289,Lifestyle,12971,1114,22,4.43,63.16,461.6,256,20
VID01290,2024-05-04,Phone Features You Missed #1290,Tech,1005,84,11,7.15,73.42,160.7,10,20
VID01291,2024-05-04,Weekend Travel Vlog #1291,Travel,691,30,4,12.86,55.83,59.4,11,10
VID01292,2024-05-04,Weekend Vlog #1292,Lifestyle,11449,684,29,8.03,58.86,1081.5,170,16
VID01293,2024-05-04,Food Review #1293,Food,4831,136,65,5.04,52.56,426.1,21,19
VID01294,2024-05-04,Interview Preparation #1294,Education,64189,6106,290,10.01,58.12,3255.3,970,14
VID01295,2024-05-04,Cooking Tips #1295,Food,15451,1598,57,8.6,75.51,1256.5,73,19
VID01296,2024-05-04,Relatable College Life #1296,Comedy,41599,3617,409,6.53,80.32,6323.0,158,14
VID01297,2024-05-04,Best Settings #1297,Gaming,21073,2015,74,7.87,72.5,1635.9,92,10
VID01298,2024-05-04,Study Tips That Work #1298,Education,12132,1272,133,7.55,53.3,505.1,78,10
VID01299,2024-05-04,Exam Preparation Guide #1299,Education,21329,1786,86,8.35,41.55,686.0,213,23
VID01300,2024-05-04,Productivity Tips #1300,Education,16009,1025,106,4.99,64.54,1813.4,136,18
VID01301,2024-05-05,Best Settings #1301,Gaming,3688,167,15,8.67,74.47,442.7,83,20
VID01302,2024-05-05,Best Places to Visit #1302,Travel,49794,4823,167,9.69,56.54,4877.5,455,22
VID01303,2024-05-05,Study Tips That Work #1303,Education,5770,472,73,8.9,60.86,164.0,88,10
VID01304,2024-05-05,Parents Be Like #1304,Comedy,23264,1970,220,2.78,38.4,1166.4,416,16
VID01305,2024-05-05,Useful Tech Tips #1305,Tech,4242,224,16,3.87,60.07,408.6,71,18
VID01306,2024-05-05,Healthy Habits #1306,Lifestyle,13933,706,59,7.58,39.78,1023.1,258,12
VID01307,2024-05-05,Laptop Buying Guide #1307,Tech,12548,677,110,5.91,70.47,1404.9,160,20
VID01308,2024-05-05,Study Tips That Work #1308,Education,3625,161,8,8.14,52.31,91.5,43,19
VID01309,2024-05-05,Gaming Tips #1309,Gaming,9216,688,84,6.37,64.22,576.2,74,18
VID01310,2024-05-05,Healthy Habits #1310,Lifestyle,8812,849,29,8.53,62.12,446.7,190,19
VID01311,2024-05-06,Personal Finance Tips #1311,Finance,5435,321,12,6.76,60.53,568.9,68,12
VID01312,2024-05-06,Parents Be Like #1312,Comedy,43214,2166,49,8.54,51.55,2452.8,824,18
VID01313,2024-05-06,Healthy Habits #1313,Lifestyle,6702,388,15,10.26,40.82,201.9,120,18
VID01314,2024-05-06,Weekend Vlog #1314,Lifestyle,6508,510,66,8.64,63.2,611.6,55,10
VID01315,2024-05-06,Tech Hacks #1315,Tech,13222,842,175,7.29,75.22,1384.7,41,16
VID01316,2024-05-06,Travel Guide #1316,Travel,8612,400,114,10.04,58.99,1007.9,195,19
VID01317,2024-05-06,Exam Preparation Guide #1317,Education,6533,256,85,8.61,72.43,460.1,146,22
VID01318,2024-05-06,Career Tips #1318,Education,3469,275,41,9.04,60.13,186.3,26,19
VID01319,2024-05-06,Budget Meals #1319,Food,44413,1450,327,3.52,62.69,1840.6,424,20
VID01320,2024-05-06,Best Friend Problems #1320,Comedy,7565,520,46,5.27,44.13,510.5,39,20
VID01321,2024-05-06,Weekend Travel Vlog #1321,Travel,19212,1206,132,7.63,49.5,861.2,124,18
VID01322,2024-05-07,AI Tools #1322,Tech,34034,2530,233,7.72,56.88,1780.1,443,21
VID01323,2024-05-07,Top Games #1323,Gaming,16246,906,174,7.72,50.66,525.9,268,19
VID01324,2024-05-07,Productivity Tips #1324,Education,10617,461,144,8.51,44.32,464.0,63,21
VID01325,2024-05-07,Parents Be Like #1325,Comedy,12592,1165,89,3.05,71.54,918.2,166,18
VID01326,2024-05-07,Expectation vs Reality #1326,Comedy,2087,193,10,9.72,52.33,161.0,10,22
VID01327,2024-05-07,Budget Lifestyle #1327,Lifestyle,2107,194,23,5.95,45.2,199.4,9,22
VID01328,2024-05-07,Best Restaurants #1328,Food,2295,196,6,6.99,67.44,111.9,23,16
VID01329,2024-05-07,Exam Preparation Guide #1329,Education,15323,549,118,12.15,65.26,1689.4,96,12
VID01330,2024-05-07,Travel Guide #1330,Travel,96553,5402,1070,12.25,72.97,6109.5,1199,20
VID01331,2024-05-07,Expectation vs Reality #1331,Comedy,11451,417,25,7.46,79.06,1549.2,41,22
VID01332,2024-05-08,Budget Lifestyle #1332,Lifestyle,7222,706,46,9.06,53.79,178.6,61,20
VID01333,2024-05-08,Laptop Buying Guide #1333,Tech,6705,415,38,7.43,53.91,340.1,63,18
VID01334,2024-05-08,AI Tools #1334,Tech,11314,863,148,10.55,60.37,1235.6,205,20
VID01335,2024-05-08,Beginner Guide #1335,Gaming,8348,313,53,11.46,59.78,547.6,105,20
VID01336,2024-05-08,Interview Preparation #1336,Education,19735,1060,191,9.01,57.41,1872.2,316,16
VID01337,2024-05-08,Interview Preparation #1337,Education,3599,341,13,8.51,56.77,309.9,76,22
VID01338,2024-05-08,Weekend Vlog #1338,Lifestyle,2482,99,23,11.08,66.63,319.1,37,6
VID01339,2024-05-08,Budget Meals #1339,Food,15421,971,45,7.65,51.02,1786.8,327,20
VID01340,2024-05-08,AI Tools #1340,Tech,81548,4766,486,7.12,69.37,6756.6,1252,18
VID01341,2024-05-08,Saving Money #1341,Finance,6508,651,21,6.27,46.55,146.6,42,21
VID01342,2024-05-09,Study Tips That Work #1342,Education,3651,171,33,12.08,55.66,329.6,53,12
VID01343,2024-05-09,Weekend Travel Vlog #1343,Travel,16580,1397,174,4.95,60.86,1616.6,373,16
VID01344,2024-05-09,Relatable College Life #1344,Comedy,10982,1204,77,5.63,41.98,699.1,152,6
VID01345,2024-05-09,Food Review #1345,Food,3352,115,40,10.0,65.75,359.7,30,21
VID01346,2024-05-09,Healthy Habits #1346,Lifestyle,7715,540,66,11.76,75.62,1143.4,178,14
VID01347,2024-05-09,Street Food Tour #1347,Food,55416,4024,646,9.41,73.52,3112.8,977,20
VID01348,2024-05-09,Travel Guide #1348,Travel,9085,532,38,5.88,50.03,359.3,40,21
VID01349,2024-05-09,Street Food Tour #1349,Food,10123,254,135,7.24,79.46,477.8,109,20
VID01350,2024-05-09,Useful Tech Tips #1350,Tech,8075,707,105,10.97,71.64,404.3,52,20
VID01351,2024-05-09,Gaming Highlights #1351,Gaming,10547,281,52,6.43,76.7,550.0,224,20
VID01352,2024-05-09,Best Friend Problems #1352,Comedy,18798,1807,15,6.58,68.66,727.0,62,21
VID01353,2024-05-10,Expectation vs Reality #1353,Comedy,163120,13055,1949,1.8,67.04,13197.9,1805,18
VID01354,2024-05-10,Career Tips #1354,Education,37912,3888,398,6.97,70.35,1609.6,827,10
VID01355,2024-05-10,Parents Be Like #1355,Comedy,44065,1192,131,7.54,28.95,1404.4,589,12
VID01356,2024-05-10,Easy Recipes #1356,Food,14539,413,54,8.57,74.02,1536.8,313,22
VID01357,2024-05-10,Tech Hacks #1357,Tech,6139,299,63,8.42,41.79,457.4,65,20
VID01358,2024-05-10,Best Apps #1358,Tech,6408,435,69,6.81,66.22,396.0,109,18
VID01359,2024-05-10,Best Friend Problems #1359,Comedy,44432,1309,230,6.89,63.57,4891.3,666,6
VID01360,2024-05-10,Gaming Highlights #1360,Gaming,5564,237,76,6.7,43.28,220.1,28,23
VID01361,2024-05-10,Useful Tech Tips #1361,Tech,3386,153,39,8.09,62.04,122.4,62,16
VID01362,2024-05-10,Healthy Habits #1362,Lifestyle,31978,2607,339,9.27,54.92,3388.4,554,22
VID01363,2024-05-11,Study Tips That Work #1363,Education,20634,725,210,7.36,68.04,2033.3,423,19
VID01364,2024-05-11,Money Mistakes #1364,Finance,5168,347,62,4.04,45.38,416.2,23,19
VID01365,2024-05-11,Budget Lifestyle #1365,Lifestyle,23927,984,318,7.7,58.61,2885.8,289,19
VID01366,2024-05-11,Office Comedy #1366,Comedy,8324,642,101,8.82,65.46,888.7,144,19
VID01367,2024-05-11,Parents Be Like #1367,Comedy,7984,603,90,5.84,50.5,525.4,55,8
VID01368,2024-05-11,Exam Preparation Guide #1368,Education,9436,682,102,7.81,65.8,1234.0,167,16
VID01369,2024-05-11,Expectation vs Reality #1369,Comedy,10579,692,57,9.03,64.53,992.1,84,10
VID01370,2024-05-11,Productivity Tips #1370,Education,7433,693,85,10.34,90.0,315.7,45,18
VID01371,2024-05-11,Budget Lifestyle #1371,Lifestyle,25036,2522,66,7.39,64.62,1770.2,285,12
VID01372,2024-05-11,Productivity Tips #1372,Education,9937,1048,33,7.01,64.73,245.9,26,20
VID01373,2024-05-11,Best Friend Problems #1373,Comedy,3594,211,26,6.73,51.82,205.9,31,21
VID01374,2024-05-12,Beginner Guide #1374,Gaming,21383,2298,52,8.54,61.12,565.6,112,20
VID01375,2024-05-12,Expectation vs Reality #1375,Comedy,7821,678,48,12.64,58.6,1014.3,84,12
VID01376,2024-05-12,Exam Preparation Guide #1376,Education,1893,207,7,10.88,37.28,117.5,7,19
VID01377,2024-05-12,AI Tools #1377,Tech,3794,226,10,3.46,63.57,148.7,56,21
VID01378,2024-05-12,Useful Tech Tips #1378,Tech,14149,1241,102,7.5,46.66,610.7,287,8
VID01379,2024-05-12,Credit Score Tips #1379,Finance,22805,1380,94,10.24,62.74,995.7,354,18
VID01380,2024-05-12,Healthy Habits #1380,Lifestyle,1950,88,6,9.12,76.65,155.2,40,20
VID01381,2024-05-12,Funny Family Moments #1381,Comedy,71469,5060,690,7.47,62.04,3365.9,390,19
VID01382,2024-05-12,Saving Money #1382,Finance,4606,473,6,9.17,55.27,191.3,19,21
VID01383,2024-05-12,Weekend Vlog #1383,Lifestyle,7915,329,77,9.2,37.56,115.6,119,20
VID01384,2024-05-13,Study Tips That Work #1384,Education,126529,5647,1580,7.54,64.21,16067.5,740,12
VID01385,2024-05-13,Best Places to Visit #1385,Travel,18346,1808,48,7.76,58.14,1054.7,171,10
VID01386,2024-05-13,Best Places to Visit #1386,Travel,26085,1491,72,5.92,79.68,1531.8,127,21
VID01387,2024-05-13,Money Mistakes #1387,Finance,71935,4074,478,9.11,79.92,6282.8,485,10
VID01388,2024-05-13,Weekend Vlog #1388,Lifestyle,9890,979,73,4.07,50.29,409.2,125,18
VID01389,2024-05-13,Laptop Buying Guide #1389,Tech,13007,494,92,5.38,63.95,753.4,54,20
VID01390,2024-05-13,Best Friend Problems #1390,Comedy,2394,164,20,11.36,72.74,236.6,38,22
VID01391,2024-05-13,Expectation vs Reality #1391,Comedy,2890,150,4,9.46,57.94,114.2,36,8
VID01392,2024-05-13,Travel Mistakes #1392,Travel,20438,1205,38,4.74,62.99,596.1,69,10
VID01393,2024-05-13,Budget Planning #1393,Finance,3233,313,16,8.26,73.98,182.6,68,22
VID01394,2024-05-14,Easy Recipes #1394,Food,16399,1799,78,8.99,36.89,902.2,133,18
VID01395,2024-05-14,Beginner Guide #1395,Gaming,6068,628,30,3.99,53.05,309.6,121,22
VID01396,2024-05-14,Budget Lifestyle #1396,Lifestyle,7482,314,93,6.65,67.06,544.1,165,6
VID01397,2024-05-14,Game Challenge #1397,Gaming,4213,241,43,10.56,56.47,193.3,30,19
VID01398,2024-05-14,Phone Features You Missed #1398,Tech,31311,1957,156,8.92,60.58,3559.4,677,14
VID01399,2024-05-14,Parents Be Like #1399,Comedy,43298,3512,300,6.79,50.49,1881.7,198,10
VID01400,2024-05-14,Learning Strategies #1400,Education,23463,2100,246,8.0,69.63,1837.2,103,21
VID01401,2024-05-14,Game Challenge #1401,Gaming,100231,2885,553,8.18,79.3,11716.7,379,22
VID01402,2024-05-14,Funny Family Moments #1402,Comedy,3368,136,17,9.4,42.41,222.7,18,21
VID01403,2024-05-14,Travel Mistakes #1403,Travel,42473,3089,237,5.01,49.45,2955.5,628,21
VID01404,2024-05-14,Useful Tech Tips #1404,Tech,15066,1140,101,7.98,61.42,786.1,181,16
VID01405,2024-05-15,Parents Be Like #1405,Comedy,6468,204,19,5.67,73.32,667.6,42,14
VID01406,2024-05-15,Office Comedy #1406,Comedy,9613,565,114,9.32,76.86,1319.4,138,19
VID01407,2024-05-15,Parents Be Like #1407,Comedy,8338,215,9,5.49,37.36,415.3,20,22
VID01408,2024-05-15,Exam Preparation Guide #1408,Education,6059,501,42,9.28,57.07,170.5,65,20
VID01409,2024-05-15,Budget Meals #1409,Food,18511,1586,57,10.66,64.0,840.1,105,18
VID01410,2024-05-15,Expectation vs Reality #1410,Comedy,39898,3008,137,7.92,49.26,2713.2,768,16
VID01411,2024-05-15,Travel Guide #1411,Travel,5157,129,20,6.18,62.67,158.1,98,22
VID01412,2024-05-15,Office Comedy #1412,Comedy,10015,589,26,4.82,56.91,410.0,104,18
VID01413,2024-05-15,Beginner Guide #1413,Gaming,43115,3360,417,4.63,77.37,5982.5,789,18
VID01414,2024-05-15,Gaming Tips #1414,Gaming,13471,517,181,8.45,67.22,1905.8,221,19
VID01415,2024-05-16,Top Games #1415,Gaming,2433,203,6,8.74,43.9,203.2,47,10
VID01416,2024-05-16,Office Comedy #1416,Comedy,25343,1590,183,6.95,79.67,1618.7,230,10
VID01417,2024-05-16,Useful Tech Tips #1417,Tech,10550,1118,105,6.03,61.14,413.8,136,20
VID01418,2024-05-16,Day In My Life #1418,Lifestyle,14690,1051,204,7.43,46.39,841.6,78,19
VID01419,2024-05-16,Budget Lifestyle #1419,Lifestyle,10898,1058,76,6.63,70.04,1789.7,234,16
VID01420,2024-05-16,Budget Planning #1420,Finance,4182,157,54,6.06,78.45,698.5,83,22
VID01421,2024-05-16,Expectation vs Reality #1421,Comedy,13445,817,86,5.34,61.84,994.8,186,12
VID01422,2024-05-16,Relatable College Life #1422,Comedy,7964,386,60,7.5,52.95,596.3,25,18
VID01423,2024-05-16,Food Review #1423,Food,17451,1501,36,10.48,47.63,1887.7,242,20
VID01424,2024-05-16,Best Restaurants #1424,Food,54581,4611,348,4.68,70.1,1839.0,166,21
VID01425,2024-05-17,Street Food Tour #1425,Food,1897,122,18,4.61,65.45,71.8,5,21
VID01426,2024-05-17,Best Restaurants #1426,Food,3893,320,37,4.69,80.38,389.9,75,22
VID01427,2024-05-17,Productivity Tips #1427,Education,11816,1006,45,5.22,63.65,1315.2,248,19
VID01428,2024-05-17,Budget Lifestyle #1428,Lifestyle,57325,4214,420,10.31,68.12,3777.0,1296,21
VID01429,2024-05-17,Funny Family Moments #1429,Comedy,20154,1918,149,5.13,61.34,2359.1,88,10
VID01430,2024-05-17,Parents Be Like #1430,Comedy,11230,909,131,6.68,60.93,1360.9,242,18
VID01431,2024-05-17,AI Tools #1431,Tech,53141,5783,120,6.4,73.47,8456.4,626,16
VID01432,2024-05-17,Funny Family Moments #1432,Comedy,3069,286,24,5.48,70.95,349.1,49,22
VID01433,2024-05-17,Career Tips #1433,Education,5456,280,63,5.78,57.75,176.0,52,22
VID01434,2024-05-17,Study Tips That Work #1434,Education,9520,976,112,6.35,38.77,300.2,144,19
VID01435,2024-05-17,AI Tools #1435,Tech,37565,1015,446,11.63,53.08,3828.9,610,18
VID01436,2024-05-18,Expectation vs Reality #1436,Comedy,7296,525,26,7.08,69.9,379.9,112,21
VID01437,2024-05-18,Food Review #1437,Food,11642,1026,150,7.63,46.39,379.6,62,22
VID01438,2024-05-18,Daily Routine #1438,Lifestyle,16122,1142,79,9.79,55.58,836.1,235,12
VID01439,2024-05-18,Gaming Tips #1439,Gaming,7882,827,59,4.23,60.18,500.9,39,8
VID01440,2024-05-18,Budget Meals #1440,Food,6107,432,6,11.89,53.88,232.3,22,16
VID01441,2024-05-18,Parents Be Like #1441,Comedy,7168,477,70,7.74,43.0,561.6,118,18
VID01442,2024-05-18,Investment Basics #1442,Finance,6521,439,37,9.8,56.86,807.5,112,18
VID01443,2024-05-18,Easy Recipes #1443,Food,7471,537,6,7.76,73.09,574.6,36,19
VID01444,2024-05-18,Saving Money #1444,Finance,6538,477,81,8.47,71.86,724.6,146,20
VID01445,2024-05-18,Relatable College Life #1445,Comedy,1669,82,19,10.48,67.03,219.0,33,18
VID01446,2024-05-19,Phone Features You Missed #1446,Tech,3002,99,32,5.23,62.73,218.7,55,16
VID01447,2024-05-19,Easy Recipes #1447,Food,6224,469,50,8.63,63.06,565.9,130,18
VID01448,2024-05-19,Saving Money #1448,Finance,9987,821,15,6.55,49.29,613.8,116,18
VID01449,2024-05-19,Game Challenge #1449,Gaming,10496,653,110,11.51,61.11,761.2,144,19
VID01450,2024-05-19,Personal Finance Tips #1450,Finance,12018,748,23,7.58,60.42,1115.2,210,10
VID01451,2024-05-19,Interview Preparation #1451,Education,29790,2692,244,9.44,62.02,3328.6,452,22
VID01452,2024-05-19,Tech Hacks #1452,Tech,18352,1386,141,8.63,56.46,989.5,275,12
VID01453,2024-05-19,Funny Family Moments #1453,Comedy,14587,497,115,6.02,75.94,2385.6,126,22
VID01454,2024-05-19,Daily Routine #1454,Lifestyle,29247,3082,111,7.47,82.71,1634.9,592,8
VID01455,2024-05-19,Funny Family Moments #1455,Comedy,2694,267,9,7.66,48.62,223.4,11,19
VID01456,2024-05-19,Travel Guide #1456,Travel,5326,231,23,9.54,61.52,287.0,59,18
VID01457,2024-05-20,Food Review #1457,Food,5559,353,37,5.91,58.92,662.9,124,12
VID01458,2024-05-20,Useful Tech Tips #1458,Tech,23944,1759,88,5.12,33.88,694.3,458,20
VID01459,2024-05-20,Weekend Travel Vlog #1459,Travel,21294,936,56,2.68,67.24,1673.1,78,10
VID01460,2024-05-20,Funny Family Moments #1460,Comedy,7005,722,69,11.45,62.18,644.2,160,18
VID01461,2024-05-20,Best Settings #1461,Gaming,37557,3580,301,7.75,55.15,1620.5,101,20
VID01462,2024-05-20,Budget Meals #1462,Food,21688,1543,83,7.76,47.54,1691.3,222,19
VID01463,2024-05-20,Productivity Tips #1463,Education,1940,74,11,8.55,55.08,96.0,21,21
VID01464,2024-05-20,Career Tips #1464,Education,15207,573,173,9.13,56.44,1151.2,198,14
VID01465,2024-05-20,Top Games #1465,Gaming,9480,399,65,7.42,58.75,965.8,81,19
VID01466,2024-05-20,Travel Mistakes #1466,Travel,5884,213,46,7.89,64.63,462.7,21,18
VID01467,2024-05-21,Best Apps #1467,Tech,86586,2473,770,5.66,42.84,5266.0,1800,23
VID01468,2024-05-21,Laptop Buying Guide #1468,Tech,7670,292,17,8.01,50.96,315.6,169,10
VID01469,2024-05-21,Daily Routine #1469,Lifestyle,8269,411,49,10.32,58.43,979.4,28,14
VID01470,2024-05-21,Easy Recipes #1470,Food,5614,156,77,7.01,62.19,448.2,106,20
VID01471,2024-05-21,Budget Travel Tips #1471,Travel,9066,491,37,8.58,54.11,843.9,145,22
VID01472,2024-05-21,Street Food Tour #1472,Food,15227,456,192,7.74,56.2,1280.5,164,19
VID01473,2024-05-21,Best Friend Problems #1473,Comedy,14466,505,116,8.71,62.1,1267.1,91,18
VID01474,2024-05-21,Office Comedy #1474,Comedy,27364,2812,23,7.69,72.13,1512.0,214,21
VID01475,2024-05-21,Expectation vs Reality #1475,Comedy,5363,135,17,9.0,80.99,411.1,129,18
VID01476,2024-05-21,Relatable College Life #1476,Comedy,2790,241,9,9.57,52.61,140.0,36,19
VID01477,2024-05-22,Money Mistakes #1477,Finance,45993,3769,76,10.29,55.08,3423.8,1023,21
VID01478,2024-05-22,Weekend Travel Vlog #1478,Travel,3519,350,10,6.91,78.9,359.6,23,21
VID01479,2024-05-22,Learning Strategies #1479,Education,1823,108,4,6.96,69.2,200.2,18,18
VID01480,2024-05-22,Funny Family Moments #1480,Comedy,9051,251,91,9.47,49.4,775.1,112,12
VID01481,2024-05-22,Cooking Tips #1481,Food,7674,512,28,11.17,63.0,560.7,65,19
VID01482,2024-05-22,Best Restaurants #1482,Food,47202,3369,110,7.96,71.02,2770.7,824,21
VID01483,2024-05-22,Saving Money #1483,Finance,5440,461,73,8.84,72.37,326.1,125,18
VID01484,2024-05-22,Learning Strategies #1484,Education,16416,1348,206,4.37,68.36,2632.9,314,19
VID01485,2024-05-22,Food Review #1485,Food,7515,230,68,11.46,56.12,349.5,83,21
VID01486,2024-05-22,Travel Guide #1486,Travel,4704,249,40,7.45,47.36,132.1,30,21
VID01487,2024-05-22,Saving Money #1487,Finance,697,43,8,14.23,69.17,36.0,13,16
VID01488,2024-05-23,Street Food Tour #1488,Food,9642,908,35,7.26,52.9,233.7,157,19
VID01489,2024-05-23,Street Food Tour #1489,Food,6006,195,25,7.71,62.37,590.8,60,14
VID01490,2024-05-23,Budget Planning #1490,Finance,9342,762,112,10.91,63.36,1215.9,114,20
VID01491,2024-05-23,Weekend Vlog #1491,Lifestyle,3232,185,6,8.13,78.93,291.8,47,23
VID01492,2024-05-23,Study Tips That Work #1492,Education,14095,1142,37,13.08,55.07,482.6,288,10
VID01493,2024-05-23,Budget Lifestyle #1493,Lifestyle,24766,2668,162,6.46,47.21,1820.4,173,22
VID01494,2024-05-23,Hidden Places #1494,Travel,12093,1206,139,5.8,54.31,390.8,64,22
VID01495,2024-05-23,Credit Score Tips #1495,Finance,10659,745,78,8.05,76.07,1477.2,32,12
VID01496,2024-05-23,Study Tips That Work #1496,Education,4473,185,22,8.32,61.23,321.0,74,12
VID01497,2024-05-23,Travel Mistakes #1497,Travel,10012,856,52,4.92,55.21,742.9,38,21
VID01498,2024-05-24,Beginner Guide #1498,Gaming,10231,873,82,7.46,64.6,1451.0,115,19
VID01499,2024-05-24,Healthy Habits #1499,Lifestyle,17224,1237,85,9.55,59.18,1385.1,242,18
VID01500,2024-05-24,Weekend Vlog #1500,Lifestyle,6078,526,6,5.18,51.41,247.5,107,18
VID01501,2024-05-24,Day In My Life #1501,Lifestyle,5545,289,67,5.34,59.74,278.5,94,18
VID01502,2024-05-24,Study Tips That Work #1502,Education,35203,960,388,11.78,58.34,1940.8,544,19
VID01503,2024-05-24,Easy Recipes #1503,Food,4940,266,13,7.65,56.95,609.2,81,20
VID01504,2024-05-24,Funny Family Moments #1504,Comedy,3025,227,9,5.61,48.52,295.1,13,18
VID01505,2024-05-24,Beginner Guide #1505,Gaming,17453,853,96,6.15,65.98,1983.9,266,6
VID01506,2024-05-24,Street Food Tour #1506,Food,3113,196,17,8.62,58.77,175.2,59,19
VID01507,2024-05-24,Funny Family Moments #1507,Comedy,11909,1175,134,4.81,67.46,517.7,178,20
VID01508,2024-05-24,Best Friend Problems #1508,Comedy,4400,412,22,6.78,63.08,517.4,88,16
VID01509,2024-05-25,Weekend Travel Vlog #1509,Travel,15120,538,86,6.75,70.93,1619.3,48,14
VID01510,2024-05-25,Expectation vs Reality #1510,Comedy,8509,481,27,8.05,57.22,628.1,114,20
VID01511,2024-05-25,Travel Guide #1511,Travel,4757,520,29,7.23,49.91,227.8,56,12
VID01512,2024-05-25,Travel Mistakes #1512,Travel,2012,124,7,10.0,51.37,176.9,8,6
VID01513,2024-05-25,Parents Be Like #1513,Comedy,2203,126,19,7.69,56.12,95.3,19,20
VID01514,2024-05-25,Hidden Places #1514,Travel,22548,1383,133,4.52,51.51,1762.8,365,8
VID01515,2024-05-25,Parents Be Like #1515,Comedy,6572,715,33,10.05,49.14,554.8,57,22
VID01516,2024-05-25,Gaming Highlights #1516,Gaming,20700,2082,93,9.77,63.98,1443.6,191,23
VID01517,2024-05-25,Street Food Tour #1517,Food,25814,2703,296,8.0,68.69,2251.3,585,16
VID01518,2024-05-25,AI Tools #1518,Tech,4461,252,45,6.16,59.86,561.4,63,21
VID01519,2024-05-26,Budget Planning #1519,Finance,73327,1855,160,8.63,67.12,1767.8,523,20
VID01520,2024-05-26,Healthy Habits #1520,Lifestyle,42112,2333,375,8.88,48.47,1819.4,539,22
VID01521,2024-05-26,Game Challenge #1521,Gaming,8082,744,30,8.55,60.39,494.7,45,14
VID01522,2024-05-26,Food Review #1522,Food,2417,119,6,4.9,53.4,284.4,51,18
VID01523,2024-05-26,Money Mistakes #1523,Finance,3727,113,42,6.44,55.65,191.1,72,10
VID01524,2024-05-26,Best Apps #1524,Tech,8452,772,105,8.26,45.97,526.1,71,12
VID01525,2024-05-26,Funny Family Moments #1525,Comedy,4734,199,49,9.16,69.01,538.2,23,19
VID01526,2024-05-26,Weekend Vlog #1526,Lifestyle,8830,877,103,9.96,63.99,465.6,194,21
VID01527,2024-05-26,Relatable College Life #1527,Comedy,12816,1024,10,7.54,54.7,1053.4,61,20
VID01528,2024-05-26,AI Tools #1528,Tech,8210,898,104,4.92,68.17,610.6,36,19
VID01529,2024-05-27,Office Comedy #1529,Comedy,19209,1912,38,9.5,71.23,2280.2,70,21
VID01530,2024-05-27,Best Friend Problems #1530,Comedy,9916,1011,37,5.59,49.77,914.4,116,8
VID01531,2024-05-27,Food Review #1531,Food,2204,98,22,7.19,42.38,194.9,39,19
VID01532,2024-05-27,Budget Planning #1532,Finance,24142,1556,177,7.61,50.88,1780.0,458,21
VID01533,2024-05-27,Travel Guide #1533,Travel,10283,656,142,7.22,55.5,740.5,215,21
VID01534,2024-05-27,Relatable College Life #1534,Comedy,3452,294,40,8.9,51.54,307.9,75,19
VID01535,2024-05-27,Budget Lifestyle #1535,Lifestyle,14955,1258,138,7.77,72.22,896.0,53,23
VID01536,2024-05-27,Relatable College Life #1536,Comedy,12460,1356,10,4.37,47.0,710.1,48,20
VID01537,2024-05-27,Useful Tech Tips #1537,Tech,26638,972,370,1.91,27.15,1312.7,451,8
VID01538,2024-05-27,Healthy Habits #1538,Lifestyle,6559,635,31,5.48,60.9,237.4,126,22
VID01539,2024-05-27,Beginner Guide #1539,Gaming,7433,722,25,7.76,55.13,830.5,69,18
VID01540,2024-05-28,Office Comedy #1540,Comedy,3392,371,18,4.73,51.1,211.2,25,21
VID01541,2024-05-28,Morning Routine #1541,Lifestyle,56923,2002,248,7.33,55.66,5933.7,1044,19
VID01542,2024-05-28,Food Review #1542,Food,14991,1609,15,10.9,75.94,2720.2,180,18
VID01543,2024-05-28,Food Review #1543,Food,6637,461,45,11.68,41.63,190.4,133,20
VID01544,2024-05-28,Best Apps #1544,Tech,10008,915,83,9.19,61.88,987.5,68,20
VID01545,2024-05-28,Tech Hacks #1545,Tech,8644,760,76,8.8,69.63,606.1,80,21
VID01546,2024-05-28,Best Places to Visit #1546,Travel,4683,402,59,7.73,57.69,164.0,99,20
VID01547,2024-05-28,Weekend Travel Vlog #1547,Travel,2725,222,9,8.95,48.66,121.0,56,19
VID01548,2024-05-28,Best Settings #1548,Gaming,4162,379,55,5.92,50.65,355.3,82,19
VID01549,2024-05-28,Tech Hacks #1549,Tech,60869,5811,283,8.81,73.64,2953.6,1150,18
VID01550,2024-05-29,Best Friend Problems #1550,Comedy,3477,121,7,8.88,51.28,282.6,27,8
VID01551,2024-05-29,Food Review #1551,Food,53308,4845,107,10.14,60.16,1303.5,1019,14
VID01552,2024-05-29,Laptop Buying Guide #1552,Tech,91710,7126,207,9.77,64.13,4744.5,1951,19
VID01553,2024-05-29,Career Tips #1553,Education,6716,261,70,6.55,58.61,746.8,75,10
VID01554,2024-05-29,Parents Be Like #1554,Comedy,2517,130,32,6.23,66.39,320.1,44,20
VID01555,2024-05-29,Study Tips That Work #1555,Education,14884,598,131,4.99,35.42,411.6,301,19
VID01556,2024-05-29,Best Places to Visit #1556,Travel,2468,266,20,8.37,35.35,81.5,13,8
VID01557,2024-05-29,Funny Family Moments #1557,Comedy,13119,820,118,9.9,59.74,811.1,232,20
VID01558,2024-05-29,Office Comedy #1558,Comedy,4750,231,46,5.42,66.61,370.1,103,19
VID01559,2024-05-29,Budget Meals #1559,Food,1664,136,20,9.09,60.89,108.9,25,20
VID01560,2024-05-29,Weekend Travel Vlog #1560,Travel,19445,1262,48,9.07,55.8,1683.5,204,22
VID01561,2024-05-30,Street Food Tour #1561,Food,19552,1879,254,11.66,50.46,480.6,313,10
VID01562,2024-05-30,Hidden Places #1562,Travel,11647,468,36,4.36,49.81,484.9,174,21
VID01563,2024-05-30,Street Food Tour #1563,Food,15132,920,76,4.85,57.5,491.7,279,19
VID01564,2024-05-30,Laptop Buying Guide #1564,Tech,16053,642,30,8.73,69.66,1114.2,51,12
VID01565,2024-05-30,Career Tips #1565,Education,5952,226,53,4.96,52.84,508.4,67,20
VID01566,2024-05-30,Study Tips That Work #1566,Education,7613,522,68,5.44,53.77,503.3,50,20
VID01567,2024-05-30,Morning Routine #1567,Lifestyle,7991,870,80,8.37,82.53,408.0,170,21
VID01568,2024-05-30,Best Friend Problems #1568,Comedy,25687,885,139,10.27,66.41,978.7,223,21
VID01569,2024-05-30,Daily Routine #1569,Lifestyle,23810,2554,113,8.03,51.98,1004.7,495,19
VID01570,2024-05-30,Saving Money #1570,Finance,13044,1317,164,10.55,52.23,899.7,223,18
VID01571,2024-05-31,Study Tips That Work #1571,Education,67595,6033,932,8.3,67.02,2499.7,1444,20
VID01572,2024-05-31,Useful Tech Tips #1572,Tech,76983,8360,451,7.98,52.8,6575.7,823,21
VID01573,2024-05-31,Learning Strategies #1573,Education,5725,272,36,6.51,58.81,559.5,121,18
VID01574,2024-05-31,Hidden Places #1574,Travel,18041,1850,70,10.96,57.51,1996.6,119,20
VID01575,2024-05-31,Productivity Tips #1575,Education,6030,228,22,5.29,62.9,301.7,100,18
VID01576,2024-05-31,Best Friend Problems #1576,Comedy,12307,1256,92,6.33,62.39,693.4,162,8
VID01577,2024-05-31,Travel Mistakes #1577,Travel,2387,250,25,8.3,76.88,257.5,25,20
VID01578,2024-05-31,Best Friend Problems #1578,Comedy,86897,6962,492,9.62,67.08,11111.1,1687,19
VID01579,2024-05-31,Budget Planning #1579,Finance,1366,37,10,6.91,62.86,70.8,22,18
VID01580,2024-05-31,Best Restaurants #1580,Food,358852,27260,4473,6.26,63.85,19131.5,5526,14
VID01581,2024-06-01,Best Apps #1581,Tech,1773,179,8,6.55,71.69,166.7,17,16
VID01582,2024-06-01,Best Apps #1582,Tech,4654,227,59,6.4,64.77,131.8,108,6
VID01583,2024-06-01,Healthy Habits #1583,Lifestyle,5721,478,34,5.63,44.56,278.1,94,21
VID01584,2024-06-01,Phone Features You Missed #1584,Tech,25198,2441,298,7.32,83.83,4476.3,633,12
VID01585,2024-06-01,Top Games #1585,Gaming,14778,937,43,5.94,65.53,1807.0,85,12
VID01586,2024-06-01,Weekend Vlog #1586,Lifestyle,21078,1710,292,9.57,57.12,501.5,380,20
VID01587,2024-06-01,Best Friend Problems #1587,Comedy,18249,828,106,6.2,67.82,1815.6,69,16
VID01588,2024-06-01,Day In My Life #1588,Lifestyle,49419,4592,130,6.32,55.79,4927.2,914,20
VID01589,2024-06-01,Budget Meals #1589,Food,1884,179,24,6.09,64.63,91.7,34,18
VID01590,2024-06-01,Money Mistakes #1590,Finance,23642,628,57,6.14,70.71,2381.4,280,19
VID01591,2024-06-01,Best Friend Problems #1591,Comedy,7545,313,19,7.36,43.19,165.7,58,20
VID01592,2024-06-02,Funny Family Moments #1592,Comedy,156411,8609,1125,5.83,46.68,8463.3,2164,20
VID01593,2024-06-02,Hidden Places #1593,Travel,31339,1804,156,8.73,42.49,1523.3,288,21
VID01594,2024-06-02,Street Food Tour #1594,Food,1712,95,23,10.08,59.88,167.1,4,23
VID01595,2024-06-02,Career Tips #1595,Education,35187,987,190,9.36,55.11,2555.4,345,8
VID01596,2024-06-02,Beginner Guide #1596,Gaming,25272,2056,33,8.36,45.87,547.5,126,19
VID01597,2024-06-02,Phone Features You Missed #1597,Tech,4124,387,30,3.98,68.05,359.1,35,23
VID01598,2024-06-02,Credit Score Tips #1598,Finance,8474,260,62,7.51,62.15,577.3,133,21
VID01599,2024-06-02,Gaming Highlights #1599,Gaming,10780,1176,38,7.39,66.53,836.8,79,18
VID01600,2024-06-02,Best Friend Problems #1600,Comedy,31027,2141,266,8.07,62.02,3773.5,314,20
VID01601,2024-06-02,Budget Planning #1601,Finance,7209,305,48,6.02,64.58,967.3,25,12
VID01602,2024-06-03,Relatable College Life #1602,Comedy,6860,519,46,12.5,57.86,254.0,21,6
VID01603,2024-06-03,Street Food Tour #1603,Food,4504,203,30,2.8,53.38,122.8,45,18
VID01604,2024-06-03,Office Comedy #1604,Comedy,72415,3521,421,9.87,67.15,3981.6,669,14
VID01605,2024-06-03,Funny Family Moments #1605,Comedy,26041,2089,244,7.57,57.98,2842.5,371,14
VID01606,2024-06-03,Office Comedy #1606,Comedy,18447,1689,101,1.85,57.28,1726.7,153,22
VID01607,2024-06-03,Laptop Buying Guide #1607,Tech,7602,769,96,6.45,59.26,598.2,110,12
VID01608,2024-06-03,Daily Routine #1608,Lifestyle,9613,598,130,4.99,57.79,1023.2,179,12
VID01609,2024-06-03,Relatable College Life #1609,Comedy,37018,1900,452,9.24,54.04,1253.0,691,8
VID01610,2024-06-03,Money Mistakes #1610,Finance,10326,803,30,9.77,69.33,1459.5,83,18
VID01611,2024-06-03,Laptop Buying Guide #1611,Tech,2646,240,16,7.93,79.75,131.2,23,6
VID01612,2024-06-03,Funny Family Moments #1612,Comedy,12806,1191,70,7.86,48.03,1055.3,47,14
VID01613,2024-06-04,Office Comedy #1613,Comedy,6486,405,86,9.6,61.22,799.9,146,10
VID01614,2024-06-04,Day In My Life #1614,Lifestyle,7273,766,13,9.7,65.85,268.4,37,19
VID01615,2024-06-04,Healthy Habits #1615,Lifestyle,3189,299,42,10.28,66.93,310.4,12,16
VID01616,2024-06-04,Productivity Tips #1616,Education,53752,5639,663,5.54,67.8,5740.8,314,12
VID01617,2024-06-04,Game Challenge #1617,Gaming,21167,1142,183,5.07,65.79,1369.1,257,20
VID01618,2024-06-04,Tech Hacks #1618,Tech,4297,439,58,6.08,70.38,454.5,19,21
VID01619,2024-06-04,Cooking Tips #1619,Food,21091,864,171,6.65,63.54,2358.6,158,22
VID01620,2024-06-04,Daily Routine #1620,Lifestyle,29366,1916,297,6.63,65.16,1477.9,538,18
VID01621,2024-06-04,Morning Routine #1621,Lifestyle,13440,816,100,4.2,76.02,1476.3,256,19
VID01622,2024-06-04,AI Tools #1622,Tech,45429,2796,317,9.75,76.29,3867.6,485,16
VID01623,2024-06-05,Exam Preparation Guide #1623,Education,6189,421,39,5.75,56.85,353.7,51,21
VID01624,2024-06-05,Learning Strategies #1624,Education,5225,310,65,7.77,65.73,506.1,15,20
VID01625,2024-06-05,Career Tips #1625,Education,3697,234,26,12.34,86.42,271.5,89,19
VID01626,2024-06-05,Hidden Places #1626,Travel,8190,445,32,9.1,49.7,231.4,95,23
VID01627,2024-06-05,Best Apps #1627,Tech,128321,11487,225,4.97,66.63,6291.2,1635,12
VID01628,2024-06-05,Healthy Habits #1628,Lifestyle,21552,2026,287,4.78,49.78,1840.1,364,14
VID01629,2024-06-05,Exam Preparation Guide #1629,Education,14562,891,157,9.76,74.62,1801.4,358,19
VID01630,2024-06-05,Funny Family Moments #1630,Comedy,16751,437,209,7.68,75.29,433.0,181,19
VID01631,2024-06-05,Productivity Tips #1631,Education,1536,49,7,7.98,71.12,62.9,23,18
VID01632,2024-06-05,Interview Preparation #1632,Education,13618,1311,140,8.78,68.02,1890.4,118,19
VID01633,2024-06-06,Budget Meals #1633,Food,15718,1209,73,10.74,48.94,819.7,132,14
VID01634,2024-06-06,Funny Family Moments #1634,Comedy,9790,513,94,9.65,77.53,863.0,112,20
VID01635,2024-06-06,Saving Money #1635,Finance,18687,1283,160,9.44,40.91,1395.8,109,20
VID01636,2024-06-06,Hidden Places #1636,Travel,3761,384,13,11.45,66.13,416.1,51,19
VID01637,2024-06-06,Healthy Habits #1637,Lifestyle,5768,572,79,7.23,73.6,296.6,23,21
VID01638,2024-06-06,Budget Meals #1638,Food,10996,520,62,6.9,45.83,650.1,223,6
VID01639,2024-06-06,Top Games #1639,Gaming,6890,206,54,7.03,69.74,1001.3,45,14
VID01640,2024-06-06,Best Friend Problems #1640,Comedy,16498,1363,60,6.66,57.89,1110.0,319,6
VID01641,2024-06-06,Learning Strategies #1641,Education,5521,455,66,8.73,58.19,777.0,119,21
VID01642,2024-06-06,Relatable College Life #1642,Comedy,16058,1724,197,8.49,53.49,455.9,123,19
VID01643,2024-06-06,Office Comedy #1643,Comedy,174640,18658,1961,8.37,71.99,19083.5,3087,20
VID01644,2024-06-07,Best Friend Problems #1644,Comedy,7367,290,92,5.78,72.84,1250.2,25,22
VID01645,2024-06-07,Budget Lifestyle #1645,Lifestyle,4702,338,48,10.7,70.42,252.3,31,19
VID01646,2024-06-07,Tech Hacks #1646,Tech,22356,2043,60,5.54,55.58,2626.2,352,16
VID01647,2024-06-07,Budget Planning #1647,Finance,1888,115,3,6.47,57.9,63.1,12,6
VID01648,2024-06-07,Best Apps #1648,Tech,16994,1198,211,8.28,62.67,1205.0,64,22
VID01649,2024-06-07,Best Settings #1649,Gaming,18050,1218,186,7.05,36.56,1141.1,183,12
VID01650,2024-06-07,Relatable College Life #1650,Comedy,6677,252,69,9.45,47.57,142.0,51,10
VID01651,2024-06-07,Hidden Places #1651,Travel,36586,1384,181,7.75,72.74,1307.5,338,19
VID01652,2024-06-07,Parents Be Like #1652,Comedy,25033,1370,305,7.82,50.92,703.3,366,20
VID01653,2024-06-07,Office Comedy #1653,Comedy,4717,343,25,5.78,54.22,131.4,76,18
VID01654,2024-06-08,Study Tips That Work #1654,Education,5140,481,37,6.94,47.12,186.8,64,20
VID01655,2024-06-08,Laptop Buying Guide #1655,Tech,2391,75,4,10.44,58.9,187.6,47,22
VID01656,2024-06-08,Morning Routine #1656,Lifestyle,25436,2314,303,10.15,53.98,1118.3,373,20
VID01657,2024-06-08,Gaming Tips #1657,Gaming,2819,205,30,5.73,67.53,283.7,25,19
VID01658,2024-06-08,Productivity Tips #1658,Education,79676,6589,344,4.48,59.4,9398.8,1146,20
VID01659,2024-06-08,Laptop Buying Guide #1659,Tech,45946,1887,155,8.55,65.46,3399.7,432,18
VID01660,2024-06-08,Study Tips That Work #1660,Education,33971,2661,315,9.63,53.09,1516.2,620,22
VID01661,2024-06-08,Productivity Tips #1661,Education,6685,556,50,9.02,62.6,662.5,19,20
VID01662,2024-06-08,Daily Routine #1662,Lifestyle,12363,987,122,5.1,90.0,1043.5,270,18
VID01663,2024-06-08,Productivity Tips #1663,Education,2919,202,24,7.2,68.93,331.5,33,18
VID01664,2024-06-08,Gaming Tips #1664,Gaming,6493,327,30,3.65,44.11,583.7,92,14
VID01665,2024-06-09,Cooking Tips #1665,Food,2071,55,2,7.48,52.31,103.0,41,18
VID01666,2024-06-09,Investment Basics #1666,Finance,8104,305,78,8.4,55.89,411.6,98,16
VID01667,2024-06-09,Day In My Life #1667,Lifestyle,31533,1663,108,7.36,46.4,1553.6,613,10
VID01668,2024-06-09,Office Comedy #1668,Comedy,7971,578,45,10.2,59.17,784.5,160,19
VID01669,2024-06-09,Exam Preparation Guide #1669,Education,2870,247,37,8.39,70.71,118.4,58,10
VID01670,2024-06-09,Parents Be Like #1670,Comedy,20221,1476,157,7.54,56.38,622.8,65,18
VID01671,2024-06-09,Relatable College Life #1671,Comedy,34846,1691,402,7.7,65.61,1620.2,167,18
VID01672,2024-06-09,Saving Money #1672,Finance,9002,959,87,9.42,39.4,758.0,84,20
VID01673,2024-06-09,Healthy Habits #1673,Lifestyle,8926,784,107,3.28,61.55,623.6,152,8
VID01674,2024-06-09,Food Review #1674,Food,6032,643,8,6.02,53.17,515.1,80,22
VID01675,2024-06-10,Travel Guide #1675,Travel,69600,3927,910,6.73,60.12,2695.7,1323,14
VID01676,2024-06-10,Weekend Vlog #1676,Lifestyle,18311,471,103,7.56,75.39,1119.0,170,19
VID01677,2024-06-10,Day In My Life #1677,Lifestyle,29587,927,146,8.05,60.27,3030.9,665,16
VID01678,2024-06-10,Weekend Travel Vlog #1678,Travel,44736,3632,447,7.2,61.54,4515.0,126,20
VID01679,2024-06-10,AI Tools #1679,Tech,7056,655,48,7.7,61.3,672.1,111,20
VID01680,2024-06-10,Daily Routine #1680,Lifestyle,58455,2511,161,7.09,60.96,7682.9,1002,14
VID01681,2024-06-10,AI Tools #1681,Tech,1146,124,6,8.24,40.0,72.7,12,12
VID01682,2024-06-10,Expectation vs Reality #1682,Comedy,13024,423,29,7.86,67.1,990.6,36,6
VID01683,2024-06-10,Gaming Highlights #1683,Gaming,39901,1690,47,6.06,43.74,692.2,801,21
VID01684,2024-06-10,Daily Routine #1684,Lifestyle,64524,3959,75,6.12,62.91,6869.2,552,19
VID01685,2024-06-11,Beginner Guide #1685,Gaming,6305,456,54,12.13,56.52,395.3,61,16
VID01686,2024-06-11,Office Comedy #1686,Comedy,6176,252,5,9.67,48.59,156.1,25,20
VID01687,2024-06-11,Gaming Highlights #1687,Gaming,33214,2601,219,12.12,74.69,1890.6,654,21
VID01688,2024-06-11,Laptop Buying Guide #1688,Tech,24984,1926,211,6.37,66.44,692.6,85,14
VID01689,2024-06-11,Relatable College Life #1689,Comedy,6566,384,25,7.89,47.61,552.9,58,10
VID01690,2024-06-11,Day In My Life #1690,Lifestyle,16091,462,13,7.73,61.5,1368.2,257,19
VID01691,2024-06-11,Gaming Tips #1691,Gaming,13321,669,68,6.58,74.0,1682.3,111,12
VID01692,2024-06-11,Budget Meals #1692,Food,6305,392,19,7.21,53.8,185.0,63,21
VID01693,2024-06-11,Investment Basics #1693,Finance,9718,545,47,8.1,68.23,587.5,59,19
VID01694,2024-06-11,Healthy Habits #1694,Lifestyle,10176,502,112,8.86,58.81,373.7,201,10
VID01695,2024-06-11,Budget Travel Tips #1695,Travel,19976,725,241,4.29,72.5,1206.6,349,10
VID01696,2024-06-12,Best Apps #1696,Tech,7983,620,41,8.23,73.63,413.0,172,18
VID01697,2024-06-12,Tech Hacks #1697,Tech,20673,1052,68,5.83,82.52,2036.2,486,14
VID01698,2024-06-12,Relatable College Life #1698,Comedy,7099,644,98,7.67,62.4,959.1,159,14
VID01699,2024-06-12,Weekend Travel Vlog #1699,Travel,10459,473,67,5.59,65.08,383.1,224,20
VID01700,2024-06-12,Street Food Tour #1700,Food,49880,5131,192,4.97,67.79,3525.7,512,14
VID01701,2024-06-12,Expectation vs Reality #1701,Comedy,6021,649,76,6.47,46.51,614.3,57,18
VID01702,2024-06-12,Best Friend Problems #1702,Comedy,2319,146,14,10.14,81.9,238.7,7,16
VID01703,2024-06-12,Funny Family Moments #1703,Comedy,32989,3580,227,8.23,63.76,1768.7,315,6
VID01704,2024-06-12,Gaming Highlights #1704,Gaming,6230,299,36,6.7,57.98,179.5,135,20
VID01705,2024-06-12,Best Places to Visit #1705,Travel,2872,156,37,6.45,63.22,163.8,53,16
VID01706,2024-06-13,Travel Mistakes #1706,Travel,6055,581,11,6.02,59.79,139.0,41,12
VID01707,2024-06-13,Weekend Vlog #1707,Lifestyle,28782,2337,379,6.4,54.8,2784.4,185,12
VID01708,2024-06-13,Budget Planning #1708,Finance,9729,684,128,9.2,41.93,566.6,104,8
VID01709,2024-06-13,Learning Strategies #1709,Education,12844,606,56,9.12,66.84,2065.0,197,10
VID01710,2024-06-13,Best Friend Problems #1710,Comedy,75974,5542,537,6.59,60.59,10485.2,1146,18
VID01711,2024-06-13,Street Food Tour #1711,Food,7298,757,87,9.47,44.57,334.2,27,8
VID01712,2024-06-13,Investment Basics #1712,Finance,800,25,2,8.74,59.33,25.4,7,18
VID01713,2024-06-13,Gaming Tips #1713,Gaming,16744,1338,136,10.57,49.67,1101.4,200,22
VID01714,2024-06-13,Tech Hacks #1714,Tech,3874,424,51,7.11,39.63,217.5,68,12
VID01715,2024-06-13,Learning Strategies #1715,Education,3026,262,34,10.36,68.36,228.1,64,16
VID01716,2024-06-13,Beginner Guide #1716,Gaming,4974,492,52,6.54,56.47,229.1,22,20
VID01717,2024-06-14,Learning Strategies #1717,Education,30436,3314,164,8.95,52.04,1794.5,143,16
VID01718,2024-06-14,Funny Family Moments #1718,Comedy,11474,785,15,11.25,70.04,1443.8,176,19
VID01719,2024-06-14,Relatable College Life #1719,Comedy,22809,574,215,7.82,71.22,1627.9,123,8
VID01720,2024-06-14,Cooking Tips #1720,Food,9159,959,14,6.89,44.55,312.2,100,6
VID01721,2024-06-14,Funny Family Moments #1721,Comedy,948,85,3,6.82,71.3,82.7,11,22
VID01722,2024-06-14,Best Restaurants #1722,Food,15218,790,54,10.29,59.95,936.8,209,16
VID01723,2024-06-14,Travel Guide #1723,Travel,33507,2764,149,6.52,63.03,1290.9,443,18
VID01724,2024-06-14,Top Games #1724,Gaming,25858,906,41,7.17,55.24,1742.6,465,12
VID01725,2024-06-14,Office Comedy #1725,Comedy,125957,12461,209,8.2,72.36,3333.8,3025,19
VID01726,2024-06-14,Street Food Tour #1726,Food,967,91,1,7.34,46.42,51.9,11,10
VID01727,2024-06-15,Healthy Habits #1727,Lifestyle,1382,89,15,10.51,55.89,104.7,10,22
VID01728,2024-06-15,Budget Planning #1728,Finance,4388,293,34,9.34,53.89,156.6,91,20
VID01729,2024-06-15,Day In My Life #1729,Lifestyle,1260,55,15,5.33,66.86,47.1,11,16
VID01730,2024-06-15,Funny Family Moments #1730,Comedy,35005,1875,185,8.19,77.18,2670.7,320,19
VID01731,2024-06-15,Gaming Tips #1731,Gaming,4261,402,36,9.39,64.09,368.3,14,8
VID01732,2024-06-15,Budget Travel Tips #1732,Travel,5828,619,38,4.03,83.39,923.6,141,12
VID01733,2024-06-15,Personal Finance Tips #1733,Finance,38007,1742,59,8.47,45.74,1358.0,769,20
VID01734,2024-06-15,Budget Travel Tips #1734,Travel,35856,2482,433,9.8,51.21,2732.2,555,21
VID01735,2024-06-15,Productivity Tips #1735,Education,7326,343,30,4.37,68.0,665.4,115,14
VID01736,2024-06-15,Funny Family Moments #1736,Comedy,65971,3506,228,7.33,40.0,2085.1,729,23
VID01737,2024-06-16,Expectation vs Reality #1737,Comedy,6590,613,34,8.26,70.88,928.8,72,19
VID01738,2024-06-16,Weekend Travel Vlog #1738,Travel,9573,975,41,12.58,58.29,1210.6,93,19
VID01739,2024-06-16,Investment Basics #1739,Finance,24319,759,44,9.96,55.1,686.6,360,18
VID01740,2024-06-16,Credit Score Tips #1740,Finance,10447,701,140,7.22,58.53,321.6,154,23
VID01741,2024-06-16,Funny Family Moments #1741,Comedy,15045,613,60,9.75,58.88,952.4,118,19
VID01742,2024-06-16,Study Tips That Work #1742,Education,47299,3929,46,8.54,53.53,2090.5,642,12
VID01743,2024-06-16,Relatable College Life #1743,Comedy,131822,3518,1574,5.33,60.82,11834.5,2653,19
VID01744,2024-06-16,Cooking Tips #1744,Food,1314,113,13,8.62,62.7,55.3,17,18
VID01745,2024-06-16,Hidden Places #1745,Travel,76554,7431,353,8.19,75.43,10182.5,1854,20
VID01746,2024-06-16,Morning Routine #1746,Lifestyle,7830,845,95,7.57,47.84,619.3,72,19
VID01747,2024-06-16,Best Settings #1747,Gaming,3155,86,15,3.09,50.21,248.1,41,20
VID01748,2024-06-17,Study Tips That Work #1748,Education,4535,148,15,5.49,61.41,435.9,93,6
VID01749,2024-06-17,Best Settings #1749,Gaming,13333,982,60,10.55,64.25,783.0,247,20
VID01750,2024-06-17,Relatable College Life #1750,Comedy,9520,688,48,4.77,59.83,861.6,219,21
VID01751,2024-06-17,Best Apps #1751,Tech,4638,152,14,7.24,55.03,429.1,88,16
VID01752,2024-06-17,Office Comedy #1752,Comedy,6385,295,63,8.25,68.55,962.5,87,18
VID01753,2024-06-17,Study Tips That Work #1753,Education,25170,2210,135,9.66,82.68,1765.3,197,20
VID01754,2024-06-17,Best Apps #1754,Tech,8993,612,121,8.88,56.28,277.9,122,19
VID01755,2024-06-17,Budget Planning #1755,Finance,11762,987,141,7.18,72.79,608.1,275,18
VID01756,2024-06-17,Relatable College Life #1756,Comedy,2137,118,28,5.61,62.76,207.8,21,12
VID01757,2024-06-17,Expectation vs Reality #1757,Comedy,73133,7472,845,4.76,68.18,6729.3,971,23
VID01758,2024-06-18,Laptop Buying Guide #1758,Tech,2647,275,28,6.24,58.19,212.0,24,20
VID01759,2024-06-18,Useful Tech Tips #1759,Tech,104662,6650,262,4.51,63.58,4610.8,1365,8
VID01760,2024-06-18,Budget Lifestyle #1760,Lifestyle,5192,483,21,4.74,78.64,741.9,26,21
VID01761,2024-06-18,Career Tips #1761,Education,8114,889,45,11.08,57.65,704.3,156,20
VID01762,2024-06-18,Budget Lifestyle #1762,Lifestyle,6603,607,55,9.41,46.52,704.7,87,14
VID01763,2024-06-18,Phone Features You Missed #1763,Tech,3843,411,41,3.11,63.23,174.4,58,18
VID01764,2024-06-18,Useful Tech Tips #1764,Tech,29968,825,314,11.35,61.57,3986.2,117,20
VID01765,2024-06-18,Parents Be Like #1765,Comedy,10304,790,37,8.35,61.28,1119.1,147,19
VID01766,2024-06-18,Exam Preparation Guide #1766,Education,11413,1244,57,7.45,44.42,488.4,147,18
VID01767,2024-06-18,Budget Lifestyle #1767,Lifestyle,5610,159,75,7.12,64.18,521.7,77,18
VID01768,2024-06-19,Tech Hacks #1768,Tech,59994,1617,472,9.06,37.69,2436.2,1153,23
VID01769,2024-06-19,Interview Preparation #1769,Education,8540,716,75,7.88,62.34,881.5,93,20
VID01770,2024-06-19,Parents Be Like #1770,Comedy,75098,5644,364,5.75,52.15,7994.3,633,19
VID01771,2024-06-19,Money Mistakes #1771,Finance,9072,462,76,10.04,62.36,524.5,184,20
VID01772,2024-06-19,Phone Features You Missed #1772,Tech,15942,648,107,1.94,83.81,857.7,386,8
VID01773,2024-06-19,Investment Basics #1773,Finance,18811,1995,36,6.0,61.21,610.8,51,18
VID01774,2024-06-19,Investment Basics #1774,Finance,32963,2465,239,6.82,61.7,2562.4,585,20
VID01775,2024-06-19,Food Review #1775,Food,8514,657,81,7.2,64.23,724.3,101,19
VID01776,2024-06-19,Top Games #1776,Gaming,10786,387,126,4.84,48.49,1210.1,206,21
VID01777,2024-06-19,Interview Preparation #1777,Education,14305,580,172,6.57,74.48,845.8,251,10
VID01778,2024-06-19,Parents Be Like #1778,Comedy,20655,1861,135,11.53,69.26,2196.2,83,20
VID01779,2024-06-20,Useful Tech Tips #1779,Tech,8765,753,7,9.44,57.69,579.1,108,20
VID01780,2024-06-20,Top Games #1780,Gaming,35457,2565,412,8.37,60.85,2627.5,665,8
VID01781,2024-06-20,Budget Planning #1781,Finance,25591,2397,237,6.02,49.03,1625.9,316,19
VID01782,2024-06-20,Expectation vs Reality #1782,Comedy,7191,585,18,7.83,46.51,326.9,48,10
VID01783,2024-06-20,Travel Mistakes #1783,Travel,33435,2308,280,8.14,67.08,4641.1,376,20
VID01784,2024-06-20,Best Friend Problems #1784,Comedy,38238,3204,53,5.85,43.39,1461.2,711,12
VID01785,2024-06-20,Best Places to Visit #1785,Travel,14016,717,115,6.35,60.79,529.8,82,19
VID01786,2024-06-20,Healthy Habits #1786,Lifestyle,14908,634,60,4.43,56.59,790.4,55,18
VID01787,2024-06-20,Healthy Habits #1787,Lifestyle,2835,141,5,5.89,64.69,86.3,55,19
VID01788,2024-06-20,Funny Family Moments #1788,Comedy,13623,698,65,6.56,64.71,1658.2,194,6
VID01789,2024-06-21,Top Games #1789,Gaming,9269,259,9,6.38,64.67,915.9,173,20
VID01790,2024-06-21,AI Tools #1790,Tech,55464,4106,774,3.52,55.04,4367.0,1046,6
VID01791,2024-06-21,Morning Routine #1791,Lifestyle,66573,3157,816,8.4,43.73,4792.8,591,10
VID01792,2024-06-21,Exam Preparation Guide #1792,Education,33825,940,368,10.35,69.34,2948.3,262,22
VID01793,2024-06-21,Investment Basics #1793,Finance,4877,465,64,12.44,64.42,321.6,87,19
VID01794,2024-06-21,Best Apps #1794,Tech,7814,581,18,4.72,55.26,620.2,23,10
VID01795,2024-06-21,Tech Hacks #1795,Tech,11814,810,69,7.69,52.57,529.8,65,18
VID01796,2024-06-21,Laptop Buying Guide #1796,Tech,36917,1242,478,9.2,71.85,1989.0,851,10
VID01797,2024-06-21,Travel Mistakes #1797,Travel,8724,848,43,6.66,63.32,910.6,188,18
VID01798,2024-06-21,Tech Hacks #1798,Tech,5524,541,40,7.12,72.29,410.7,25,22
VID01799,2024-06-21,Expectation vs Reality #1799,Comedy,24598,1195,314,12.89,60.04,1780.6,135,16
VID01800,2024-06-22,Useful Tech Tips #1800,Tech,15312,1426,104,6.22,53.66,707.0,267,20
VID01801,2024-06-22,Useful Tech Tips #1801,Tech,1909,64,11,5.23,26.64,110.1,34,20
VID01802,2024-06-22,Street Food Tour #1802,Food,36434,3021,265,9.9,61.23,2684.4,788,12
VID01803,2024-06-22,Top Games #1803,Gaming,2576,87,29,4.45,75.93,292.9,43,22
VID01804,2024-06-22,Career Tips #1804,Education,12068,885,132,8.36,47.62,613.7,184,21
VID01805,2024-06-22,Exam Preparation Guide #1805,Education,14193,983,172,4.18,65.23,475.3,291,21
VID01806,2024-06-22,Investment Basics #1806,Finance,3265,142,13,7.96,62.86,266.2,69,20
VID01807,2024-06-22,Day In My Life #1807,Lifestyle,38714,1055,463,7.75,50.4,2436.0,268,22
VID01808,2024-06-22,Budget Travel Tips #1808,Travel,13185,806,116,8.34,71.48,762.0,231,18
VID01809,2024-06-22,Top Games #1809,Gaming,23567,2569,310,5.16,46.61,664.1,85,19
VID01810,2024-06-23,Funny Family Moments #1810,Comedy,14633,1431,15,5.67,85.27,2180.8,211,22
VID01811,2024-06-23,Day In My Life #1811,Lifestyle,9593,598,67,8.44,47.38,267.1,157,10
VID01812,2024-06-23,Best Places to Visit #1812,Travel,7636,811,37,9.12,63.48,321.0,91,16
VID01813,2024-06-23,Food Review #1813,Food,14268,467,65,6.4,80.85,1661.5,55,21
VID01814,2024-06-23,Expectation vs Reality #1814,Comedy,1067,96,10,6.81,64.91,87.5,5,20
VID01815,2024-06-23,Relatable College Life #1815,Comedy,38828,3510,288,10.07,69.43,1950.7,518,12
VID01816,2024-06-23,Food Review #1816,Food,10678,981,51,5.87,71.66,1672.0,175,19
VID01817,2024-06-23,Best Settings #1817,Gaming,36839,3734,427,12.46,52.84,3656.1,680,14
VID01818,2024-06-23,Gaming Tips #1818,Gaming,43731,2018,432,8.82,58.76,1185.6,114,14
VID01819,2024-06-23,Expectation vs Reality #1819,Comedy,49229,1460,325,10.44,68.79,7497.0,563,21
VID01820,2024-06-24,Investment Basics #1820,Finance,8359,642,54,7.08,56.18,425.5,98,21
VID01821,2024-06-24,Budget Meals #1821,Food,855,28,6,3.76,58.84,98.7,14,18
VID01822,2024-06-24,Learning Strategies #1822,Education,22367,2240,36,6.88,65.51,1503.4,378,19
VID01823,2024-06-24,Best Settings #1823,Gaming,6815,731,31,7.08,63.66,414.5,102,16
VID01824,2024-06-24,Game Challenge #1824,Gaming,30450,3266,241,10.77,71.66,1797.4,579,12
VID01825,2024-06-24,Career Tips #1825,Education,22501,2365,240,8.43,52.64,1380.5,316,19
VID01826,2024-06-24,Saving Money #1826,Finance,3914,406,32,8.94,36.97,91.0,29,19
VID01827,2024-06-24,Best Restaurants #1827,Food,4070,246,51,9.78,58.14,149.0,74,22
VID01828,2024-06-24,Career Tips #1828,Education,4638,263,64,8.38,67.8,618.0,91,19
VID01829,2024-06-24,Game Challenge #1829,Gaming,14569,965,148,6.11,46.77,985.0,42,23
VID01830,2024-06-24,Game Challenge #1830,Gaming,2968,249,34,8.07,63.62,322.2,63,20
VID01831,2024-06-25,Street Food Tour #1831,Food,22458,2254,96,9.19,47.56,537.6,457,16
VID01832,2024-06-25,Parents Be Like #1832,Comedy,9776,905,122,9.89,71.15,744.0,236,6
VID01833,2024-06-25,Healthy Habits #1833,Lifestyle,19496,492,128,9.92,33.25,1354.7,205,21
VID01834,2024-06-25,Hidden Places #1834,Travel,25705,2043,355,6.49,52.08,1508.1,76,21
VID01835,2024-06-25,Travel Mistakes #1835,Travel,7608,786,56,4.79,66.57,570.2,147,16
VID01836,2024-06-25,Relatable College Life #1836,Comedy,10629,344,92,6.03,54.58,236.5,193,20
VID01837,2024-06-25,Money Mistakes #1837,Finance,6013,621,78,4.81,62.83,434.5,100,12
VID01838,2024-06-25,Gaming Tips #1838,Gaming,5189,165,51,10.11,63.21,406.9,19,18
VID01839,2024-06-25,Productivity Tips #1839,Education,2610,276,33,7.07,47.6,135.2,50,12
VID01840,2024-06-25,Career Tips #1840,Education,7234,547,54,7.15,62.94,216.9,145,20
VID01841,2024-06-26,Street Food Tour #1841,Food,37469,3178,324,8.74,59.66,4922.7,245,16
VID01842,2024-06-26,Office Comedy #1842,Comedy,40819,4268,179,9.67,72.83,1433.2,343,19
VID01843,2024-06-26,Weekend Travel Vlog #1843,Travel,10309,587,73,9.87,63.97,1190.6,50,16
VID01844,2024-06-26,Tech Hacks #1844,Tech,7041,199,88,8.02,53.79,666.4,94,21
VID01845,2024-06-26,Career Tips #1845,Education,2478,254,28,3.67,49.87,164.9,10,21
VID01846,2024-06-26,Healthy Habits #1846,Lifestyle,787,44,8,6.7,61.3,98.2,10,23
VID01847,2024-06-26,Easy Recipes #1847,Food,7961,601,96,9.35,72.01,802.4,91,21
VID01848,2024-06-26,Weekend Vlog #1848,Lifestyle,4332,309,39,9.86,51.93,324.0,74,20
VID01849,2024-06-26,Day In My Life #1849,Lifestyle,17531,1509,224,4.9,54.66,1476.6,119,6
VID01850,2024-06-26,Laptop Buying Guide #1850,Tech,20383,644,113,9.02,82.21,1548.9,174,20
VID01851,2024-06-26,Laptop Buying Guide #1851,Tech,1280,91,5,13.48,60.74,138.1,15,10
VID01852,2024-06-27,Weekend Vlog #1852,Lifestyle,11291,356,151,7.65,72.79,594.8,134,18
VID01853,2024-06-27,Best Places to Visit #1853,Travel,1876,128,7,7.26,77.53,234.0,25,18
VID01854,2024-06-27,Exam Preparation Guide #1854,Education,12190,691,57,11.04,62.67,974.0,251,20
VID01855,2024-06-27,Budget Travel Tips #1855,Travel,5449,223,66,8.5,52.97,527.4,19,14
VID01856,2024-06-27,Parents Be Like #1856,Comedy,7869,481,58,6.1,35.47,453.6,71,19
VID01857,2024-06-27,Best Apps #1857,Tech,13432,657,105,9.18,69.33,908.2,269,12
VID01858,2024-06-27,Best Friend Problems #1858,Comedy,8136,691,92,7.64,39.19,505.7,21,18
VID01859,2024-06-27,Phone Features You Missed #1859,Tech,43675,1218,579,8.4,55.59,3007.4,629,16
VID01860,2024-06-27,Daily Routine #1860,Lifestyle,9201,1005,117,6.35,43.64,615.8,61,18
VID01861,2024-06-27,Street Food Tour #1861,Food,87909,7945,113,6.86,63.42,5966.2,965,8
VID01862,2024-06-28,Travel Guide #1862,Travel,5015,165,35,4.16,64.49,304.0,82,20
VID01863,2024-06-28,Money Mistakes #1863,Finance,8014,616,24,5.51,65.32,466.4,180,20
VID01864,2024-06-28,Cooking Tips #1864,Food,15482,885,170,6.97,62.61,1764.9,264,14
VID01865,2024-06-28,Credit Score Tips #1865,Finance,8519,226,47,9.73,41.0,530.3,55,20
VID01866,2024-06-28,Study Tips That Work #1866,Education,18856,1061,220,4.52,48.59,1495.3,273,22
VID01867,2024-06-28,Laptop Buying Guide #1867,Tech,15340,828,80,9.32,71.43,928.1,148,16
VID01868,2024-06-28,Weekend Travel Vlog #1868,Travel,31098,1296,56,7.3,42.81,809.5,647,6
VID01869,2024-06-28,Tech Hacks #1869,Tech,11767,1105,72,8.48,45.79,731.0,64,18
VID01870,2024-06-28,Funny Family Moments #1870,Comedy,3933,321,44,9.25,65.34,199.0,87,21
VID01871,2024-06-28,Hidden Places #1871,Travel,45539,1400,190,6.12,66.84,1775.6,386,16
VID01872,2024-06-29,Healthy Habits #1872,Lifestyle,17044,666,79,8.51,67.57,682.5,326,22
VID01873,2024-06-29,Expectation vs Reality #1873,Comedy,9134,296,122,6.33,68.35,1350.3,85,12
VID01874,2024-06-29,Phone Features You Missed #1874,Tech,2634,110,14,6.46,43.9,158.6,54,20
VID01875,2024-06-29,Exam Preparation Guide #1875,Education,51669,4014,555,3.78,60.38,2633.2,651,22
VID01876,2024-06-29,Day In My Life #1876,Lifestyle,7899,757,52,5.6,57.96,663.9,139,8
VID01877,2024-06-29,Career Tips #1877,Education,3426,339,23,7.46,48.51,164.8,26,8
VID01878,2024-06-29,Budget Travel Tips #1878,Travel,4189,451,7,7.5,70.75,226.8,13,18
VID01879,2024-06-29,Budget Planning #1879,Finance,20866,568,143,6.32,42.75,438.8,226,14
VID01880,2024-06-29,Hidden Places #1880,Travel,8719,551,74,8.61,58.85,640.3,45,14
VID01881,2024-06-29,Relatable College Life #1881,Comedy,15113,601,152,3.81,72.74,1402.0,341,21
VID01882,2024-06-29,Office Comedy #1882,Comedy,26338,2477,350,4.52,57.2,1486.5,90,16
VID01883,2024-06-30,Best Friend Problems #1883,Comedy,11658,706,20,8.77,67.5,967.5,97,8
VID01884,2024-06-30,Travel Guide #1884,Travel,12240,745,38,6.27,51.58,398.5,270,18
VID01885,2024-06-30,Best Apps #1885,Tech,14077,1181,150,12.56,52.41,596.7,74,6
VID01886,2024-06-30,Gaming Tips #1886,Gaming,23577,975,151,7.22,58.65,1557.0,294,19
VID01887,2024-06-30,Career Tips #1887,Education,4137,306,26,10.22,45.08,259.2,40,10
VID01888,2024-06-30,Budget Meals #1888,Food,7790,363,22,6.96,49.79,402.6,48,16
VID01889,2024-06-30,Best Apps #1889,Tech,31264,2120,315,8.66,62.77,1784.9,152,12
VID01890,2024-06-30,Best Places to Visit #1890,Travel,40338,2950,558,5.12,74.27,4537.3,177,14
VID01891,2024-06-30,Best Settings #1891,Gaming,11936,856,113,4.66,44.81,386.6,194,22
VID01892,2024-06-30,Travel Mistakes #1892,Travel,15786,1080,92,5.35,61.89,378.6,322,20
VID01893,2024-07-01,Laptop Buying Guide #1893,Tech,43862,4413,511,10.0,75.44,1847.6,1022,21
VID01894,2024-07-01,Best Friend Problems #1894,Comedy,5775,165,61,5.92,73.96,423.8,142,12
VID01895,2024-07-01,Morning Routine #1895,Lifestyle,14244,1482,12,6.78,38.31,243.7,185,19
VID01896,2024-07-01,AI Tools #1896,Tech,5054,540,25,7.44,67.91,470.9,48,19
VID01897,2024-07-01,Money Mistakes #1897,Finance,2809,172,2,10.47,67.56,124.6,35,10
VID01898,2024-07-01,Learning Strategies #1898,Education,4934,511,38,8.95,57.94,536.8,18,23
VID01899,2024-07-01,Saving Money #1899,Finance,1664,68,13,6.02,81.44,203.6,14,14
VID01900,2024-07-01,Budget Travel Tips #1900,Travel,18125,1709,128,11.11,58.94,1337.3,264,16
VID01901,2024-07-01,Street Food Tour #1901,Food,500,12,4,9.49,80.3,44.7,2,20
VID01902,2024-07-01,Expectation vs Reality #1902,Comedy,24568,1005,19,5.9,53.73,894.8,325,20
VID01903,2024-07-01,Useful Tech Tips #1903,Tech,13810,746,69,9.57,59.22,1079.5,72,21
VID01904,2024-07-02,Funny Family Moments #1904,Comedy,17266,1151,25,5.53,46.04,1020.3,121,21
VID01905,2024-07-02,Food Review #1905,Food,12073,1300,19,10.81,37.7,820.7,29,8
VID01906,2024-07-02,Hidden Places #1906,Travel,4218,424,7,10.59,67.53,356.2,68,20
VID01907,2024-07-02,Morning Routine #1907,Lifestyle,38896,3702,67,5.14,56.28,1853.3,108,14
VID01908,2024-07-02,Office Comedy #1908,Comedy,38967,1734,491,9.14,62.69,4077.9,194,14
VID01909,2024-07-02,Exam Preparation Guide #1909,Education,5034,422,41,7.83,60.47,455.8,24,18
VID01910,2024-07-02,Best Apps #1910,Tech,5992,372,52,5.26,76.43,1054.6,41,6
VID01911,2024-07-02,Interview Preparation #1911,Education,7278,247,68,7.37,67.51,1149.6,64,8
VID01912,2024-07-02,Tech Hacks #1912,Tech,8507,333,97,7.28,50.39,873.2,153,12
VID01913,2024-07-02,Top Games #1913,Gaming,6711,439,74,7.81,59.69,709.4,119,22
VID01914,2024-07-03,Tech Hacks #1914,Tech,2509,267,29,8.01,45.25,46.5,13,10
VID01915,2024-07-03,Laptop Buying Guide #1915,Tech,3342,275,4,12.8,60.41,326.4,21,19
VID01916,2024-07-03,Budget Planning #1916,Finance,22933,1988,219,8.9,73.92,2218.6,92,10
VID01917,2024-07-03,Best Places to Visit #1917,Travel,26282,973,235,7.96,52.09,1437.6,505,20
VID01918,2024-07-03,Funny Family Moments #1918,Comedy,15848,512,67,10.64,66.96,1358.8,66,18
VID01919,2024-07-03,Expectation vs Reality #1919,Comedy,8414,309,80,8.35,41.62,325.2,137,22
VID01920,2024-07-03,Learning Strategies #1920,Education,20114,1120,184,6.59,68.66,2101.4,304,18
VID01921,2024-07-03,Parents Be Like #1921,Comedy,10536,437,59,9.39,60.54,1131.5,88,16
VID01922,2024-07-03,Office Comedy #1922,Comedy,41978,3089,540,10.76,63.7,4023.6,701,6
VID01923,2024-07-03,Relatable College Life #1923,Comedy,5480,582,59,5.43,56.71,700.3,60,22
VID01924,2024-07-04,Exam Preparation Guide #1924,Education,15892,943,103,10.97,52.87,564.4,179,18
VID01925,2024-07-04,Career Tips #1925,Education,1572,72,11,4.64,63.05,127.9,20,21
VID01926,2024-07-04,Budget Meals #1926,Food,2935,117,23,10.16,59.4,90.9,25,21
VID01927,2024-07-04,Hidden Places #1927,Travel,22465,715,206,5.87,59.06,1036.5,507,22
VID01928,2024-07-04,Best Apps #1928,Tech,6689,276,55,3.7,54.12,380.2,120,12
VID01929,2024-07-04,Hidden Places #1929,Travel,13175,826,182,10.0,74.81,660.9,242,14
VID01930,2024-07-04,Budget Travel Tips #1930,Travel,63812,3760,265,7.2,73.1,7801.7,284,12
VID01931,2024-07-04,Travel Guide #1931,Travel,36671,2495,428,6.16,82.25,1084.9,916,22
VID01932,2024-07-04,Personal Finance Tips #1932,Finance,13206,1303,112,5.72,61.61,1076.9,279,19
VID01933,2024-07-04,Phone Features You Missed #1933,Tech,8298,437,42,6.82,78.41,733.0,127,20
VID01934,2024-07-04,Best Friend Problems #1934,Comedy,14504,969,72,10.0,63.24,924.1,126,14
VID01935,2024-07-05,Day In My Life #1935,Lifestyle,1925,117,2,6.76,62.1,88.9,8,10
VID01936,2024-07-05,Interview Preparation #1936,Education,10548,504,113,7.58,43.96,316.1,76,21
VID01937,2024-07-05,Weekend Travel Vlog #1937,Travel,23668,1903,319,6.46,71.18,2585.6,142,20
VID01938,2024-07-05,Weekend Travel Vlog #1938,Travel,12120,330,101,5.3,70.73,1076.8,100,23
VID01939,2024-07-05,Credit Score Tips #1939,Finance,4439,362,42,5.32,58.9,324.7,99,18
VID01940,2024-07-05,Credit Score Tips #1940,Finance,16438,541,204,5.77,63.17,606.6,148,16
VID01941,2024-07-05,Office Comedy #1941,Comedy,15078,1609,179,7.69,64.07,780.9,176,22
VID01942,2024-07-05,Best Friend Problems #1942,Comedy,66398,7071,669,9.52,47.47,4638.7,507,16
VID01943,2024-07-05,Best Settings #1943,Gaming,3989,291,14,6.22,47.8,278.3,21,12
VID01944,2024-07-05,Study Tips That Work #1944,Education,19637,1977,227,4.51,52.64,1599.2,270,22
VID01945,2024-07-06,Best Apps #1945,Tech,9057,805,9,8.53,58.71,410.3,207,14
VID01946,2024-07-06,Street Food Tour #1946,Food,17521,1813,26,8.15,58.27,1472.6,83,19
VID01947,2024-07-06,Phone Features You Missed #1947,Tech,13344,418,70,8.38,67.02,908.3,169,20
VID01948,2024-07-06,Relatable College Life #1948,Comedy,5953,383,15,10.04,45.22,421.3,66,20
VID01949,2024-07-06,Best Apps #1949,Tech,3289,223,34,10.91,80.33,449.2,32,10
VID01950,2024-07-06,Best Settings #1950,Gaming,8949,333,122,4.96,55.19,912.7,147,18
VID01951,2024-07-06,Best Settings #1951,Gaming,11210,817,139,11.57,63.87,366.2,35,21
VID01952,2024-07-06,Personal Finance Tips #1952,Finance,4847,336,40,8.31,59.2,286.6,110,18
VID01953,2024-07-06,Learning Strategies #1953,Education,2593,217,14,10.51,65.37,157.5,36,12
VID01954,2024-07-06,Budget Meals #1954,Food,84033,7364,720,7.85,64.7,10183.2,818,20
VID01955,2024-07-06,Healthy Habits #1955,Lifestyle,7194,494,59,9.75,38.57,542.3,118,14
VID01956,2024-07-07,Career Tips #1956,Education,4705,242,6,5.43,59.45,332.6,65,16
VID01957,2024-07-07,Budget Planning #1957,Finance,38094,2424,476,4.06,79.0,1673.0,562,16
VID01958,2024-07-07,Food Review #1958,Food,17310,1289,81,12.26,61.47,939.5,377,12
VID01959,2024-07-07,Street Food Tour #1959,Food,9988,440,52,7.51,64.0,475.6,167,12
VID01960,2024-07-07,Travel Mistakes #1960,Travel,6019,425,55,5.51,61.37,497.6,119,12
VID01961,2024-07-07,Easy Recipes #1961,Food,5727,494,53,7.77,74.23,573.6,122,18
VID01962,2024-07-07,Budget Lifestyle #1962,Lifestyle,5123,425,36,10.77,54.87,151.8,83,20
VID01963,2024-07-07,Best Settings #1963,Gaming,9059,651,94,7.66,39.85,643.3,162,18
VID01964,2024-07-07,Food Review #1964,Food,60855,5161,630,8.94,64.13,8052.5,1040,8
VID01965,2024-07-07,Money Mistakes #1965,Finance,20261,2072,93,7.22,74.14,799.4,471,6
VID01966,2024-07-08,Funny Family Moments #1966,Comedy,3732,151,14,8.28,69.93,319.0,39,19
VID01967,2024-07-08,Study Tips That Work #1967,Education,18984,1099,252,8.49,72.93,2164.3,232,20
VID01968,2024-07-08,Budget Planning #1968,Finance,57824,3379,688,6.36,55.02,6469.8,537,14
VID01969,2024-07-08,Learning Strategies #1969,Education,22193,1930,140,6.03,59.09,1551.4,401,23
VID01970,2024-07-08,Tech Hacks #1970,Tech,3062,260,42,6.88,67.12,205.6,67,20
VID01971,2024-07-08,Morning Routine #1971,Lifestyle,9690,876,121,2.87,64.24,1277.3,222,20
VID01972,2024-07-08,Best Restaurants #1972,Food,3834,412,40,7.41,46.35,323.8,70,18
VID01973,2024-07-08,Expectation vs Reality #1973,Comedy,17347,1843,134,8.68,50.6,385.5,254,21
VID01974,2024-07-08,Exam Preparation Guide #1974,Education,12186,664,86,11.71,66.42,455.0,284,19
VID01975,2024-07-08,Expectation vs Reality #1975,Comedy,1045,81,12,7.36,56.04,26.3,16,19
VID01976,2024-07-09,Phone Features You Missed #1976,Tech,211209,5511,2102,9.63,55.82,18169.5,3407,23
VID01977,2024-07-09,Office Comedy #1977,Comedy,23084,2167,224,9.23,57.68,2026.3,197,20
VID01978,2024-07-09,Exam Preparation Guide #1978,Education,6915,321,84,8.44,51.54,198.3,139,22
VID01979,2024-07-09,Expectation vs Reality #1979,Comedy,7977,724,103,8.14,50.92,616.4,54,14
VID01980,2024-07-09,Morning Routine #1980,Lifestyle,30648,3050,175,8.87,57.74,2875.3,508,20
VID01981,2024-07-09,Best Restaurants #1981,Food,6361,686,62,8.39,69.54,841.0,139,12
VID01982,2024-07-09,Easy Recipes #1982,Food,21130,1008,52,7.89,69.26,2630.7,264,10
VID01983,2024-07-09,Productivity Tips #1983,Education,3683,293,39,7.43,47.23,231.3,63,22
VID01984,2024-07-09,Best Apps #1984,Tech,18651,1885,28,2.67,50.26,996.7,65,23
VID01985,2024-07-09,Best Places to Visit #1985,Travel,5664,387,12,9.5,61.54,806.3,70,16
VID01986,2024-07-09,Budget Lifestyle #1986,Lifestyle,123880,3637,651,8.22,55.79,5738.7,1647,14
VID01987,2024-07-10,Best Settings #1987,Gaming,8984,228,110,9.36,66.52,698.3,102,14
VID01988,2024-07-10,AI Tools #1988,Tech,6079,437,14,7.53,59.91,263.2,104,20
VID01989,2024-07-10,Office Comedy #1989,Comedy,9686,1025,131,8.81,63.99,973.0,38,20
VID01990,2024-07-10,Career Tips #1990,Education,19805,911,33,9.16,64.62,2795.8,373,21
VID01991,2024-07-10,Hidden Places #1991,Travel,4875,503,24,8.29,54.2,489.6,76,18
VID01992,2024-07-10,Best Apps #1992,Tech,1776,81,11,12.02,61.29,131.7,21,19
VID01993,2024-07-10,Morning Routine #1993,Lifestyle,5308,163,60,5.93,68.4,356.0,111,8
VID01994,2024-07-10,Budget Lifestyle #1994,Lifestyle,23009,1976,155,6.94,70.1,1227.5,491,21
VID01995,2024-07-10,Morning Routine #1995,Lifestyle,17599,884,42,7.34,56.8,1620.5,107,20
VID01996,2024-07-10,Morning Routine #1996,Lifestyle,12889,328,40,11.24,67.91,670.9,258,6
VID01997,2024-07-11,Saving Money #1997,Finance,14603,1161,47,11.1,58.78,1075.3,131,19
VID01998,2024-07-11,Budget Lifestyle #1998,Lifestyle,5338,248,31,6.32,58.53,459.2,121,21
VID01999,2024-07-11,Budget Lifestyle #1999,Lifestyle,6496,482,19,6.22,64.61,594.6,45,19
VID02000,2024-07-11,Street Food Tour #2000,Food,11177,719,155,8.46,65.96,479.8,201,21
VID02001,2024-07-11,Useful Tech Tips #2001,Tech,11895,417,130,5.66,89.45,927.7,243,18
VID02002,2024-07-11,Expectation vs Reality #2002,Comedy,5102,434,70,7.8,45.14,298.8,100,14
VID02003,2024-07-11,Useful Tech Tips #2003,Tech,38983,4206,149,10.76,52.07,1612.6,651,22
VID02004,2024-07-11,Learning Strategies #2004,Education,3649,330,38,11.63,51.47,152.1,19,20
VID02005,2024-07-11,Best Friend Problems #2005,Comedy,2912,278,25,5.98,68.23,268.5,42,18
VID02006,2024-07-11,Easy Recipes #2006,Food,33243,1624,388,8.66,68.14,2007.7,385,14
VID02007,2024-07-11,Exam Preparation Guide #2007,Education,4311,240,31,6.5,71.95,185.6,93,20
VID02008,2024-07-12,Study Tips That Work #2008,Education,18054,1916,18,7.7,47.61,1760.3,257,14
VID02009,2024-07-12,Money Mistakes #2009,Finance,27562,1491,179,4.54,51.84,2359.2,364,20
VID02010,2024-07-12,Gaming Tips #2010,Gaming,9390,934,71,11.84,65.15,359.2,85,12
VID02011,2024-07-12,Exam Preparation Guide #2011,Education,34425,3565,140,8.29,57.0,1523.4,751,16
VID02012,2024-07-12,Credit Score Tips #2012,Finance,2982,140,21,8.58,61.46,142.0,28,20
VID02013,2024-07-12,Investment Basics #2013,Finance,5213,309,10,9.65,73.72,458.7,109,23
VID02014,2024-07-12,Study Tips That Work #2014,Education,11831,528,111,6.81,80.8,1136.2,109,14
VID02015,2024-07-12,Best Friend Problems #2015,Comedy,1422,148,18,7.85,63.8,84.8,8,12
VID02016,2024-07-12,Morning Routine #2016,Lifestyle,24445,2232,161,6.04,62.49,2229.2,548,20
VID02017,2024-07-12,Morning Routine #2017,Lifestyle,2725,146,2,8.81,66.74,165.2,53,16
VID02018,2024-07-13,Personal Finance Tips #2018,Finance,21143,1508,281,5.27,68.68,2380.8,364,21
VID02019,2024-07-13,Easy Recipes #2019,Food,5259,154,52,9.38,79.66,764.3,20,12
VID02020,2024-07-13,Gaming Highlights #2020,Gaming,78195,5020,966,4.47,53.42,2355.6,677,16
VID02021,2024-07-13,Morning Routine #2021,Lifestyle,2476,218,27,8.53,43.48,187.9,45,19
VID02022,2024-07-13,Daily Routine #2022,Lifestyle,7277,218,74,10.54,50.55,575.9,152,6
VID02023,2024-07-13,Budget Planning #2023,Finance,13198,593,35,7.35,65.16,1244.0,214,21
VID02024,2024-07-13,Weekend Vlog #2024,Lifestyle,5495,297,15,5.51,63.58,193.2,111,14
VID02025,2024-07-13,Travel Mistakes #2025,Travel,19883,998,205,5.42,51.42,1666.9,177,20
VID02026,2024-07-13,Game Challenge #2026,Gaming,72923,6010,641,8.51,43.78,4484.0,605,16
VID02027,2024-07-13,Tech Hacks #2027,Tech,21936,1204,89,10.88,59.39,877.5,229,20
VID02028,2024-07-14,Best Friend Problems #2028,Comedy,30804,3158,92,11.69,69.46,2067.6,690,21
VID02029,2024-07-14,Career Tips #2029,Education,19406,1086,60,9.41,49.32,1169.2,286,21
VID02030,2024-07-14,Weekend Travel Vlog #2030,Travel,28726,1422,175,8.54,67.45,2171.8,422,21
VID02031,2024-07-14,Parents Be Like #2031,Comedy,55398,1472,265,9.03,58.1,6326.2,1167,6
VID02032,2024-07-14,Learning Strategies #2032,Education,2247,217,27,5.94,44.04,83.0,37,18
VID02033,2024-07-14,Credit Score Tips #2033,Finance,2785,127,28,9.83,67.93,242.8,33,22
VID02034,2024-07-14,Parents Be Like #2034,Comedy,1452,88,19,8.23,59.94,83.7,27,20
VID02035,2024-07-14,Best Apps #2035,Tech,1730,71,19,8.05,65.25,115.0,5,19
VID02036,2024-07-14,Phone Features You Missed #2036,Tech,7485,661,90,9.73,63.05,360.0,76,10
VID02037,2024-07-14,Travel Mistakes #2037,Travel,11062,713,72,9.75,52.73,427.2,243,20
VID02038,2024-07-14,Useful Tech Tips #2038,Tech,14633,519,13,8.9,57.69,1784.1,298,16
VID02039,2024-07-15,Game Challenge #2039,Gaming,9585,906,23,8.36,58.91,974.2,211,10
VID02040,2024-07-15,Money Mistakes #2040,Finance,24636,2601,27,5.51,73.37,934.3,241,14
VID02041,2024-07-15,Tech Hacks #2041,Tech,34645,3531,371,6.08,71.59,2785.9,488,21
VID02042,2024-07-15,Game Challenge #2042,Gaming,11774,1170,48,6.3,60.18,516.1,39,21
VID02043,2024-07-15,Travel Guide #2043,Travel,6190,188,86,3.9,40.64,156.0,56,16
VID02044,2024-07-15,Study Tips That Work #2044,Education,30983,3288,52,11.83,58.28,3104.8,111,18
VID02045,2024-07-15,Beginner Guide #2045,Gaming,10004,652,56,9.36,46.07,776.8,210,19
VID02046,2024-07-15,Morning Routine #2046,Lifestyle,1152,34,15,9.31,58.65,79.5,13,20
VID02047,2024-07-15,Best Apps #2047,Tech,12058,1047,57,7.8,57.82,593.9,43,23
VID02048,2024-07-15,Weekend Vlog #2048,Lifestyle,4727,369,35,8.92,42.43,119.1,93,20
VID02049,2024-07-16,Relatable College Life #2049,Comedy,34579,1382,137,6.68,50.81,2785.7,436,14
VID02050,2024-07-16,Investment Basics #2050,Finance,3139,220,38,6.7,62.68,143.6,15,18
VID02051,2024-07-16,Budget Meals #2051,Food,11775,804,58,7.26,54.48,995.4,211,18
VID02052,2024-07-16,Study Tips That Work #2052,Education,5846,469,77,7.67,54.37,282.0,74,8
VID02053,2024-07-16,Food Review #2053,Food,3731,265,43,4.99,57.26,135.9,79,16
VID02054,2024-07-16,Healthy Habits #2054,Lifestyle,42514,3024,34,8.23,53.97,1246.5,241,19
VID02055,2024-07-16,Easy Recipes #2055,Food,4341,365,38,11.27,59.47,487.0,61,16
VID02056,2024-07-16,Interview Preparation #2056,Education,1214,80,6,6.26,53.89,101.3,24,18
VID02057,2024-07-16,Cooking Tips #2057,Food,15253,677,150,7.29,51.54,1105.9,271,8
VID02058,2024-07-16,Personal Finance Tips #2058,Finance,19464,531,52,5.15,62.38,2049.8,301,14
VID02059,2024-07-16,Street Food Tour #2059,Food,15215,1101,131,7.44,66.28,534.4,75,19
VID02060,2024-07-17,Saving Money #2060,Finance,40166,4395,534,10.82,43.38,1353.5,265,14
VID02061,2024-07-17,Interview Preparation #2061,Education,8950,818,54,9.56,70.28,1017.5,47,20
VID02062,2024-07-17,Tech Hacks #2062,Tech,8929,296,94,6.77,57.96,506.1,71,20
VID02063,2024-07-17,Budget Meals #2063,Food,7519,291,22,9.17,65.29,567.8,171,21
VID02064,2024-07-17,Interview Preparation #2064,Education,18715,860,28,6.78,62.49,2040.4,264,14
VID02065,2024-07-17,Expectation vs Reality #2065,Comedy,6793,185,19,6.19,65.8,346.0,63,19
VID02066,2024-07-17,Exam Preparation Guide #2066,Education,15065,1507,105,5.37,64.38,1640.3,186,19
VID02067,2024-07-17,Hidden Places #2067,Travel,25809,692,182,8.21,54.4,2031.8,308,22
VID02068,2024-07-17,Day In My Life #2068,Lifestyle,57209,3713,486,6.79,43.84,4405.2,335,23
VID02069,2024-07-17,Healthy Habits #2069,Lifestyle,22420,822,114,7.85,76.91,1240.0,422,23
VID02070,2024-07-18,Office Comedy #2070,Comedy,34564,3268,39,9.06,64.06,2863.4,157,21
VID02071,2024-07-18,Gaming Tips #2071,Gaming,4933,314,40,7.93,64.5,141.1,113,23
VID02072,2024-07-18,Interview Preparation #2072,Education,20293,601,62,8.26,66.15,1625.2,424,21
VID02073,2024-07-18,Budget Travel Tips #2073,Travel,13469,1030,188,7.02,68.91,1067.2,166,21
VID02074,2024-07-18,Best Apps #2074,Tech,8734,441,13,5.82,55.67,722.0,111,12
VID02075,2024-07-18,Budget Planning #2075,Finance,501,35,3,10.69,65.17,36.6,8,10
VID02076,2024-07-18,Funny Family Moments #2076,Comedy,9815,352,98,9.17,61.0,648.3,198,12
VID02077,2024-07-18,Productivity Tips #2077,Education,8060,542,20,6.88,73.28,719.5,187,21
VID02078,2024-07-18,Learning Strategies #2078,Education,6982,378,73,9.67,55.42,525.3,62,12
VID02079,2024-07-18,Food Review #2079,Food,4221,173,46,9.82,65.42,485.2,71,16
VID02080,2024-07-19,Healthy Habits #2080,Lifestyle,12714,1384,125,6.5,47.12,417.6,125,18
VID02081,2024-07-19,Budget Travel Tips #2081,Travel,56842,3850,570,10.15,80.76,4948.1,1413,6
VID02082,2024-07-19,Beginner Guide #2082,Gaming,3336,203,3,8.13,62.42,118.7,28,21
VID02083,2024-07-19,Cooking Tips #2083,Food,1110,39,11,6.05,52.33,128.9,6,10
VID02084,2024-07-19,Beginner Guide #2084,Gaming,10993,331,80,5.79,55.84,1073.6,86,12
VID02085,2024-07-19,Day In My Life #2085,Lifestyle,5530,586,29,9.07,64.14,195.2,23,14
VID02086,2024-07-19,Relatable College Life #2086,Comedy,34453,940,102,7.92,60.01,1076.9,327,23
VID02087,2024-07-19,Top Games #2087,Gaming,16228,468,211,9.0,39.6,1128.8,203,19
VID02088,2024-07-19,Budget Lifestyle #2088,Lifestyle,5522,369,49,10.26,47.97,465.9,115,20
VID02089,2024-07-19,Travel Mistakes #2089,Travel,9221,592,97,8.84,56.67,233.5,204,10
VID02090,2024-07-19,Budget Lifestyle #2090,Lifestyle,2841,307,20,3.16,81.62,307.6,12,8
VID02091,2024-07-20,Gaming Tips #2091,Gaming,25176,1157,333,3.15,59.6,2551.4,307,20
VID02092,2024-07-20,Funny Family Moments #2092,Comedy,19891,903,204,7.32,62.36,1260.4,181,19
VID02093,2024-07-20,Parents Be Like #2093,Comedy,20873,1908,19,5.94,69.77,2516.2,502,14
VID02094,2024-07-20,Game Challenge #2094,Gaming,37745,1435,518,10.01,66.99,3311.5,132,18
VID02095,2024-07-20,Weekend Vlog #2095,Lifestyle,57658,3439,236,8.16,58.79,2789.3,935,19
VID02096,2024-07-20,Healthy Habits #2096,Lifestyle,12205,1025,44,5.23,59.12,926.2,43,22
VID02097,2024-07-20,Morning Routine #2097,Lifestyle,4404,430,51,7.23,60.93,460.2,49,20
VID02098,2024-07-20,Phone Features You Missed #2098,Tech,8542,479,15,6.61,61.39,703.5,26,23
VID02099,2024-07-20,Laptop Buying Guide #2099,Tech,9824,741,64,7.49,67.44,317.9,212,23
VID02100,2024-07-20,Weekend Travel Vlog #2100,Travel,4534,263,22,6.04,49.29,320.2,32,8
VID02101,2024-07-21,Gaming Tips #2101,Gaming,30373,1501,344,6.22,61.5,1055.1,221,23
VID02102,2024-07-21,Day In My Life #2102,Lifestyle,7987,337,36,10.62,70.16,1109.1,101,6
VID02103,2024-07-21,Parents Be Like #2103,Comedy,79457,5539,796,10.5,71.68,3485.7,1821,16
VID02104,2024-07-21,Career Tips #2104,Education,5628,197,58,7.73,49.48,431.0,31,20
VID02105,2024-07-21,Useful Tech Tips #2105,Tech,33079,2496,460,6.25,58.79,1746.9,325,10
VID02106,2024-07-21,Travel Guide #2106,Travel,10463,1005,32,6.56,37.88,619.2,134,20
VID02107,2024-07-21,Money Mistakes #2107,Finance,16596,474,20,5.29,40.68,501.1,185,21
VID02108,2024-07-21,Credit Score Tips #2108,Finance,2318,107,9,6.22,58.86,110.5,35,20
VID02109,2024-07-21,AI Tools #2109,Tech,66097,2841,870,4.73,61.66,2914.1,1067,18
VID02110,2024-07-21,Parents Be Like #2110,Comedy,48971,2852,48,8.35,64.67,4989.4,588,21
VID02111,2024-07-22,Phone Features You Missed #2111,Tech,15152,1467,32,5.89,67.01,1608.6,129,8
VID02112,2024-07-22,Money Mistakes #2112,Finance,11996,1069,53,9.33,73.35,1610.7,69,20
VID02113,2024-07-22,Office Comedy #2113,Comedy,15217,832,21,8.0,50.98,801.0,136,23
VID02114,2024-07-22,Healthy Habits #2114,Lifestyle,11877,795,41,8.82,71.27,741.7,207,20
VID02115,2024-07-22,Game Challenge #2115,Gaming,1263,97,3,7.15,65.0,96.9,17,16
VID02116,2024-07-22,Useful Tech Tips #2116,Tech,3786,300,24,7.12,78.41,545.2,34,21
VID02117,2024-07-22,Budget Meals #2117,Food,16719,1121,23,8.42,51.78,620.4,56,23
VID02118,2024-07-22,Street Food Tour #2118,Food,11213,697,128,14.85,44.68,571.2,66,19
VID02119,2024-07-22,Easy Recipes #2119,Food,17883,1005,84,6.94,51.95,1788.0,285,21
VID02120,2024-07-22,Travel Mistakes #2120,Travel,8519,535,80,11.05,53.95,517.5,23,20
VID02121,2024-07-22,Best Friend Problems #2121,Comedy,5584,315,41,9.63,69.65,263.5,124,19
VID02122,2024-07-23,Expectation vs Reality #2122,Comedy,16772,866,185,7.91,42.52,586.3,307,23
VID02123,2024-07-23,Office Comedy #2123,Comedy,28483,1153,365,10.3,66.98,2764.4,168,20
VID02124,2024-07-23,Best Apps #2124,Tech,12833,406,23,8.18,58.01,1171.0,152,19
VID02125,2024-07-23,Saving Money #2125,Finance,19661,1111,239,8.05,69.38,2677.8,403,14
VID02126,2024-07-23,Credit Score Tips #2126,Finance,37668,3411,144,5.96,46.01,1732.2,117,20
VID02127,2024-07-23,Budget Lifestyle #2127,Lifestyle,10978,1046,60,5.49,57.48,479.2,38,19
VID02128,2024-07-23,Budget Meals #2128,Food,20335,618,78,2.76,60.29,1961.3,218,22
VID02129,2024-07-23,Travel Mistakes #2129,Travel,9483,796,80,10.08,55.62,257.9,113,19
VID02130,2024-07-23,Budget Planning #2130,Finance,5500,170,24,5.05,62.31,386.7,114,20
VID02131,2024-07-23,Productivity Tips #2131,Education,2603,107,19,9.38,62.38,294.1,57,20
VID02132,2024-07-24,Weekend Vlog #2132,Lifestyle,20993,944,47,7.78,54.58,2256.1,191,20
VID02133,2024-07-24,Weekend Vlog #2133,Lifestyle,2066,111,6,7.93,74.18,231.7,26,10
VID02134,2024-07-24,Travel Mistakes #2134,Travel,11212,308,92,7.72,82.13,1340.1,98,23
VID02135,2024-07-24,Budget Travel Tips #2135,Travel,7277,257,27,12.16,63.09,501.2,41,21
VID02136,2024-07-24,Food Review #2136,Food,5808,501,40,9.8,52.7,167.4,64,16
VID02137,2024-07-24,Best Friend Problems #2137,Comedy,9082,534,55,10.11,54.72,390.6,131,10
VID02138,2024-07-24,Expectation vs Reality #2138,Comedy,11542,514,111,6.75,79.82,1499.5,271,22
VID02139,2024-07-24,Gaming Highlights #2139,Gaming,9933,462,44,8.28,53.05,507.2,204,16
VID02140,2024-07-24,Useful Tech Tips #2140,Tech,22996,1569,247,6.58,55.13,2276.2,431,23
VID02141,2024-07-24,AI Tools #2141,Tech,12911,721,120,6.83,70.24,1160.1,76,21
VID02142,2024-07-24,Learning Strategies #2142,Education,3230,140,16,6.19,69.79,318.0,65,18
VID02143,2024-07-25,Expectation vs Reality #2143,Comedy,8024,219,20,5.52,54.51,380.9,170,22
VID02144,2024-07-25,Parents Be Like #2144,Comedy,17719,1137,73,8.74,43.92,819.5,215,10
VID02145,2024-07-25,Interview Preparation #2145,Education,1087,115,13,4.98,76.32,196.5,19,20
VID02146,2024-07-25,Parents Be Like #2146,Comedy,7721,224,72,7.58,59.38,232.9,165,23
VID02147,2024-07-25,Useful Tech Tips #2147,Tech,28834,2273,242,4.05,49.81,1195.6,568,20
VID02148,2024-07-25,Funny Family Moments #2148,Comedy,17933,876,90,2.97,57.67,1899.5,316,18
VID02149,2024-07-25,Parents Be Like #2149,Comedy,4218,233,18,7.51,58.45,437.2,60,20
VID02150,2024-07-25,Hidden Places #2150,Travel,8449,780,105,9.98,51.18,427.8,116,20
VID02151,2024-07-25,Food Review #2151,Food,4966,399,20,8.68,73.11,669.6,27,20
VID02152,2024-07-25,Funny Family Moments #2152,Comedy,9284,271,9,5.41,54.33,255.6,94,16
VID02153,2024-07-26,Office Comedy #2153,Comedy,43833,4641,211,6.56,55.86,1574.0,340,16
VID02154,2024-07-26,Expectation vs Reality #2154,Comedy,4673,213,60,9.57,58.15,442.8,42,19
VID02155,2024-07-26,Tech Hacks #2155,Tech,6414,505,89,6.17,75.88,200.3,53,21
VID02156,2024-07-26,Cooking Tips #2156,Food,5593,156,50,10.87,64.87,140.0,26,16
VID02157,2024-07-26,Best Friend Problems #2157,Comedy,22589,817,265,3.01,60.33,1360.0,425,14
VID02158,2024-07-26,Phone Features You Missed #2158,Tech,13103,1116,55,8.53,64.84,1621.7,198,16
VID02159,2024-07-26,Useful Tech Tips #2159,Tech,107430,6321,824,5.81,60.71,10160.0,807,20
VID02160,2024-07-26,Best Apps #2160,Tech,16533,1590,226,6.97,82.45,846.9,175,22
VID02161,2024-07-26,Healthy Habits #2161,Lifestyle,4522,261,7,4.34,69.56,336.2,92,16
VID02162,2024-07-26,Best Places to Visit #2162,Travel,10487,469,46,4.61,35.38,177.1,121,18
VID02163,2024-07-27,Budget Meals #2163,Food,7163,518,37,7.69,55.93,436.5,127,22
VID02164,2024-07-27,Funny Family Moments #2164,Comedy,2474,128,27,8.64,55.05,104.6,16,12
VID02165,2024-07-27,Useful Tech Tips #2165,Tech,6740,532,49,2.65,69.41,739.7,54,12
VID02166,2024-07-27,Daily Routine #2166,Lifestyle,11380,1075,102,7.56,52.68,367.6,129,21
VID02167,2024-07-27,Parents Be Like #2167,Comedy,50185,3038,82,9.08,73.99,5536.7,1149,20
VID02168,2024-07-27,Weekend Travel Vlog #2168,Travel,2669,165,35,5.87,60.86,228.3,50,14
VID02169,2024-07-27,Relatable College Life #2169,Comedy,11556,1090,136,9.12,45.0,511.9,175,16
VID02170,2024-07-27,Productivity Tips #2170,Education,6617,636,72,9.06,62.78,757.7,44,19
VID02171,2024-07-27,Healthy Habits #2171,Lifestyle,5100,328,51,10.95,40.65,412.3,96,18
VID02172,2024-07-27,Street Food Tour #2172,Food,13931,1075,165,6.74,61.25,715.7,251,22
VID02173,2024-07-27,Budget Meals #2173,Food,92191,5811,598,9.58,70.19,4808.5,990,18
VID02174,2024-07-28,Interview Preparation #2174,Education,23061,2179,63,10.14,52.66,1112.8,165,20
VID02175,2024-07-28,Personal Finance Tips #2175,Finance,16068,1693,23,9.19,54.02,363.5,86,21
VID02176,2024-07-28,Cooking Tips #2176,Food,7750,436,9,3.9,54.43,486.4,23,22
VID02177,2024-07-28,Weekend Travel Vlog #2177,Travel,3936,432,31,5.52,56.54,164.9,78,16
VID02178,2024-07-28,Budget Meals #2178,Food,6860,522,27,7.61,49.48,364.9,45,18
VID02179,2024-07-28,Tech Hacks #2179,Tech,5671,147,56,6.52,65.2,510.4,39,22
VID02180,2024-07-28,Interview Preparation #2180,Education,16353,628,15,7.28,58.21,1273.1,84,20
VID02181,2024-07-28,Laptop Buying Guide #2181,Tech,11492,383,114,8.21,60.27,525.8,205,16
VID02182,2024-07-28,Office Comedy #2182,Comedy,7722,698,48,8.37,63.34,939.1,63,23
VID02183,2024-07-28,Funny Family Moments #2183,Comedy,9513,875,33,10.83,64.74,797.1,55,19
VID02184,2024-07-29,Daily Routine #2184,Lifestyle,10409,553,79,7.44,45.22,579.3,38,14
VID02185,2024-07-29,Office Comedy #2185,Comedy,17639,811,137,9.97,51.91,1439.6,268,21
VID02186,2024-07-29,Useful Tech Tips #2186,Tech,19949,1261,28,8.58,67.59,628.7,464,19
VID02187,2024-07-29,Saving Money #2187,Finance,1576,95,7,8.29,72.55,210.7,11,18
VID02188,2024-07-29,Career Tips #2188,Education,951,69,10,5.01,65.08,37.6,17,22
VID02189,2024-07-29,Study Tips That Work #2189,Education,20672,1957,168,5.77,42.21,785.4,309,20
VID02190,2024-07-29,Street Food Tour #2190,Food,18243,1909,42,10.5,67.07,1386.0,93,8
VID02191,2024-07-29,Cooking Tips #2191,Food,30373,1516,310,8.02,65.47,1067.6,270,23
VID02192,2024-07-29,Hidden Places #2192,Travel,10886,884,99,7.49,42.4,740.6,106,8
VID02193,2024-07-29,Best Apps #2193,Tech,3342,290,17,9.62,68.42,466.0,21,21
VID02194,2024-07-29,Top Games #2194,Gaming,36935,2812,214,6.97,71.42,3548.8,776,19
VID02195,2024-07-30,Travel Guide #2195,Travel,5757,214,40,7.2,36.47,203.8,83,19
VID02196,2024-07-30,Learning Strategies #2196,Education,15281,867,71,9.27,53.01,1238.0,73,16
VID02197,2024-07-30,Laptop Buying Guide #2197,Tech,8809,229,28,6.82,75.95,502.8,154,21
VID02198,2024-07-30,Beginner Guide #2198,Gaming,4027,125,48,7.96,56.97,91.8,17,18
VID02199,2024-07-30,Laptop Buying Guide #2199,Tech,23756,2588,25,8.91,56.37,1336.6,137,16
VID02200,2024-07-30,Funny Family Moments #2200,Comedy,20296,2203,74,6.75,47.49,459.5,403,14
VID02201,2024-07-30,Learning Strategies #2201,Education,8040,581,110,6.19,57.49,374.1,142,22
VID02202,2024-07-30,Funny Family Moments #2202,Comedy,6357,631,26,6.31,51.24,501.1,28,8
VID02203,2024-07-30,Expectation vs Reality #2203,Comedy,5076,221,64,8.07,39.17,300.0,60,16
VID02204,2024-07-30,Personal Finance Tips #2204,Finance,3528,253,43,7.63,75.05,612.7,54,16
VID02205,2024-07-31,Relatable College Life #2205,Comedy,14914,557,80,7.13,64.7,483.4,251,19
VID02206,2024-07-31,Morning Routine #2206,Lifestyle,4680,278,59,7.72,62.36,466.3,72,18
VID02207,2024-07-31,Career Tips #2207,Education,7924,854,34,6.3,45.14,420.6,69,23
VID02208,2024-07-31,Beginner Guide #2208,Gaming,11254,763,37,4.69,61.91,954.3,232,14
VID02209,2024-07-31,Office Comedy #2209,Comedy,7005,577,10,8.67,66.05,337.7,28,16
VID02210,2024-07-31,Learning Strategies #2210,Education,11852,862,62,4.92,50.65,632.3,241,21
VID02211,2024-07-31,Parents Be Like #2211,Comedy,10964,1136,60,8.72,64.4,1536.4,40,20
VID02212,2024-07-31,Parents Be Like #2212,Comedy,6010,378,34,6.31,51.68,323.9,77,14
VID02213,2024-07-31,Useful Tech Tips #2213,Tech,27144,2167,356,9.86,46.66,1955.1,388,22
VID02214,2024-07-31,Saving Money #2214,Finance,7735,618,78,7.82,36.61,311.9,54,19
VID02215,2024-08-01,Budget Meals #2215,Food,5424,208,72,9.02,58.7,261.5,41,18
VID02216,2024-08-01,Expectation vs Reality #2216,Comedy,8048,609,31,4.51,59.96,457.1,170,22
VID02217,2024-08-01,Exam Preparation Guide #2217,Education,6362,496,42,9.66,58.73,601.8,34,22
VID02218,2024-08-01,Hidden Places #2218,Travel,16841,1697,76,10.08,57.84,1820.8,286,16
VID02219,2024-08-01,Day In My Life #2219,Lifestyle,14470,366,158,8.03,75.3,477.1,235,14
VID02220,2024-08-01,Office Comedy #2220,Comedy,16844,1171,235,7.31,69.79,1579.9,207,14
VID02221,2024-08-01,Exam Preparation Guide #2221,Education,18004,1641,135,6.2,71.48,1862.5,395,21
VID02222,2024-08-01,Parents Be Like #2222,Comedy,2374,240,8,6.15,45.68,141.5,42,22
VID02223,2024-08-01,Cooking Tips #2223,Food,17256,940,174,6.62,48.11,565.0,367,18
VID02224,2024-08-01,Personal Finance Tips #2224,Finance,24052,2399,193,8.93,54.7,2116.1,483,18
VID02225,2024-08-01,Tech Hacks #2225,Tech,3035,232,28,4.39,65.3,110.3,26,8
VID02226,2024-08-02,Expectation vs Reality #2226,Comedy,15261,1140,212,4.41,77.85,825.2,90,18
VID02227,2024-08-02,Best Friend Problems #2227,Comedy,9163,749,75,10.02,66.27,722.9,88,12
VID02228,2024-08-02,Parents Be Like #2228,Comedy,29375,2533,313,6.26,62.83,1288.1,276,19
VID02229,2024-08-02,Game Challenge #2229,Gaming,11945,750,58,2.69,54.54,918.4,259,14
VID02230,2024-08-02,Office Comedy #2230,Comedy,13402,1468,151,10.08,44.63,620.2,140,22
VID02231,2024-08-02,Parents Be Like #2231,Comedy,9823,763,137,5.47,90.0,1662.5,173,20
VID02232,2024-08-02,Budget Travel Tips #2232,Travel,13512,1096,24,8.56,67.0,1078.7,240,12
VID02233,2024-08-02,Study Tips That Work #2233,Education,21255,2128,40,5.58,73.72,3681.8,170,20
VID02234,2024-08-02,Beginner Guide #2234,Gaming,5562,372,29,10.18,59.52,214.8,125,19
VID02235,2024-08-02,Tech Hacks #2235,Tech,8344,640,44,6.84,37.86,167.6,98,10
VID02236,2024-08-03,Office Comedy #2236,Comedy,2947,285,31,11.38,63.15,306.1,19,22
VID02237,2024-08-03,Gaming Highlights #2237,Gaming,4377,365,11,7.94,38.31,271.4,26,16
VID02238,2024-08-03,Day In My Life #2238,Lifestyle,5313,256,58,4.53,56.67,169.1,28,20
VID02239,2024-08-03,Productivity Tips #2239,Education,8419,722,47,10.07,54.0,806.8,126,14
VID02240,2024-08-03,Exam Preparation Guide #2240,Education,27570,964,246,8.11,72.47,4591.6,563,12
VID02241,2024-08-03,Interview Preparation #2241,Education,3159,130,6,3.51,62.47,407.6,22,22
VID02242,2024-08-03,Funny Family Moments #2242,Comedy,2996,138,29,4.89,59.62,104.3,43,16
VID02243,2024-08-03,Investment Basics #2243,Finance,5128,159,51,12.39,54.77,240.7,97,12
VID02244,2024-08-03,Study Tips That Work #2244,Education,3473,103,45,8.71,60.51,309.5,21,10
VID02245,2024-08-03,Learning Strategies #2245,Education,7461,301,32,11.17,72.42,377.1,40,18
VID02246,2024-08-03,Interview Preparation #2246,Education,2527,242,11,9.09,67.05,152.4,16,19
VID02247,2024-08-04,Best Friend Problems #2247,Comedy,3442,118,35,7.81,58.4,283.7,71,21
VID02248,2024-08-04,Exam Preparation Guide #2248,Education,15980,1585,26,8.75,56.99,460.3,321,21
VID02249,2024-08-04,Hidden Places #2249,Travel,9277,322,128,10.69,57.72,916.5,184,10
VID02250,2024-08-04,Best Friend Problems #2250,Comedy,11167,672,100,10.67,84.14,1824.3,187,16
VID02251,2024-08-04,Travel Guide #2251,Travel,14966,565,150,8.95,45.9,1074.7,165,16
VID02252,2024-08-04,Daily Routine #2252,Lifestyle,4368,453,50,7.96,66.6,385.8,65,12
VID02253,2024-08-04,Expectation vs Reality #2253,Comedy,39394,3873,113,5.27,69.12,3823.7,352,21
VID02254,2024-08-04,Parents Be Like #2254,Comedy,65482,6865,834,6.88,39.36,1365.3,315,19
VID02255,2024-08-04,Office Comedy #2255,Comedy,37141,2734,160,9.7,75.41,5129.5,474,21
VID02256,2024-08-04,Laptop Buying Guide #2256,Tech,4449,467,23,6.25,50.04,319.4,55,21
VID02257,2024-08-05,Hidden Places #2257,Travel,4049,400,27,7.53,72.62,463.4,24,22
VID02258,2024-08-05,Travel Mistakes #2258,Travel,114351,4297,548,11.81,41.79,7865.6,2039,22
VID02259,2024-08-05,Easy Recipes #2259,Food,2293,245,26,4.96,74.5,176.5,22,6
VID02260,2024-08-05,Office Comedy #2260,Comedy,17664,821,45,11.68,63.68,1602.9,97,22
VID02261,2024-08-05,Office Comedy #2261,Comedy,15747,1460,165,3.53,75.24,1051.9,61,19
VID02262,2024-08-05,Best Places to Visit #2262,Travel,1596,43,7,6.89,64.34,115.7,9,20
VID02263,2024-08-05,Career Tips #2263,Education,6174,368,67,10.04,51.05,149.1,90,21
VID02264,2024-08-05,Exam Preparation Guide #2264,Education,24755,984,21,6.91,68.39,1091.3,221,21
VID02265,2024-08-05,Gaming Tips #2265,Gaming,28017,2055,79,8.03,50.48,505.2,425,16
VID02266,2024-08-05,Funny Family Moments #2266,Comedy,755,79,2,11.5,48.18,78.9,9,22
VID02267,2024-08-06,Best Friend Problems #2267,Comedy,32960,2129,352,7.23,65.24,1540.1,669,22
VID02268,2024-08-06,Easy Recipes #2268,Food,6241,500,39,11.39,57.71,302.5,112,10
VID02269,2024-08-06,Exam Preparation Guide #2269,Education,17196,757,111,6.22,72.14,1714.9,136,20
VID02270,2024-08-06,Food Review #2270,Food,18205,1367,202,5.48,45.77,1899.9,384,21
VID02271,2024-08-06,Budget Lifestyle #2271,Lifestyle,11776,872,32,7.68,69.35,1211.7,275,20
VID02272,2024-08-06,Expectation vs Reality #2272,Comedy,5666,436,51,8.49,59.9,443.0,119,21
VID02273,2024-08-06,Expectation vs Reality #2273,Comedy,13729,1292,152,10.22,76.98,1490.8,141,18
VID02274,2024-08-06,Productivity Tips #2274,Education,1168,94,4,4.98,66.08,77.5,9,19
VID02275,2024-08-06,Investment Basics #2275,Finance,10965,1185,142,6.8,64.02,814.0,91,16
VID02276,2024-08-06,Laptop Buying Guide #2276,Tech,59004,4940,463,8.26,54.83,5402.6,964,18
VID02277,2024-08-06,Budget Lifestyle #2277,Lifestyle,4085,337,45,7.15,66.58,470.9,75,18
VID02278,2024-08-07,Best Apps #2278,Tech,19158,1128,136,9.23,66.83,1027.9,441,14
VID02279,2024-08-07,Game Challenge #2279,Gaming,14171,437,164,5.89,67.33,557.4,161,19
VID02280,2024-08-07,Expectation vs Reality #2280,Comedy,1428,154,10,7.33,66.67,55.1,5,14
VID02281,2024-08-07,Gaming Highlights #2281,Gaming,24487,1084,181,6.65,65.44,2168.7,353,18
VID02282,2024-08-07,Daily Routine #2282,Lifestyle,25710,2465,119,13.0,55.34,745.6,509,8
VID02283,2024-08-07,Gaming Tips #2283,Gaming,18967,1750,140,9.64,74.92,2492.1,300,19
VID02284,2024-08-07,Study Tips That Work #2284,Education,6368,268,32,8.31,60.6,334.2,33,14
VID02285,2024-08-07,Money Mistakes #2285,Finance,6493,424,79,8.65,47.47,184.1,68,16
VID02286,2024-08-07,Weekend Travel Vlog #2286,Travel,10295,766,96,7.54,59.36,329.4,216,22
VID02287,2024-08-07,Study Tips That Work #2287,Education,17202,830,21,6.12,75.16,2429.0,143,10
VID02288,2024-08-08,Office Comedy #2288,Comedy,10324,411,24,4.89,60.89,429.0,218,18
VID02289,2024-08-08,Budget Planning #2289,Finance,4624,400,38,10.69,73.25,426.5,20,12
VID02290,2024-08-08,Relatable College Life #2290,Comedy,6291,584,21,9.87,53.93,305.0,129,12
VID02291,2024-08-08,Useful Tech Tips #2291,Tech,6772,223,55,8.25,48.53,232.0,44,18
VID02292,2024-08-08,Weekend Vlog #2292,Lifestyle,5126,211,26,7.61,39.72,197.5,14,16
VID02293,2024-08-08,Exam Preparation Guide #2293,Education,23124,1006,292,9.02,64.37,595.8,117,16
VID02294,2024-08-08,Travel Guide #2294,Travel,8711,910,41,8.57,64.45,722.9,126,21
VID02295,2024-08-08,Best Settings #2295,Gaming,5432,381,38,6.39,72.49,684.6,128,22
VID02296,2024-08-08,Study Tips That Work #2296,Education,43067,3957,285,6.68,65.34,2181.3,170,20
VID02297,2024-08-08,Tech Hacks #2297,Tech,10609,459,84,9.56,45.61,443.9,118,18
VID02298,2024-08-08,Useful Tech Tips #2298,Tech,29915,1827,29,5.18,63.09,2051.9,152,14
VID02299,2024-08-09,Parents Be Like #2299,Comedy,3653,254,31,6.25,90.0,706.8,17,12
VID02300,2024-08-09,Budget Meals #2300,Food,8055,203,29,5.97,60.44,243.4,110,21
VID02301,2024-08-09,Best Places to Visit #2301,Travel,39359,2328,387,9.51,59.66,3232.1,644,10
VID02302,2024-08-09,Morning Routine #2302,Lifestyle,3010,252,31,7.76,55.64,102.0,50,14
VID02303,2024-08-09,Personal Finance Tips #2303,Finance,9138,768,123,8.39,53.75,693.6,100,12
VID02304,2024-08-09,Productivity Tips #2304,Education,43438,4634,368,7.41,38.43,3156.3,253,21
VID02305,2024-08-09,Office Comedy #2305,Comedy,1026,108,5,7.02,69.1,71.9,15,23
VID02306,2024-08-09,Relatable College Life #2306,Comedy,24676,2106,200,9.1,56.88,1152.7,89,16
VID02307,2024-08-09,Exam Preparation Guide #2307,Education,5023,512,43,5.89,59.2,393.0,23,18
VID02308,2024-08-09,Day In My Life #2308,Lifestyle,7584,691,69,4.2,51.24,524.2,163,8
VID02309,2024-08-10,Hidden Places #2309,Travel,131904,14010,236,6.05,66.94,11741.3,367,14
VID02310,2024-08-10,Morning Routine #2310,Lifestyle,8769,767,32,4.39,65.73,982.7,54,21
VID02311,2024-08-10,Exam Preparation Guide #2311,Education,4250,387,16,5.95,63.03,107.4,73,10
VID02312,2024-08-10,Best Apps #2312,Tech,92599,7988,1268,7.4,59.57,2950.1,1632,21
VID02313,2024-08-10,Best Friend Problems #2313,Comedy,8362,422,19,9.63,54.57,601.6,109,10
VID02314,2024-08-10,Relatable College Life #2314,Comedy,3523,372,35,7.19,72.0,363.3,74,21
VID02315,2024-08-10,Top Games #2315,Gaming,3688,146,12,5.49,68.98,566.8,65,19
VID02316,2024-08-10,AI Tools #2316,Tech,15891,1725,24,5.9,78.16,566.1,337,14
VID02317,2024-08-10,Game Challenge #2317,Gaming,25823,1199,77,7.42,74.68,2370.9,316,22
VID02318,2024-08-10,Morning Routine #2318,Lifestyle,3520,284,16,4.89,62.27,122.0,23,6
VID02319,2024-08-11,Relatable College Life #2319,Comedy,13171,621,30,9.1,63.7,437.3,119,10
VID02320,2024-08-11,Phone Features You Missed #2320,Tech,21826,2278,166,8.63,72.11,3624.8,369,20
VID02321,2024-08-11,Career Tips #2321,Education,1833,141,20,7.34,38.37,93.2,20,16
VID02322,2024-08-11,Food Review #2322,Food,4734,369,4,7.45,71.19,543.6,13,16
VID02323,2024-08-11,Weekend Travel Vlog #2323,Travel,5530,401,48,6.98,67.0,561.3,124,12
VID02324,2024-08-11,Best Friend Problems #2324,Comedy,14895,575,58,6.83,62.82,1594.6,337,22
VID02325,2024-08-11,Credit Score Tips #2325,Finance,45542,4632,476,7.04,52.59,1708.5,510,18
VID02326,2024-08-11,Useful Tech Tips #2326,Tech,13644,1364,148,11.81,88.2,2144.3,331,18
VID02327,2024-08-11,Budget Lifestyle #2327,Lifestyle,4849,400,26,6.69,44.62,298.4,74,18
VID02328,2024-08-11,Day In My Life #2328,Lifestyle,4077,141,6,7.71,68.95,345.8,71,20
VID02329,2024-08-11,Funny Family Moments #2329,Comedy,12302,1150,155,9.62,52.52,801.2,58,18
VID02330,2024-08-12,Learning Strategies #2330,Education,4962,506,46,6.64,60.53,645.8,82,18
VID02331,2024-08-12,Expectation vs Reality #2331,Comedy,18393,940,118,6.27,67.99,887.4,432,16
VID02332,2024-08-12,Saving Money #2332,Finance,16506,1618,160,10.32,62.33,1024.4,127,20
VID02333,2024-08-12,Parents Be Like #2333,Comedy,55931,6002,178,9.14,46.84,4273.2,139,14
VID02334,2024-08-12,Study Tips That Work #2334,Education,3783,264,41,6.67,55.8,207.7,55,14
VID02335,2024-08-12,Expectation vs Reality #2335,Comedy,10223,349,68,9.34,67.47,420.7,133,21
VID02336,2024-08-12,Budget Lifestyle #2336,Lifestyle,2897,149,35,4.65,71.57,88.9,48,20
VID02337,2024-08-12,Best Friend Problems #2337,Comedy,101548,8190,386,8.03,47.3,7922.5,743,8
VID02338,2024-08-12,Budget Planning #2338,Finance,19890,1169,110,11.09,62.88,947.3,89,20
VID02339,2024-08-12,Laptop Buying Guide #2339,Tech,10253,620,99,10.44,57.73,757.6,182,19
VID02340,2024-08-13,Cooking Tips #2340,Food,17305,1854,89,7.95,79.29,1037.3,418,22
VID02341,2024-08-13,Tech Hacks #2341,Tech,27683,2630,147,3.22,59.02,2216.7,317,19
VID02342,2024-08-13,Interview Preparation #2342,Education,9285,794,85,10.77,53.52,311.1,97,14
VID02343,2024-08-13,Relatable College Life #2343,Comedy,47460,2099,132,5.82,60.63,4960.8,274,21
VID02344,2024-08-13,Top Games #2344,Gaming,5212,154,27,8.71,68.8,279.8,37,20
VID02345,2024-08-13,Beginner Guide #2345,Gaming,2095,168,28,6.47,53.94,134.0,16,19
VID02346,2024-08-13,Funny Family Moments #2346,Comedy,31991,3507,364,4.85,54.12,954.6,311,6
VID02347,2024-08-13,Healthy Habits #2347,Lifestyle,15428,1035,42,8.45,61.77,1308.7,69,19
VID02348,2024-08-13,Food Review #2348,Food,7851,675,33,9.42,58.95,1005.6,167,18
VID02349,2024-08-13,Best Apps #2349,Tech,3437,242,20,7.3,60.02,181.5,64,8
VID02350,2024-08-13,Street Food Tour #2350,Food,27775,1940,230,8.37,61.9,853.6,313,16
VID02351,2024-08-14,Budget Planning #2351,Finance,926,78,5,8.77,65.25,76.1,5,6
VID02352,2024-08-14,Beginner Guide #2352,Gaming,22059,2128,66,5.94,64.66,1284.7,322,20
VID02353,2024-08-14,Study Tips That Work #2353,Education,57934,5281,241,6.69,45.55,3998.2,166,20
VID02354,2024-08-14,Funny Family Moments #2354,Comedy,18451,1584,230,6.78,70.48,2378.2,231,10
VID02355,2024-08-14,Healthy Habits #2355,Lifestyle,12164,1082,18,4.85,61.7,926.4,106,20
VID02356,2024-08-14,Useful Tech Tips #2356,Tech,15172,1521,150,6.25,65.05,1687.4,294,8
VID02357,2024-08-14,Study Tips That Work #2357,Education,15396,1334,145,6.04,50.0,1542.7,273,22
VID02358,2024-08-14,Best Apps #2358,Tech,4717,192,33,5.62,71.34,210.4,15,12
VID02359,2024-08-14,Relatable College Life #2359,Comedy,6226,340,64,6.29,70.91,449.9,120,19
VID02360,2024-08-14,Study Tips That Work #2360,Education,17933,463,109,12.64,51.56,735.3,49,21
VID02361,2024-08-15,Beginner Guide #2361,Gaming,3489,150,15,4.16,35.38,87.8,20,21
VID02362,2024-08-15,Best Places to Visit #2362,Travel,13014,1265,125,8.43,69.24,931.7,74,20
VID02363,2024-08-15,AI Tools #2363,Tech,8156,544,59,7.53,53.32,553.9,176,20
VID02364,2024-08-15,Money Mistakes #2364,Finance,1208,60,6,6.53,53.59,69.0,5,8
VID02365,2024-08-15,Funny Family Moments #2365,Comedy,6387,162,86,6.91,57.41,451.7,72,20
VID02366,2024-08-15,Travel Guide #2366,Travel,6636,533,42,8.64,67.31,417.6,104,12
VID02367,2024-08-15,Budget Planning #2367,Finance,37258,1120,338,7.4,47.19,1060.6,767,20
VID02368,2024-08-15,AI Tools #2368,Tech,6115,409,80,6.05,71.71,368.9,122,14
VID02369,2024-08-15,Budget Meals #2369,Food,15808,594,24,10.41,43.96,1560.0,158,19
VID02370,2024-08-15,Budget Planning #2370,Finance,6655,455,75,9.48,62.51,448.6,149,20
VID02371,2024-08-16,Best Places to Visit #2371,Travel,3178,186,11,5.69,69.97,301.0,15,20
VID02372,2024-08-16,Healthy Habits #2372,Lifestyle,36140,1918,173,8.78,40.88,714.3,539,21
VID02373,2024-08-16,Parents Be Like #2373,Comedy,43858,1494,64,8.69,48.73,1714.0,222,18
VID02374,2024-08-16,Daily Routine #2374,Lifestyle,9320,725,122,6.66,63.77,695.4,134,12
VID02375,2024-08-16,Parents Be Like #2375,Comedy,70690,2463,314,5.46,49.62,5045.1,673,18
VID02376,2024-08-16,Interview Preparation #2376,Education,3986,225,25,8.15,59.41,194.6,60,20
VID02377,2024-08-16,Best Friend Problems #2377,Comedy,33939,1792,52,6.87,70.06,5222.6,225,19
VID02378,2024-08-16,Money Mistakes #2378,Finance,10498,993,66,8.27,68.61,1082.1,42,18
VID02379,2024-08-16,Parents Be Like #2379,Comedy,14614,1070,156,6.23,66.85,1420.0,300,22
VID02380,2024-08-16,Funny Family Moments #2380,Comedy,21270,689,58,10.8,67.68,1183.2,462,22
VID02381,2024-08-16,AI Tools #2381,Tech,12338,850,171,11.74,56.39,770.1,225,14
VID02382,2024-08-17,Cooking Tips #2382,Food,18392,1137,103,9.68,63.05,1168.9,299,20
VID02383,2024-08-17,Saving Money #2383,Finance,11107,358,151,8.56,58.14,419.1,134,20
VID02384,2024-08-17,Phone Features You Missed #2384,Tech,506,47,2,5.89,73.59,69.2,4,12
VID02385,2024-08-17,Cooking Tips #2385,Food,32511,3185,171,11.65,48.89,1296.4,453,20
VID02386,2024-08-17,Cooking Tips #2386,Food,2532,71,3,5.84,68.22,319.8,36,12
VID02387,2024-08-17,Weekend Vlog #2387,Lifestyle,3774,108,19,5.55,66.27,152.5,22,16
VID02388,2024-08-17,Learning Strategies #2388,Education,30681,905,417,9.25,45.76,2228.3,397,20
VID02389,2024-08-17,Budget Travel Tips #2389,Travel,20716,2066,268,3.29,57.78,1830.6,336,23
VID02390,2024-08-17,Learning Strategies #2390,Education,500,51,5,9.2,58.27,51.1,10,21
VID02391,2024-08-17,Best Restaurants #2391,Food,3957,176,6,5.69,61.72,91.6,71,10
VID02392,2024-08-18,Exam Preparation Guide #2392,Education,31109,2075,178,10.21,58.1,1619.1,537,19
VID02393,2024-08-18,Easy Recipes #2393,Food,8343,316,62,10.18,61.16,322.7,48,18
VID02394,2024-08-18,Career Tips #2394,Education,1547,59,1,5.1,61.96,153.0,31,12
VID02395,2024-08-18,Best Friend Problems #2395,Comedy,42647,4284,228,9.67,57.62,4035.5,850,23
VID02396,2024-08-18,Relatable College Life #2396,Comedy,16991,1428,56,10.72,61.02,1741.2,153,19
VID02397,2024-08-18,Investment Basics #2397,Finance,28140,2351,119,13.03,53.76,675.8,537,12
VID02398,2024-08-18,Laptop Buying Guide #2398,Tech,27642,2180,351,11.21,73.64,1150.2,137,12
VID02399,2024-08-18,Relatable College Life #2399,Comedy,9438,742,128,6.56,68.52,508.9,214,21
VID02400,2024-08-18,Hidden Places #2400,Travel,19039,1672,175,8.88,74.64,3267.2,189,19
VID02401,2024-08-18,Best Places to Visit #2401,Travel,37115,3764,234,8.14,38.7,1728.2,213,21
VID02402,2024-08-18,Career Tips #2402,Education,5153,354,8,11.61,80.92,203.3,72,8
VID02403,2024-08-19,Parents Be Like #2403,Comedy,5057,385,15,6.25,48.92,253.0,104,12
VID02404,2024-08-19,Parents Be Like #2404,Comedy,50980,2489,310,11.03,72.06,4077.1,422,22
VID02405,2024-08-19,Beginner Guide #2405,Gaming,12834,973,77,6.22,38.61,238.2,184,19
VID02406,2024-08-19,Productivity Tips #2406,Education,28002,1864,53,10.14,36.0,568.8,252,18
VID02407,2024-08-19,Parents Be Like #2407,Comedy,3077,277,36,10.02,56.53,200.5,11,18
VID02408,2024-08-19,Productivity Tips #2408,Education,14102,1223,19,8.86,75.06,877.3,132,19
VID02409,2024-08-19,Personal Finance Tips #2409,Finance,18991,1550,192,5.49,73.53,2138.5,96,16
VID02410,2024-08-19,Hidden Places #2410,Travel,8182,683,10,10.1,69.18,681.2,131,12
VID02411,2024-08-19,Budget Travel Tips #2411,Travel,4783,258,45,4.88,76.9,173.1,70,20
VID02412,2024-08-19,Food Review #2412,Food,7098,460,10,5.89,58.87,442.7,118,21
VID02413,2024-08-20,Cooking Tips #2413,Food,2112,127,10,7.63,48.19,181.2,23,22
VID02414,2024-08-20,Beginner Guide #2414,Gaming,14374,1254,131,9.67,50.56,306.0,298,18
VID02415,2024-08-20,Tech Hacks #2415,Tech,13177,577,127,8.67,62.25,1153.6,69,21
VID02416,2024-08-20,Best Restaurants #2416,Food,7151,653,71,5.94,81.33,500.7,47,12
VID02417,2024-08-20,Weekend Travel Vlog #2417,Travel,15815,402,132,12.45,47.16,921.3,293,18
VID02418,2024-08-20,Money Mistakes #2418,Finance,6893,711,5,9.82,56.79,527.8,148,12
VID02419,2024-08-20,Expectation vs Reality #2419,Comedy,24811,1971,90,11.09,51.24,946.2,402,8
VID02420,2024-08-20,Relatable College Life #2420,Comedy,26001,2256,297,10.75,50.12,2002.8,418,20
VID02421,2024-08-20,Best Settings #2421,Gaming,9930,918,114,6.5,74.69,1139.9,83,14
VID02422,2024-08-20,AI Tools #2422,Tech,15598,981,15,11.27,52.91,1113.7,76,22
VID02423,2024-08-21,Funny Family Moments #2423,Comedy,108005,4780,224,11.91,56.68,3270.0,1444,18
VID02424,2024-08-21,Weekend Vlog #2424,Lifestyle,9620,261,58,2.86,52.1,671.2,38,23
VID02425,2024-08-21,Exam Preparation Guide #2425,Education,2874,84,22,8.09,55.01,189.9,58,12
VID02426,2024-08-21,Tech Hacks #2426,Tech,203152,20362,2675,10.66,63.21,22554.9,683,18
VID02427,2024-08-21,AI Tools #2427,Tech,17099,1716,216,8.08,70.6,1925.5,327,16
VID02428,2024-08-21,Hidden Places #2428,Travel,3890,127,34,11.92,40.2,126.7,31,14
VID02429,2024-08-21,Beginner Guide #2429,Gaming,17614,1809,81,5.71,56.01,758.7,307,20
VID02430,2024-08-21,Healthy Habits #2430,Lifestyle,4132,165,41,6.38,74.89,124.9,25,23
VID02431,2024-08-21,Useful Tech Tips #2431,Tech,4010,400,19,6.35,66.16,226.9,37,14
VID02432,2024-08-21,Laptop Buying Guide #2432,Tech,2850,85,22,6.54,48.96,204.8,29,20
VID02433,2024-08-21,Budget Planning #2433,Finance,3635,127,25,9.78,60.04,361.7,25,12
VID02434,2024-08-22,Interview Preparation #2434,Education,25880,758,250,7.82,60.78,2802.8,298,19
VID02435,2024-08-22,Phone Features You Missed #2435,Tech,8383,561,81,6.6,50.65,242.2,33,21
VID02436,2024-08-22,Daily Routine #2436,Lifestyle,2221,112,21,8.65,67.04,194.0,29,21
VID02437,2024-08-22,Interview Preparation #2437,Education,6379,494,78,5.47,53.73,552.9,85,18
VID02438,2024-08-22,Funny Family Moments #2438,Comedy,22578,1570,83,11.14,67.01,1243.1,526,20
VID02439,2024-08-22,Interview Preparation #2439,Education,24693,2048,184,3.76,41.27,394.4,157,20
VID02440,2024-08-22,Best Friend Problems #2440,Comedy,20615,799,282,2.73,60.2,2665.9,194,6
VID02441,2024-08-22,Money Mistakes #2441,Finance,27607,1535,321,9.33,75.73,3905.9,628,20
VID02442,2024-08-22,Relatable College Life #2442,Comedy,8037,301,30,7.6,66.49,732.9,58,8
VID02443,2024-08-22,Funny Family Moments #2443,Comedy,14418,371,161,7.6,64.57,590.3,119,14
VID02444,2024-08-23,Gaming Highlights #2444,Gaming,15305,633,52,7.32,72.59,1587.3,362,16
VID02445,2024-08-23,Budget Lifestyle #2445,Lifestyle,35467,2478,106,8.43,53.85,1671.4,178,21
VID02446,2024-08-23,Office Comedy #2446,Comedy,6918,392,9,5.45,48.37,178.3,59,22
VID02447,2024-08-23,Career Tips #2447,Education,4432,476,18,9.44,53.26,276.9,79,16
VID02448,2024-08-23,Gaming Highlights #2448,Gaming,9681,541,108,5.11,57.04,391.8,164,19
VID02449,2024-08-23,Relatable College Life #2449,Comedy,16729,755,80,10.19,61.45,1045.6,225,19
VID02450,2024-08-23,Laptop Buying Guide #2450,Tech,9125,935,82,9.07,68.23,526.7,68,8
VID02451,2024-08-23,Funny Family Moments #2451,Comedy,8339,237,32,7.2,63.59,699.4,90,6
VID02452,2024-08-23,Morning Routine #2452,Lifestyle,5952,453,50,11.15,55.11,383.9,126,20
VID02453,2024-08-23,Relatable College Life #2453,Comedy,44348,4063,250,7.31,47.68,2390.1,730,20
VID02454,2024-08-24,Office Comedy #2454,Comedy,3327,269,37,11.5,83.69,345.9,48,12
VID02455,2024-08-24,Expectation vs Reality #2455,Comedy,22308,2260,130,4.56,62.37,2508.0,516,18
VID02456,2024-08-24,Relatable College Life #2456,Comedy,8707,792,112,9.0,86.02,1187.7,149,22
VID02457,2024-08-24,Relatable College Life #2457,Comedy,87199,5888,678,4.49,62.51,8086.0,1539,22
VID02458,2024-08-24,Weekend Vlog #2458,Lifestyle,6848,472,14,8.42,59.91,781.4,51,20
VID02459,2024-08-24,Office Comedy #2459,Comedy,14451,1283,183,8.55,63.99,945.1,242,20
VID02460,2024-08-24,Saving Money #2460,Finance,9960,638,16,9.85,63.58,567.3,105,10
VID02461,2024-08-24,Best Apps #2461,Tech,103283,4799,982,4.94,66.97,4159.7,430,21
VID02462,2024-08-24,Interview Preparation #2462,Education,24580,1304,25,3.91,82.03,2396.1,501,19
VID02463,2024-08-24,Day In My Life #2463,Lifestyle,11334,605,133,6.83,68.79,1643.2,196,21
VID02464,2024-08-24,Funny Family Moments #2464,Comedy,9669,376,51,9.78,75.4,650.0,70,19
VID02465,2024-08-25,Phone Features You Missed #2465,Tech,4646,296,29,7.81,73.16,182.7,44,18
VID02466,2024-08-25,Daily Routine #2466,Lifestyle,16673,624,165,11.43,63.11,1169.1,312,12
VID02467,2024-08-25,Travel Guide #2467,Travel,39445,1281,242,7.56,65.8,1718.5,847,19
VID02468,2024-08-25,Daily Routine #2468,Lifestyle,125269,9806,151,11.67,67.65,4055.4,2756,12
VID02469,2024-08-25,Street Food Tour #2469,Food,21455,1007,192,9.34,71.5,2471.4,336,21
VID02470,2024-08-25,Budget Meals #2470,Food,14579,1561,72,6.63,70.72,1451.4,207,22
VID02471,2024-08-25,Game Challenge #2471,Gaming,8575,609,58,8.94,59.8,704.8,31,20
VID02472,2024-08-25,Tech Hacks #2472,Tech,5407,380,24,9.06,50.35,349.4,70,19
VID02473,2024-08-25,Expectation vs Reality #2473,Comedy,9300,641,93,9.46,88.16,1690.7,158,12
VID02474,2024-08-25,Best Friend Problems #2474,Comedy,63659,3079,265,8.26,51.79,2322.6,1040,14
VID02475,2024-08-26,Morning Routine #2475,Lifestyle,11980,567,14,5.12,68.75,862.3,239,18
VID02476,2024-08-26,Productivity Tips #2476,Education,7952,207,43,9.27,54.47,765.8,96,6
VID02477,2024-08-26,Investment Basics #2477,Finance,10001,709,116,6.11,70.44,1066.2,155,20
VID02478,2024-08-26,Best Apps #2478,Tech,8889,534,36,5.79,74.29,641.2,140,8
VID02479,2024-08-26,Best Settings #2479,Gaming,24445,712,186,9.04,77.14,2924.9,381,23
VID02480,2024-08-26,Office Comedy #2480,Comedy,25738,1319,48,5.67,78.58,2090.3,605,19
VID02481,2024-08-26,Exam Preparation Guide #2481,Education,9592,560,123,8.62,52.47,502.2,152,18
VID02482,2024-08-26,Interview Preparation #2482,Education,4745,162,12,7.94,81.86,577.2,77,6
VID02483,2024-08-26,Street Food Tour #2483,Food,18524,985,164,7.44,59.89,1675.1,74,6
VID02484,2024-08-26,Food Review #2484,Food,8365,827,82,4.97,62.24,1183.9,176,19
VID02485,2024-08-26,Travel Mistakes #2485,Travel,47775,3184,366,6.06,52.45,3157.0,983,20
VID02486,2024-08-27,Day In My Life #2486,Lifestyle,2147,83,18,8.06,68.78,139.1,32,12
VID02487,2024-08-27,Interview Preparation #2487,Education,15809,1193,43,6.87,75.99,2180.6,189,22
VID02488,2024-08-27,Study Tips That Work #2488,Education,5682,364,74,5.41,65.19,597.5,20,18
VID02489,2024-08-27,Exam Preparation Guide #2489,Education,9612,692,65,6.16,53.96,302.3,172,20
VID02490,2024-08-27,Learning Strategies #2490,Education,10394,286,136,8.65,76.4,681.9,245,22
VID02491,2024-08-27,Study Tips That Work #2491,Education,13463,416,66,7.21,55.29,329.7,114,23
VID02492,2024-08-27,Useful Tech Tips #2492,Tech,55179,3659,295,5.29,53.82,2672.9,564,21
VID02493,2024-08-27,Learning Strategies #2493,Education,33502,1983,438,7.57,65.63,4222.3,262,14
VID02494,2024-08-27,Weekend Vlog #2494,Lifestyle,1348,79,9,2.59,49.68,42.1,16,19
VID02495,2024-08-27,Relatable College Life #2495,Comedy,45528,1172,264,9.91,57.47,3560.7,906,20
VID02496,2024-08-28,Morning Routine #2496,Lifestyle,1806,114,3,7.7,77.46,181.3,6,20
VID02497,2024-08-28,Game Challenge #2497,Gaming,65439,5345,161,8.0,63.33,7393.7,989,22
VID02498,2024-08-28,Best Friend Problems #2498,Comedy,7178,275,75,12.14,45.6,599.0,62,19
VID02499,2024-08-28,Morning Routine #2499,Lifestyle,4600,413,39,7.59,49.57,467.5,84,19
VID02500,2024-08-28,Day In My Life #2500,Lifestyle,3931,182,35,9.59,76.77,362.1,66,20
VID02501,2024-08-28,Best Restaurants #2501,Food,7022,733,88,5.68,60.19,661.4,120,21
VID02502,2024-08-28,Budget Lifestyle #2502,Lifestyle,7262,183,100,7.08,70.82,783.0,144,16
VID02503,2024-08-28,Credit Score Tips #2503,Finance,8420,533,15,7.91,63.01,992.9,123,8
VID02504,2024-08-28,Personal Finance Tips #2504,Finance,776,19,1,9.86,69.08,32.1,3,19
VID02505,2024-08-28,Credit Score Tips #2505,Finance,3218,349,27,10.34,44.52,127.4,45,19
VID02506,2024-08-29,Game Challenge #2506,Gaming,56510,1494,419,8.81,64.61,2021.5,210,18
VID02507,2024-08-29,Expectation vs Reality #2507,Comedy,37952,2179,505,8.41,48.63,1054.0,246,16
VID02508,2024-08-29,Hidden Places #2508,Travel,30375,1149,359,5.41,52.85,1427.5,107,14
VID02509,2024-08-29,Credit Score Tips #2509,Finance,5954,180,54,8.24,61.73,309.9,92,10
VID02510,2024-08-29,Best Friend Problems #2510,Comedy,14361,956,82,8.41,37.63,742.2,48,20
VID02511,2024-08-29,Food Review #2511,Food,9971,1095,53,6.01,48.95,393.2,93,21
VID02512,2024-08-29,Hidden Places #2512,Travel,6480,254,12,9.86,57.41,403.7,133,6
VID02513,2024-08-29,Laptop Buying Guide #2513,Tech,5106,274,37,4.39,71.64,607.0,31,22
VID02514,2024-08-29,Funny Family Moments #2514,Comedy,15530,1446,27,7.39,60.01,1147.2,157,20
VID02515,2024-08-29,Budget Lifestyle #2515,Lifestyle,17216,1472,86,4.09,73.37,2275.0,276,16
VID02516,2024-08-29,Budget Travel Tips #2516,Travel,2316,200,31,7.57,60.87,220.1,40,14
VID02517,2024-08-30,Learning Strategies #2517,Education,10425,916,33,9.03,57.02,993.2,116,21
VID02518,2024-08-30,Best Places to Visit #2518,Travel,4432,320,22,6.58,70.57,591.3,63,18
VID02519,2024-08-30,Productivity Tips #2519,Education,21892,2087,55,7.73,62.22,1554.4,425,14
VID02520,2024-08-30,Useful Tech Tips #2520,Tech,5682,179,39,6.38,58.09,464.6,88,12
VID02521,2024-08-30,Best Places to Visit #2521,Travel,8236,516,61,9.95,58.55,369.9,181,19
VID02522,2024-08-30,Productivity Tips #2522,Education,6673,622,72,9.96,67.07,1032.8,132,20
VID02523,2024-08-30,Phone Features You Missed #2523,Tech,7343,191,71,9.0,68.45,248.9,112,14
VID02524,2024-08-30,Game Challenge #2524,Gaming,10688,768,25,10.52,46.32,323.2,193,19
VID02525,2024-08-30,Gaming Tips #2525,Gaming,16572,1564,204,9.77,46.83,765.1,258,21
VID02526,2024-08-30,Travel Guide #2526,Travel,10947,707,53,7.09,59.91,759.7,215,19
VID02527,2024-08-31,Weekend Vlog #2527,Lifestyle,13848,355,158,7.67,85.89,1453.5,222,16
VID02528,2024-08-31,Parents Be Like #2528,Comedy,5616,380,33,9.77,44.78,282.4,116,19
VID02529,2024-08-31,Best Friend Problems #2529,Comedy,11127,870,46,5.12,58.94,311.8,76,20
VID02530,2024-08-31,Top Games #2530,Gaming,69719,6427,537,5.09,79.92,2738.4,650,20
VID02531,2024-08-31,Phone Features You Missed #2531,Tech,13609,988,74,8.33,55.98,1095.9,260,14
VID02532,2024-08-31,Money Mistakes #2532,Finance,7159,625,18,6.92,56.03,248.7,87,8
VID02533,2024-08-31,Gaming Tips #2533,Gaming,14640,1252,55,7.63,66.09,1834.7,230,22
VID02534,2024-08-31,Easy Recipes #2534,Food,20274,1072,142,6.89,56.58,1621.8,285,12
VID02535,2024-08-31,Best Settings #2535,Gaming,7103,345,89,8.68,43.19,546.7,48,20
VID02536,2024-08-31,Saving Money #2536,Finance,3933,236,22,6.65,73.72,149.1,58,18
VID02537,2024-08-31,Phone Features You Missed #2537,Tech,37445,2111,515,8.18,65.0,3283.7,113,19
VID02538,2024-09-01,Office Comedy #2538,Comedy,86816,7498,230,8.75,51.33,3180.5,898,18
VID02539,2024-09-01,Personal Finance Tips #2539,Finance,5215,188,64,7.29,77.9,286.2,86,21
VID02540,2024-09-01,Parents Be Like #2540,Comedy,7106,179,63,6.95,54.83,457.4,101,20
VID02541,2024-09-01,Parents Be Like #2541,Comedy,54194,3159,267,7.37,49.86,2227.2,471,21
VID02542,2024-09-01,Money Mistakes #2542,Finance,8834,462,37,10.87,64.81,590.3,183,18
VID02543,2024-09-01,Easy Recipes #2543,Food,19817,844,20,6.51,62.98,527.1,443,14
VID02544,2024-09-01,Exam Preparation Guide #2544,Education,50899,4607,126,7.3,61.26,4811.4,460,18
VID02545,2024-09-01,Exam Preparation Guide #2545,Education,12094,812,72,9.06,46.47,1156.6,189,20
VID02546,2024-09-01,Daily Routine #2546,Lifestyle,38461,1248,149,8.69,64.67,2189.5,709,19
VID02547,2024-09-01,Morning Routine #2547,Lifestyle,8130,371,110,8.66,33.21,247.9,138,19
VID02548,2024-09-02,Gaming Highlights #2548,Gaming,12631,909,81,11.55,72.09,1262.8,175,18
VID02549,2024-09-02,Funny Family Moments #2549,Comedy,10695,1119,83,10.13,42.1,925.1,87,20
VID02550,2024-09-02,Funny Family Moments #2550,Comedy,1510,80,2,7.08,52.94,54.4,14,19
VID02551,2024-09-02,Beginner Guide #2551,Gaming,617,21,7,7.92,53.97,49.3,7,19
VID02552,2024-09-02,Parents Be Like #2552,Comedy,9429,277,53,8.68,62.1,454.4,171,20
VID02553,2024-09-02,Easy Recipes #2553,Food,4229,410,35,8.48,49.99,210.9,78,16
VID02554,2024-09-02,Gaming Highlights #2554,Gaming,20649,665,89,6.5,60.43,1065.9,111,19
VID02555,2024-09-02,Travel Guide #2555,Travel,34585,3622,152,8.68,52.29,795.0,168,16
VID02556,2024-09-02,Best Settings #2556,Gaming,27565,1248,229,10.62,47.33,1179.1,591,20
VID02557,2024-09-02,Gaming Highlights #2557,Gaming,14767,1232,33,11.51,50.58,1118.8,290,8
VID02558,2024-09-03,Gaming Highlights #2558,Gaming,3933,377,17,6.54,49.28,128.3,41,22
VID02559,2024-09-03,Top Games #2559,Gaming,7060,580,57,7.95,74.18,665.8,73,16
VID02560,2024-09-03,Funny Family Moments #2560,Comedy,32897,3004,432,7.13,56.55,1254.8,347,12
VID02561,2024-09-03,Top Games #2561,Gaming,15360,1478,102,9.09,45.97,523.5,178,21
VID02562,2024-09-03,Budget Meals #2562,Food,40520,1986,392,8.41,62.49,1986.3,526,22
VID02563,2024-09-03,Travel Mistakes #2563,Travel,4144,366,20,7.51,68.21,512.3,94,23
VID02564,2024-09-03,Weekend Vlog #2564,Lifestyle,4291,422,28,9.46,80.5,433.5,38,22
VID02565,2024-09-03,Travel Mistakes #2565,Travel,9740,884,129,10.91,81.22,859.2,140,14
VID02566,2024-09-03,Beginner Guide #2566,Gaming,19668,1263,59,2.9,50.18,1631.3,86,22
VID02567,2024-09-03,Exam Preparation Guide #2567,Education,1254,83,2,3.32,63.4,168.8,28,23
VID02568,2024-09-03,Budget Meals #2568,Food,2941,299,28,9.24,74.51,170.3,47,20
VID02569,2024-09-04,Budget Planning #2569,Finance,18574,1951,59,8.28,71.01,2569.6,279,18
VID02570,2024-09-04,Career Tips #2570,Education,2828,285,31,7.15,74.02,296.3,27,21
VID02571,2024-09-04,Game Challenge #2571,Gaming,33659,2098,331,5.73,69.82,2769.1,618,12
VID02572,2024-09-04,Learning Strategies #2572,Education,9008,953,84,7.47,62.34,655.2,119,22
VID02573,2024-09-04,Office Comedy #2573,Comedy,13225,943,76,5.87,69.15,1543.5,293,12
VID02574,2024-09-04,Tech Hacks #2574,Tech,6400,359,62,10.92,65.66,299.8,119,20
VID02575,2024-09-04,Daily Routine #2575,Lifestyle,27424,1328,159,5.5,65.33,2207.4,413,12
VID02576,2024-09-04,Best Settings #2576,Gaming,24842,1756,113,6.84,56.52,1956.1,528,20
VID02577,2024-09-04,Office Comedy #2577,Comedy,21363,1969,38,7.17,48.08,2077.2,353,10
VID02578,2024-09-04,Weekend Vlog #2578,Lifestyle,6262,226,83,8.03,54.0,245.4,101,19
VID02579,2024-09-05,Daily Routine #2579,Lifestyle,10366,353,145,6.86,71.99,1035.6,114,23
VID02580,2024-09-05,Learning Strategies #2580,Education,6948,609,36,7.27,56.86,335.6,116,18
VID02581,2024-09-05,Budget Meals #2581,Food,4658,273,40,9.0,46.9,282.0,46,18
VID02582,2024-09-05,Food Review #2582,Food,4367,318,59,2.67,43.96,137.6,37,19
VID02583,2024-09-05,Study Tips That Work #2583,Education,23094,1477,283,9.98,78.72,785.7,350,19
VID02584,2024-09-05,Exam Preparation Guide #2584,Education,9950,1003,80,9.81,67.34,570.5,131,18
VID02585,2024-09-05,Phone Features You Missed #2585,Tech,31284,2491,275,7.62,54.7,3256.7,418,20
VID02586,2024-09-05,Useful Tech Tips #2586,Tech,8667,403,70,6.77,68.06,498.2,195,21
VID02587,2024-09-05,Best Restaurants #2587,Food,6429,293,58,8.34,61.69,719.9,39,18
VID02588,2024-09-05,Budget Planning #2588,Finance,14848,423,69,9.71,75.92,664.5,261,20
VID02589,2024-09-05,Relatable College Life #2589,Comedy,2782,280,5,6.49,56.44,256.2,62,21
VID02590,2024-09-06,Personal Finance Tips #2590,Finance,1507,65,4,9.74,39.97,53.6,10,20
VID02591,2024-09-06,Office Comedy #2591,Comedy,7539,800,67,9.16,70.71,1080.6,60,16
VID02592,2024-09-06,Top Games #2592,Gaming,7765,844,42,8.43,52.55,360.1,158,19
VID02593,2024-09-06,Gaming Tips #2593,Gaming,19907,618,153,10.93,67.86,1446.7,178,12
VID02594,2024-09-06,Learning Strategies #2594,Education,7558,613,99,7.9,68.09,655.7,126,12
VID02595,2024-09-06,Study Tips That Work #2595,Education,7212,390,69,8.29,52.76,595.1,48,14
VID02596,2024-09-06,Productivity Tips #2596,Education,11009,620,73,8.08,69.51,1708.5,167,14
VID02597,2024-09-06,Hidden Places #2597,Travel,1977,71,19,6.29,50.0,71.8,10,14
VID02598,2024-09-06,Budget Meals #2598,Food,7516,262,58,5.33,52.37,302.8,73,19
VID02599,2024-09-06,Tech Hacks #2599,Tech,13150,857,95,9.85,57.43,1134.4,265,23
VID02600,2024-09-07,Healthy Habits #2600,Lifestyle,19925,1098,183,8.06,69.81,2513.3,243,8
VID02601,2024-09-07,Investment Basics #2601,Finance,9901,668,15,9.47,59.82,1223.9,208,22
VID02602,2024-09-07,Interview Preparation #2602,Education,4140,393,49,6.79,83.86,597.5,64,18
VID02603,2024-09-07,Career Tips #2603,Education,15018,1507,13,4.59,58.05,1248.9,343,20
VID02604,2024-09-07,Phone Features You Missed #2604,Tech,3584,106,42,6.6,46.67,191.9,74,20
VID02605,2024-09-07,Personal Finance Tips #2605,Finance,2839,152,37,9.42,65.02,439.4,46,12
VID02606,2024-09-07,Gaming Tips #2606,Gaming,14791,406,193,9.0,52.11,1321.6,236,16
VID02607,2024-09-07,Daily Routine #2607,Lifestyle,29639,1391,201,7.51,70.74,1342.6,719,19
VID02608,2024-09-07,Budget Planning #2608,Finance,2208,121,15,9.83,52.28,226.8,46,18
VID02609,2024-09-07,Office Comedy #2609,Comedy,19377,1663,247,6.86,82.66,2356.9,259,12
VID02610,2024-09-08,Budget Meals #2610,Food,16444,1673,181,7.54,75.53,1512.9,137,18
VID02611,2024-09-08,Relatable College Life #2611,Comedy,35120,2571,441,7.54,61.95,2738.7,98,19
VID02612,2024-09-08,Weekend Travel Vlog #2612,Travel,30351,1448,182,8.75,41.98,1695.8,433,18
VID02613,2024-09-08,Parents Be Like #2613,Comedy,1766,181,18,3.81,59.51,159.3,34,19
VID02614,2024-09-08,Easy Recipes #2614,Food,8206,690,15,5.39,60.84,400.0,59,22
VID02615,2024-09-08,Gaming Tips #2615,Gaming,5692,425,6,9.92,76.59,770.4,107,19
VID02616,2024-09-08,Budget Meals #2616,Food,7349,806,14,9.75,46.04,672.8,47,19
VID02617,2024-09-08,Budget Planning #2617,Finance,4507,418,54,7.21,40.17,420.5,47,22
VID02618,2024-09-08,Budget Lifestyle #2618,Lifestyle,54445,5480,604,6.4,68.89,2465.7,1126,16
VID02619,2024-09-08,Phone Features You Missed #2619,Tech,7293,615,86,10.26,65.21,422.5,48,22
VID02620,2024-09-08,Day In My Life #2620,Lifestyle,87156,8922,269,9.67,40.69,3580.0,1785,20
VID02621,2024-09-09,Career Tips #2621,Education,16364,774,31,6.52,52.4,1099.5,211,21
VID02622,2024-09-09,Useful Tech Tips #2622,Tech,8173,553,8,5.08,46.45,733.0,60,20
VID02623,2024-09-09,Best Places to Visit #2623,Travel,13453,847,143,6.03,69.47,1490.7,223,20
VID02624,2024-09-09,Best Friend Problems #2624,Comedy,10095,338,15,7.48,76.3,683.8,181,20
VID02625,2024-09-09,Productivity Tips #2625,Education,10675,465,124,7.98,64.91,413.9,144,19
VID02626,2024-09-09,Money Mistakes #2626,Finance,9774,244,27,9.28,48.61,234.6,129,18
VID02627,2024-09-09,Personal Finance Tips #2627,Finance,23467,1941,132,11.55,66.22,1394.4,296,18
VID02628,2024-09-09,Weekend Vlog #2628,Lifestyle,95968,2495,274,5.7,73.49,10649.1,530,6
VID02629,2024-09-09,Parents Be Like #2629,Comedy,39209,3581,326,3.88,55.55,1610.8,261,18
VID02630,2024-09-09,Productivity Tips #2630,Education,15017,681,68,5.68,75.31,1221.5,309,21
VID02631,2024-09-10,Learning Strategies #2631,Education,5225,175,12,8.55,70.31,880.7,113,18
VID02632,2024-09-10,Travel Guide #2632,Travel,21648,652,230,9.01,41.76,938.9,303,22
VID02633,2024-09-10,Morning Routine #2633,Lifestyle,18173,542,226,7.46,59.66,2570.6,286,18
VID02634,2024-09-10,Funny Family Moments #2634,Comedy,6561,305,77,7.26,58.73,161.4,45,18
VID02635,2024-09-10,Travel Mistakes #2635,Travel,3107,147,41,6.8,49.73,143.1,59,19
VID02636,2024-09-10,Day In My Life #2636,Lifestyle,4448,475,40,7.16,56.22,209.0,94,14
VID02637,2024-09-10,Office Comedy #2637,Comedy,20108,581,21,4.95,63.42,2221.8,234,18
VID02638,2024-09-10,Best Apps #2638,Tech,965,40,9,6.43,63.26,70.7,8,16
VID02639,2024-09-10,Funny Family Moments #2639,Comedy,9884,637,71,8.54,73.6,1346.2,65,10
VID02640,2024-09-10,Study Tips That Work #2640,Education,13862,404,89,2.96,70.0,1678.2,308,6
VID02641,2024-09-10,Gaming Tips #2641,Gaming,3247,225,24,7.54,67.62,219.8,39,12
VID02642,2024-09-11,Interview Preparation #2642,Education,16252,1263,121,3.16,76.91,1884.7,289,14
VID02643,2024-09-11,Budget Planning #2643,Finance,29482,2698,169,6.21,55.14,3140.1,521,12
VID02644,2024-09-11,Relatable College Life #2644,Comedy,27023,1651,75,9.99,61.62,2695.6,441,21
VID02645,2024-09-11,Weekend Vlog #2645,Lifestyle,18114,1623,77,8.65,45.64,1360.3,330,22
VID02646,2024-09-11,Cooking Tips #2646,Food,12127,324,105,5.23,54.26,566.4,112,21
VID02647,2024-09-11,Parents Be Like #2647,Comedy,17279,1344,123,8.34,58.88,1508.4,258,6
VID02648,2024-09-11,Food Review #2648,Food,1889,61,11,6.41,63.08,232.0,19,10
VID02649,2024-09-11,Best Places to Visit #2649,Travel,61376,2039,688,8.45,51.72,4349.8,1106,10
VID02650,2024-09-11,Laptop Buying Guide #2650,Tech,2403,159,29,8.83,55.2,237.5,7,20
VID02651,2024-09-11,Relatable College Life #2651,Comedy,18926,933,167,9.64,57.84,2274.5,195,18
VID02652,2024-09-12,Beginner Guide #2652,Gaming,31032,2260,310,10.29,72.2,1159.0,687,21
VID02653,2024-09-12,Budget Meals #2653,Food,36368,3240,222,6.92,42.13,2178.8,377,18
VID02654,2024-09-12,Travel Mistakes #2654,Travel,12461,1064,68,5.66,47.0,764.1,171,22
VID02655,2024-09-12,Best Places to Visit #2655,Travel,7888,333,106,6.58,58.46,421.0,172,23
VID02656,2024-09-12,Parents Be Like #2656,Comedy,4356,300,6,9.69,65.94,356.5,24,18
VID02657,2024-09-12,Gaming Tips #2657,Gaming,32834,2251,364,6.8,66.35,2758.4,720,19
VID02658,2024-09-12,Travel Guide #2658,Travel,15937,1530,114,8.52,57.96,854.3,61,16
VID02659,2024-09-12,Beginner Guide #2659,Gaming,23061,1083,183,6.45,58.57,1364.3,162,14
VID02660,2024-09-12,Weekend Travel Vlog #2660,Travel,18614,819,76,8.04,64.61,2029.8,434,22
VID02661,2024-09-12,Best Places to Visit #2661,Travel,20566,1288,177,6.35,71.75,937.8,478,21
VID02662,2024-09-13,Best Places to Visit #2662,Travel,12388,1148,71,7.1,45.08,862.0,244,20
VID02663,2024-09-13,Morning Routine #2663,Lifestyle,10539,447,131,4.33,55.49,1381.9,159,23
VID02664,2024-09-13,Productivity Tips #2664,Education,5051,255,33,7.53,64.18,397.0,113,19
VID02665,2024-09-13,Funny Family Moments #2665,Comedy,5034,368,37,6.31,57.99,211.2,50,20
VID02666,2024-09-13,Useful Tech Tips #2666,Tech,11437,991,111,10.01,52.08,311.1,62,20
VID02667,2024-09-13,Game Challenge #2667,Gaming,16067,438,105,9.15,54.33,890.8,127,22
VID02668,2024-09-13,Easy Recipes #2668,Food,8599,901,8,8.18,68.98,1090.0,78,16
VID02669,2024-09-13,Relatable College Life #2669,Comedy,11854,788,89,8.14,64.9,542.7,119,12
VID02670,2024-09-13,Parents Be Like #2670,Comedy,18982,2002,107,10.44,65.49,2009.8,134,20
VID02671,2024-09-13,Morning Routine #2671,Lifestyle,38120,1325,188,3.54,62.2,4159.1,723,20
VID02672,2024-09-13,Best Places to Visit #2672,Travel,15716,948,64,6.26,56.39,358.5,328,23
VID02673,2024-09-14,Travel Guide #2673,Travel,6856,406,29,5.31,67.74,466.6,75,20
VID02674,2024-09-14,Best Friend Problems #2674,Comedy,3858,129,6,6.01,71.14,288.2,59,10
VID02675,2024-09-14,Hidden Places #2675,Travel,5505,453,25,3.66,77.88,290.9,79,22
VID02676,2024-09-14,Exam Preparation Guide #2676,Education,8269,621,53,8.73,56.57,423.6,140,19
VID02677,2024-09-14,Credit Score Tips #2677,Finance,3140,281,10,9.83,74.28,364.7,73,14
VID02678,2024-09-14,Money Mistakes #2678,Finance,5558,403,54,8.35,58.99,355.7,113,14
VID02679,2024-09-14,Gaming Highlights #2679,Gaming,8069,235,85,5.54,60.64,649.0,34,21
VID02680,2024-09-14,Relatable College Life #2680,Comedy,13777,735,78,10.3,52.53,535.9,156,20
VID02681,2024-09-14,Tech Hacks #2681,Tech,18506,1592,18,8.12,42.78,451.5,270,20
VID02682,2024-09-14,Exam Preparation Guide #2682,Education,2389,170,25,8.71,60.27,127.1,42,19
VID02683,2024-09-15,Game Challenge #2683,Gaming,16612,802,139,7.56,73.69,563.6,265,19
VID02684,2024-09-15,Learning Strategies #2684,Education,3260,132,27,7.58,71.54,205.3,11,23
VID02685,2024-09-15,Laptop Buying Guide #2685,Tech,1923,155,15,6.76,62.69,67.9,34,6
VID02686,2024-09-15,Office Comedy #2686,Comedy,6550,354,57,9.73,55.02,454.2,39,10
VID02687,2024-09-15,Hidden Places #2687,Travel,864,46,2,5.84,49.39,54.2,6,18
VID02688,2024-09-15,Easy Recipes #2688,Food,23846,1276,29,6.12,78.52,2564.6,153,20
VID02689,2024-09-15,Budget Meals #2689,Food,36955,3382,379,6.34,69.99,2886.2,801,20
VID02690,2024-09-15,Best Places to Visit #2690,Travel,11690,960,66,10.75,65.44,1007.4,99,19
VID02691,2024-09-15,Parents Be Like #2691,Comedy,22294,872,112,8.7,62.88,643.4,248,22
VID02692,2024-09-15,Beginner Guide #2692,Gaming,4407,461,43,9.98,61.31,354.6,21,20
VID02693,2024-09-15,Exam Preparation Guide #2693,Education,6764,491,28,6.22,36.75,152.2,62,19
VID02694,2024-09-16,Interview Preparation #2694,Education,956,26,3,8.99,53.32,98.4,8,19
VID02695,2024-09-16,Healthy Habits #2695,Lifestyle,4539,311,18,6.87,67.39,243.2,27,20
VID02696,2024-09-16,Weekend Travel Vlog #2696,Travel,12351,572,147,8.26,67.47,1423.8,168,16
VID02697,2024-09-16,Tech Hacks #2697,Tech,5005,454,18,5.52,56.83,273.6,22,20
VID02698,2024-09-16,Hidden Places #2698,Travel,15421,587,26,7.83,61.76,1504.5,304,12
VID02699,2024-09-16,Best Apps #2699,Tech,11787,325,117,9.82,68.54,1301.4,70,18
VID02700,2024-09-16,Weekend Travel Vlog #2700,Travel,44630,2334,101,11.65,66.64,2959.2,639,12
VID02701,2024-09-16,Relatable College Life #2701,Comedy,6474,631,22,10.54,34.56,112.7,130,12
VID02702,2024-09-16,Parents Be Like #2702,Comedy,17444,943,154,9.8,46.21,591.6,265,21
VID02703,2024-09-16,Credit Score Tips #2703,Finance,2765,184,12,7.2,62.05,250.2,14,22
VID02704,2024-09-17,Best Apps #2704,Tech,49480,2606,304,10.26,50.25,4374.2,786,18
VID02705,2024-09-17,Best Places to Visit #2705,Travel,14517,1168,153,7.63,71.38,1157.7,335,22
VID02706,2024-09-17,Laptop Buying Guide #2706,Tech,31890,1379,179,10.14,68.54,4367.6,437,19
VID02707,2024-09-17,Hidden Places #2707,Travel,21359,1086,231,8.6,45.99,1203.7,93,21
VID02708,2024-09-17,Useful Tech Tips #2708,Tech,2211,214,26,5.54,48.49,173.2,30,14
VID02709,2024-09-17,Travel Mistakes #2709,Travel,10045,682,78,9.07,77.99,380.3,59,22
VID02710,2024-09-17,Budget Lifestyle #2710,Lifestyle,16668,630,95,9.38,65.47,2075.3,141,10
VID02711,2024-09-17,Best Apps #2711,Tech,736,57,3,6.82,68.64,49.3,8,18
VID02712,2024-09-17,Food Review #2712,Food,21409,946,255,7.17,45.85,703.2,407,10
VID02713,2024-09-17,Beginner Guide #2713,Gaming,1690,71,4,6.8,61.12,207.7,9,21
VID02714,2024-09-18,Learning Strategies #2714,Education,13529,850,61,7.42,62.23,828.7,186,18
VID02715,2024-09-18,Office Comedy #2715,Comedy,3235,153,6,6.2,65.81,260.3,40,12
VID02716,2024-09-18,Money Mistakes #2716,Finance,4076,341,36,6.27,73.88,145.4,12,16
VID02717,2024-09-18,AI Tools #2717,Tech,8926,474,93,7.21,77.19,1303.6,160,20
VID02718,2024-09-18,Travel Guide #2718,Travel,10217,424,105,10.49,63.54,349.0,173,14
VID02719,2024-09-18,Budget Lifestyle #2719,Lifestyle,22049,2057,61,8.66,31.72,637.9,325,20
VID02720,2024-09-18,Phone Features You Missed #2720,Tech,12443,798,116,5.77,57.52,1307.1,124,12
VID02721,2024-09-18,Cooking Tips #2721,Food,7546,344,32,5.29,52.98,367.4,131,6
VID02722,2024-09-18,Interview Preparation #2722,Education,3710,309,3,6.78,72.6,228.5,29,18
VID02723,2024-09-18,Budget Lifestyle #2723,Lifestyle,31107,3056,229,6.78,34.87,827.9,174,21
VID02724,2024-09-18,Saving Money #2724,Finance,15344,1494,155,8.07,50.26,350.0,154,20
VID02725,2024-09-19,Budget Travel Tips #2725,Travel,5104,323,58,9.34,77.91,689.5,34,19
VID02726,2024-09-19,Career Tips #2726,Education,5837,390,73,5.4,58.32,558.7,51,22
VID02727,2024-09-19,Easy Recipes #2727,Food,2341,62,5,1.51,61.52,238.7,42,20
VID02728,2024-09-19,Budget Meals #2728,Food,4226,277,4,7.73,72.59,374.5,74,20
VID02729,2024-09-19,Laptop Buying Guide #2729,Tech,11447,858,104,8.86,42.66,1079.0,40,12
VID02730,2024-09-19,Gaming Tips #2730,Gaming,76476,4469,609,7.84,65.62,10755.9,1771,19
VID02731,2024-09-19,Expectation vs Reality #2731,Comedy,10749,991,143,5.52,51.34,863.5,137,19
VID02732,2024-09-19,Budget Planning #2732,Finance,17879,1159,118,9.88,58.16,1775.4,378,20
VID02733,2024-09-19,Learning Strategies #2733,Education,32483,1016,120,9.08,60.51,2597.9,334,20
VID02734,2024-09-19,Expectation vs Reality #2734,Comedy,19912,1142,221,4.06,69.24,2294.6,186,12
VID02735,2024-09-20,Learning Strategies #2735,Education,4479,467,52,7.63,63.54,312.5,25,10
VID02736,2024-09-20,Best Places to Visit #2736,Travel,16505,1508,163,6.31,66.02,825.9,326,8
VID02737,2024-09-20,Morning Routine #2737,Lifestyle,3546,210,46,9.34,50.76,358.6,63,21
VID02738,2024-09-20,Productivity Tips #2738,Education,16996,1264,92,6.4,59.81,458.7,55,19
VID02739,2024-09-20,Travel Guide #2739,Travel,19835,1216,128,8.6,65.91,2243.7,290,20
VID02740,2024-09-20,Day In My Life #2740,Lifestyle,5711,515,16,6.88,71.18,144.0,21,18
VID02741,2024-09-20,Office Comedy #2741,Comedy,18053,1692,25,5.83,67.86,1709.2,207,18
VID02742,2024-09-20,Budget Lifestyle #2742,Lifestyle,8100,432,55,10.56,72.64,551.2,56,6
VID02743,2024-09-20,Weekend Vlog #2743,Lifestyle,10115,950,39,9.96,45.97,210.7,142,18
VID02744,2024-09-20,Relatable College Life #2744,Comedy,4451,293,37,8.83,55.36,355.1,38,20
VID02745,2024-09-20,Interview Preparation #2745,Education,13812,930,183,4.68,58.47,389.4,271,19
VID02746,2024-09-21,Weekend Vlog #2746,Lifestyle,3757,336,36,10.05,66.48,173.4,52,10
VID02747,2024-09-21,Gaming Highlights #2747,Gaming,28209,2567,383,8.28,56.87,2287.3,541,18
VID02748,2024-09-21,Productivity Tips #2748,Education,27815,2325,72,10.95,72.05,3482.7,501,12
VID02749,2024-09-21,Best Settings #2749,Gaming,2268,138,5,8.86,64.03,187.4,9,16
VID02750,2024-09-21,Travel Guide #2750,Travel,10638,786,13,9.62,58.11,557.3,101,23
VID02751,2024-09-21,AI Tools #2751,Tech,6121,263,19,8.22,68.94,687.3,17,20
VID02752,2024-09-21,Budget Planning #2752,Finance,30046,1957,379,8.15,65.35,1757.4,592,20
VID02753,2024-09-21,Weekend Travel Vlog #2753,Travel,560,26,3,6.14,72.37,38.1,11,14
VID02754,2024-09-21,Productivity Tips #2754,Education,6961,429,19,9.9,77.59,375.4,147,21
VID02755,2024-09-21,Easy Recipes #2755,Food,2839,145,17,6.56,76.18,355.3,61,12
VID02756,2024-09-22,Useful Tech Tips #2756,Tech,7802,257,76,8.0,44.41,315.6,71,10
VID02757,2024-09-22,Laptop Buying Guide #2757,Tech,12800,1353,154,9.01,56.54,1175.2,42,23
VID02758,2024-09-22,Travel Guide #2758,Travel,6202,633,68,6.72,81.0,883.9,79,14
VID02759,2024-09-22,Study Tips That Work #2759,Education,8892,738,58,7.58,75.26,774.6,173,14
VID02760,2024-09-22,Street Food Tour #2760,Food,3485,283,41,8.18,56.74,114.1,35,12
VID02761,2024-09-22,Healthy Habits #2761,Lifestyle,2441,167,17,11.25,55.75,178.0,28,23
VID02762,2024-09-22,Budget Travel Tips #2762,Travel,3409,231,43,9.05,67.32,164.4,55,23
VID02763,2024-09-22,Phone Features You Missed #2763,Tech,5584,384,56,9.94,75.82,816.0,125,16
VID02764,2024-09-22,Parents Be Like #2764,Comedy,18928,1616,30,4.99,58.15,1388.2,165,19
VID02765,2024-09-22,Best Places to Visit #2765,Travel,11046,511,145,8.78,39.34,742.0,228,18
VID02766,2024-09-23,Saving Money #2766,Finance,3468,270,15,7.66,80.26,137.4,55,18
VID02767,2024-09-23,Travel Guide #2767,Travel,19065,1699,179,1.82,45.93,525.3,71,23
VID02768,2024-09-23,Best Apps #2768,Tech,4555,164,56,3.16,66.6,352.0,68,20
VID02769,2024-09-23,Best Friend Problems #2769,Comedy,4754,173,58,9.3,66.32,445.7,102,10
VID02770,2024-09-23,Gaming Highlights #2770,Gaming,98529,5870,1345,11.14,77.83,13468.4,2015,16
VID02771,2024-09-23,Gaming Highlights #2771,Gaming,6450,638,6,8.96,45.13,167.2,99,20
VID02772,2024-09-23,Laptop Buying Guide #2772,Tech,5104,166,24,6.38,42.04,170.7,90,16
VID02773,2024-09-23,Expectation vs Reality #2773,Comedy,12108,1082,78,8.21,51.06,1034.3,205,16
VID02774,2024-09-23,Office Comedy #2774,Comedy,654,27,3,8.85,59.75,77.6,2,22
VID02775,2024-09-23,Travel Guide #2775,Travel,14895,661,156,11.02,69.9,1442.0,135,14
VID02776,2024-09-23,Budget Meals #2776,Food,31720,944,322,7.76,68.0,2660.0,529,19
VID02777,2024-09-24,Budget Travel Tips #2777,Travel,2914,268,31,6.03,53.69,306.6,38,21
VID02778,2024-09-24,Productivity Tips #2778,Education,5725,176,5,6.63,57.48,163.3,127,23
VID02779,2024-09-24,Budget Travel Tips #2779,Travel,36178,3413,108,12.78,61.04,2627.3,540,20
VID02780,2024-09-24,Best Apps #2780,Tech,9330,830,55,7.72,47.93,276.1,47,18
VID02781,2024-09-24,Travel Guide #2781,Travel,14241,389,155,5.62,87.7,1041.5,233,14
VID02782,2024-09-24,AI Tools #2782,Tech,19891,1975,101,11.22,65.91,1493.4,461,21
VID02783,2024-09-24,Gaming Highlights #2783,Gaming,210908,15111,1055,8.82,62.54,15307.3,2288,19
VID02784,2024-09-24,Best Restaurants #2784,Food,4731,191,64,7.96,61.33,689.4,76,20
VID02785,2024-09-24,Daily Routine #2785,Lifestyle,29415,2291,179,6.12,44.63,1408.1,136,19
VID02786,2024-09-24,Relatable College Life #2786,Comedy,40115,3725,284,7.07,56.26,2000.5,902,21
VID02787,2024-09-25,Gaming Highlights #2787,Gaming,70356,2953,787,5.65,79.76,10293.4,1763,18
VID02788,2024-09-25,Daily Routine #2788,Lifestyle,91354,7159,624,10.44,50.47,8523.7,804,23
VID02789,2024-09-25,Best Apps #2789,Tech,9781,685,47,12.17,54.07,664.2,125,16
VID02790,2024-09-25,Easy Recipes #2790,Food,3675,392,50,6.64,58.23,341.7,57,18
VID02791,2024-09-25,Money Mistakes #2791,Finance,2544,110,17,7.09,51.51,93.2,46,8
VID02792,2024-09-25,Daily Routine #2792,Lifestyle,2321,243,20,5.26,60.42,62.7,44,23
VID02793,2024-09-25,Career Tips #2793,Education,3294,150,18,5.99,68.38,103.2,44,16
VID02794,2024-09-25,Career Tips #2794,Education,5605,583,35,7.55,48.57,506.7,113,21
VID02795,2024-09-25,Top Games #2795,Gaming,12059,1079,119,8.7,43.49,226.1,150,19
VID02796,2024-09-25,Best Restaurants #2796,Food,24560,772,148,10.62,50.4,1336.8,195,18
VID02797,2024-09-26,Parents Be Like #2797,Comedy,11357,775,87,4.67,62.96,876.3,190,16
VID02798,2024-09-26,Productivity Tips #2798,Education,24353,945,169,4.97,49.67,1935.2,184,21
VID02799,2024-09-26,Exam Preparation Guide #2799,Education,5985,249,35,6.88,48.01,495.1,16,12
VID02800,2024-09-26,Tech Hacks #2800,Tech,19427,521,166,6.78,57.95,1890.7,337,18
VID02801,2024-09-26,Investment Basics #2801,Finance,8822,348,61,5.55,38.83,485.5,31,20
VID02802,2024-09-26,Cooking Tips #2802,Food,9454,690,67,7.69,35.42,505.6,91,14
VID02803,2024-09-26,Gaming Highlights #2803,Gaming,7582,371,86,7.2,55.8,507.7,44,21
VID02804,2024-09-26,Day In My Life #2804,Lifestyle,1409,36,14,8.03,57.34,71.8,23,20
VID02805,2024-09-26,Daily Routine #2805,Lifestyle,13519,506,124,9.16,49.4,587.2,101,16
VID02806,2024-09-26,Best Apps #2806,Tech,13226,408,25,7.32,57.34,378.0,158,16
VID02807,2024-09-26,Top Games #2807,Gaming,5081,500,61,7.75,69.77,845.7,73,22
VID02808,2024-09-27,Top Games #2808,Gaming,5881,533,24,6.87,50.32,265.6,60,21
VID02809,2024-09-27,Best Friend Problems #2809,Comedy,16205,461,209,6.57,54.47,638.1,344,14
VID02810,2024-09-27,Personal Finance Tips #2810,Finance,23027,1568,201,10.9,65.58,2002.0,349,21
VID02811,2024-09-27,Weekend Vlog #2811,Lifestyle,16352,1166,169,9.47,65.02,2057.8,60,18
VID02812,2024-09-27,Parents Be Like #2812,Comedy,23290,1807,75,8.44,65.77,1261.8,202,19
VID02813,2024-09-27,Exam Preparation Guide #2813,Education,1854,90,21,4.83,50.78,69.2,25,23
VID02814,2024-09-27,Best Restaurants #2814,Food,2351,122,4,10.3,65.34,345.9,45,14
VID02815,2024-09-27,Food Review #2815,Food,6627,327,86,8.85,75.53,632.8,89,22
VID02816,2024-09-27,Beginner Guide #2816,Gaming,3124,238,25,7.6,61.11,248.8,10,18
VID02817,2024-09-27,Food Review #2817,Food,2281,205,20,7.51,76.77,249.6,55,14
VID02818,2024-09-28,Weekend Vlog #2818,Lifestyle,18154,1584,157,9.0,56.12,1448.6,93,12
VID02819,2024-09-28,Best Apps #2819,Tech,166162,16866,1567,7.32,66.92,26150.7,2281,20
VID02820,2024-09-28,Interview Preparation #2820,Education,3287,279,21,9.23,55.77,247.6,39,21
VID02821,2024-09-28,Budget Travel Tips #2821,Travel,10859,1132,19,5.47,45.23,428.3,128,16
VID02822,2024-09-28,Budget Lifestyle #2822,Lifestyle,1942,109,12,8.89,48.9,133.2,40,6
VID02823,2024-09-28,Beginner Guide #2823,Gaming,13727,1078,61,6.11,79.79,1254.7,136,10
VID02824,2024-09-28,Beginner Guide #2824,Gaming,28657,1519,51,7.76,54.62,2225.1,631,22
VID02825,2024-09-28,Investment Basics #2825,Finance,20466,2072,146,8.96,56.01,1727.9,381,20
VID02826,2024-09-28,Learning Strategies #2826,Education,6625,436,16,8.47,50.59,413.9,118,21
VID02827,2024-09-28,Budget Lifestyle #2827,Lifestyle,7127,660,96,10.19,62.7,592.1,155,20
VID02828,2024-09-28,Study Tips That Work #2828,Education,18748,645,186,7.8,56.22,888.1,194,19
VID02829,2024-09-29,Gaming Highlights #2829,Gaming,13295,616,68,11.04,51.85,1140.3,84,21
VID02830,2024-09-29,Parents Be Like #2830,Comedy,21923,1177,113,10.59,55.1,1812.4,467,16
VID02831,2024-09-29,Relatable College Life #2831,Comedy,3326,272,27,5.51,54.57,136.5,46,20
VID02832,2024-09-29,Career Tips #2832,Education,47222,3621,55,12.35,49.53,4423.1,680,19
VID02833,2024-09-29,Hidden Places #2833,Travel,2306,249,10,7.39,68.72,331.3,31,20
VID02834,2024-09-29,Budget Travel Tips #2834,Travel,9578,462,44,8.89,59.05,930.3,100,22
VID02835,2024-09-29,Tech Hacks #2835,Tech,21715,2088,166,8.82,71.27,2899.6,66,16
VID02836,2024-09-29,AI Tools #2836,Tech,25603,2786,77,6.86,64.37,1575.1,517,20
VID02837,2024-09-29,Phone Features You Missed #2837,Tech,3514,377,24,12.97,58.3,117.0,44,10
VID02838,2024-09-29,Productivity Tips #2838,Education,8729,481,96,6.29,58.14,452.2,61,16
VID02839,2024-09-30,AI Tools #2839,Tech,6040,650,72,9.29,34.61,285.2,117,18
VID02840,2024-09-30,Tech Hacks #2840,Tech,33048,3265,85,5.4,43.43,1200.7,597,22
VID02841,2024-09-30,Exam Preparation Guide #2841,Education,14683,911,154,9.92,65.32,905.8,166,20
VID02842,2024-09-30,Gaming Highlights #2842,Gaming,4602,301,42,6.77,54.99,375.4,15,21
VID02843,2024-09-30,Budget Lifestyle #2843,Lifestyle,4793,403,48,5.27,78.72,174.5,55,14
VID02844,2024-09-30,Best Friend Problems #2844,Comedy,2742,280,24,3.23,61.97,192.9,35,20
VID02845,2024-09-30,Relatable College Life #2845,Comedy,2685,189,36,11.63,80.9,233.1,25,18
VID02846,2024-09-30,Relatable College Life #2846,Comedy,4141,112,48,5.3,68.42,364.4,99,12
VID02847,2024-09-30,Career Tips #2847,Education,5755,276,5,7.66,75.55,570.9,62,20
VID02848,2024-09-30,Game Challenge #2848,Gaming,2608,163,19,8.44,68.64,316.3,34,22
VID02849,2024-10-01,Exam Preparation Guide #2849,Education,8933,255,55,10.03,73.37,607.1,139,21
VID02850,2024-10-01,AI Tools #2850,Tech,4824,438,62,7.2,67.39,451.1,42,19
VID02851,2024-10-01,Parents Be Like #2851,Comedy,21884,1395,285,6.79,46.84,1850.0,451,23
VID02852,2024-10-01,Morning Routine #2852,Lifestyle,19936,717,172,14.13,59.18,1647.6,108,16
VID02853,2024-10-01,Tech Hacks #2853,Tech,23652,1042,280,7.89,63.05,1848.9,162,16
VID02854,2024-10-01,Weekend Vlog #2854,Lifestyle,9677,619,97,7.42,78.1,851.4,216,8
VID02855,2024-10-01,Tech Hacks #2855,Tech,3358,256,33,7.49,55.84,383.3,47,18
VID02856,2024-10-01,Best Apps #2856,Tech,112339,6744,1330,5.62,26.38,2020.6,585,18
VID02857,2024-10-01,Day In My Life #2857,Lifestyle,30234,2765,215,10.14,56.28,2866.1,659,18
VID02858,2024-10-01,Gaming Tips #2858,Gaming,3674,338,8,6.07,60.36,357.3,49,18
VID02859,2024-10-01,Office Comedy #2859,Comedy,9951,802,50,6.85,65.79,972.6,50,21
VID02860,2024-10-02,Hidden Places #2860,Travel,9719,974,87,9.82,66.63,648.3,42,16
VID02861,2024-10-02,Budget Meals #2861,Food,9583,346,91,5.94,35.41,645.0,155,20
VID02862,2024-10-02,Morning Routine #2862,Lifestyle,1837,76,13,5.78,75.72,59.2,23,18
VID02863,2024-10-02,Personal Finance Tips #2863,Finance,1846,101,13,5.63,73.3,232.5,40,8
VID02864,2024-10-02,Weekend Travel Vlog #2864,Travel,6473,247,61,10.8,57.58,222.8,106,22
VID02865,2024-10-02,Weekend Travel Vlog #2865,Travel,9233,349,116,5.58,52.65,728.3,26,20
VID02866,2024-10-02,AI Tools #2866,Tech,9359,939,105,2.96,51.26,640.7,133,18
VID02867,2024-10-02,Beginner Guide #2867,Gaming,26063,2354,201,5.01,53.07,1748.4,437,12
VID02868,2024-10-02,Hidden Places #2868,Travel,54535,2986,73,6.73,50.38,1255.3,478,10
VID02869,2024-10-02,Learning Strategies #2869,Education,9035,271,84,4.9,79.2,1297.2,48,10
VID02870,2024-10-03,Productivity Tips #2870,Education,4417,197,11,7.54,66.25,231.5,83,21
VID02871,2024-10-03,Budget Lifestyle #2871,Lifestyle,31514,849,301,8.99,43.88,2698.9,440,23
VID02872,2024-10-03,Budget Meals #2872,Food,15052,1614,105,8.59,44.93,1477.5,74,10
VID02873,2024-10-03,Budget Planning #2873,Finance,8392,649,75,6.11,46.3,266.1,115,19
VID02874,2024-10-03,Morning Routine #2874,Lifestyle,21500,1381,225,8.62,67.24,532.2,321,19
VID02875,2024-10-03,Best Friend Problems #2875,Comedy,49307,4382,213,9.21,52.76,2284.7,372,14
VID02876,2024-10-03,Career Tips #2876,Education,12750,569,71,4.91,65.02,950.4,41,20
VID02877,2024-10-03,Cooking Tips #2877,Food,17603,1913,179,8.58,58.08,1519.1,256,10
VID02878,2024-10-03,Food Review #2878,Food,9071,985,42,7.52,55.55,663.0,121,10
VID02879,2024-10-03,Hidden Places #2879,Travel,2637,78,5,9.25,57.97,107.5,29,19
VID02880,2024-10-03,Daily Routine #2880,Lifestyle,9251,424,21,8.33,57.21,754.7,203,23
VID02881,2024-10-04,Expectation vs Reality #2881,Comedy,95828,7559,188,8.57,57.44,9104.2,296,14
VID02882,2024-10-04,Learning Strategies #2882,Education,22878,1527,279,9.03,72.54,3278.1,557,20
VID02883,2024-10-04,Interview Preparation #2883,Education,6942,310,38,10.77,73.94,311.7,126,20
VID02884,2024-10-04,Personal Finance Tips #2884,Finance,5287,325,24,6.62,61.22,509.8,96,20
VID02885,2024-10-04,Best Restaurants #2885,Food,33165,1928,274,6.56,49.65,1582.8,255,22
VID02886,2024-10-04,Career Tips #2886,Education,6338,691,87,5.72,52.69,194.9,33,22
VID02887,2024-10-04,Best Places to Visit #2887,Travel,12005,694,60,7.22,70.41,890.6,61,18
VID02888,2024-10-04,Budget Planning #2888,Finance,14395,1102,39,4.68,90.0,2372.0,292,14
VID02889,2024-10-04,Best Friend Problems #2889,Comedy,7385,528,72,7.25,70.99,482.2,27,18
VID02890,2024-10-04,Healthy Habits #2890,Lifestyle,3069,233,29,10.48,60.34,176.0,66,16
VID02891,2024-10-05,Money Mistakes #2891,Finance,6163,317,51,5.36,42.2,363.6,124,20
VID02892,2024-10-05,AI Tools #2892,Tech,8699,764,68,6.41,66.06,1362.9,182,12
VID02893,2024-10-05,Funny Family Moments #2893,Comedy,35072,3825,301,5.19,54.92,1100.2,642,20
VID02894,2024-10-05,Easy Recipes #2894,Food,82232,4358,1149,6.98,67.02,9710.7,304,12
VID02895,2024-10-05,Investment Basics #2895,Finance,3291,226,40,8.62,52.72,337.3,50,22
VID02896,2024-10-05,Budget Travel Tips #2896,Travel,6464,515,86,11.12,66.15,660.5,150,14
VID02897,2024-10-05,Healthy Habits #2897,Lifestyle,28987,1182,346,11.77,54.92,1090.0,94,10
VID02898,2024-10-05,Game Challenge #2898,Gaming,4537,192,7,6.31,56.54,102.2,32,22
VID02899,2024-10-05,Career Tips #2899,Education,4030,261,54,8.49,52.4,384.4,84,19
VID02900,2024-10-05,Travel Mistakes #2900,Travel,5514,492,27,11.74,52.5,359.7,89,12
VID02901,2024-10-06,Gaming Highlights #2901,Gaming,7818,415,108,10.25,59.11,478.3,23,20
VID02902,2024-10-06,Weekend Travel Vlog #2902,Travel,22950,2087,110,7.23,65.64,3030.1,474,18
VID02903,2024-10-06,Parents Be Like #2903,Comedy,11251,570,11,9.58,72.84,1000.8,123,18
VID02904,2024-10-06,Parents Be Like #2904,Comedy,12065,847,148,8.18,51.32,498.5,142,19
VID02905,2024-10-06,Career Tips #2905,Education,9606,544,101,9.04,77.46,635.9,84,18
VID02906,2024-10-06,Beginner Guide #2906,Gaming,5594,226,35,9.24,63.96,440.1,29,22
VID02907,2024-10-06,Budget Travel Tips #2907,Travel,5583,314,13,8.84,62.51,662.1,87,8
VID02908,2024-10-06,Easy Recipes #2908,Food,11928,323,29,3.82,50.25,418.0,232,16
VID02909,2024-10-06,Best Settings #2909,Gaming,8912,260,87,7.72,55.67,236.4,60,16
VID02910,2024-10-06,Investment Basics #2910,Finance,80767,8686,235,4.83,69.83,7215.4,882,12
VID02911,2024-10-06,Easy Recipes #2911,Food,22466,908,219,6.01,74.39,1417.9,189,18
VID02912,2024-10-07,Daily Routine #2912,Lifestyle,7070,275,27,6.88,52.62,820.0,98,19
VID02913,2024-10-07,Budget Travel Tips #2913,Travel,6546,509,88,5.77,52.76,473.6,136,12
VID02914,2024-10-07,Travel Guide #2914,Travel,27707,2988,31,6.92,55.54,2900.6,373,20
VID02915,2024-10-07,Best Friend Problems #2915,Comedy,7810,311,27,5.24,59.13,389.3,121,12
VID02916,2024-10-07,Daily Routine #2916,Lifestyle,3071,85,16,6.78,68.62,190.9,71,20
VID02917,2024-10-07,AI Tools #2917,Tech,26178,2607,131,9.29,67.25,1673.1,316,20
VID02918,2024-10-07,Office Comedy #2918,Comedy,10028,684,61,11.24,63.74,338.5,45,19
VID02919,2024-10-07,Daily Routine #2919,Lifestyle,33327,3175,460,6.36,54.17,3078.9,292,22
VID02920,2024-10-07,Easy Recipes #2920,Food,5582,567,6,9.81,62.87,358.2,108,18
VID02921,2024-10-07,Best Settings #2921,Gaming,12635,522,153,9.26,53.12,977.5,146,16
VID02922,2024-10-08,Useful Tech Tips #2922,Tech,21197,1179,52,6.12,47.21,854.7,373,6
VID02923,2024-10-08,Gaming Tips #2923,Gaming,24853,944,166,8.03,63.82,1344.0,105,14
VID02924,2024-10-08,Investment Basics #2924,Finance,1533,115,2,12.27,67.36,184.1,27,18
VID02925,2024-10-08,Laptop Buying Guide #2925,Tech,9721,812,29,10.33,62.05,410.9,171,20
VID02926,2024-10-08,Top Games #2926,Gaming,37423,1127,164,5.73,70.6,6160.6,647,18
VID02927,2024-10-08,Office Comedy #2927,Comedy,44953,1503,397,9.55,67.45,3472.7,563,19
VID02928,2024-10-08,Money Mistakes #2928,Finance,5167,160,43,10.1,61.15,463.4,57,14
VID02929,2024-10-08,Day In My Life #2929,Lifestyle,27440,2267,312,5.56,61.98,822.7,497,23
VID02930,2024-10-08,Best Restaurants #2930,Food,7227,189,70,8.84,60.1,701.0,48,18
VID02931,2024-10-08,Parents Be Like #2931,Comedy,13611,1269,106,10.87,37.2,939.2,193,20
VID02932,2024-10-08,Top Games #2932,Gaming,9964,475,117,10.77,53.71,264.9,89,8
VID02933,2024-10-09,Learning Strategies #2933,Education,43635,4157,586,7.15,57.09,1672.8,284,23
VID02934,2024-10-09,Travel Guide #2934,Travel,8906,905,64,7.26,49.92,963.6,140,8
VID02935,2024-10-09,Day In My Life #2935,Lifestyle,1373,91,9,9.79,60.89,31.9,17,6
VID02936,2024-10-09,Parents Be Like #2936,Comedy,5188,214,67,9.46,58.91,367.0,63,8
VID02937,2024-10-09,Phone Features You Missed #2937,Tech,2820,306,16,9.0,74.08,238.4,23,22
VID02938,2024-10-09,Hidden Places #2938,Travel,8655,292,15,10.25,64.67,415.8,26,21
VID02939,2024-10-09,Budget Lifestyle #2939,Lifestyle,31001,1421,98,7.03,63.86,2610.2,566,14
VID02940,2024-10-09,Best Apps #2940,Tech,126513,12282,1022,6.71,72.49,4267.8,1091,20
VID02941,2024-10-09,Weekend Travel Vlog #2941,Travel,47902,4479,299,4.35,77.1,5641.5,1047,14
VID02942,2024-10-09,Cooking Tips #2942,Food,2441,99,33,4.4,61.01,280.1,23,18
VID02943,2024-10-10,Office Comedy #2943,Comedy,24231,622,321,8.8,76.95,1780.6,306,14
VID02944,2024-10-10,Laptop Buying Guide #2944,Tech,48846,3997,437,9.62,60.11,1408.6,212,19
VID02945,2024-10-10,Morning Routine #2945,Lifestyle,6570,298,25,5.45,63.26,318.4,97,18
VID02946,2024-10-10,Parents Be Like #2946,Comedy,6965,317,10,10.41,52.96,516.0,57,18
VID02947,2024-10-10,Day In My Life #2947,Lifestyle,10934,766,84,8.91,59.71,1094.9,198,18
VID02948,2024-10-10,Healthy Habits #2948,Lifestyle,8339,556,82,6.45,58.3,491.0,139,20
VID02949,2024-10-10,Hidden Places #2949,Travel,24088,1373,141,5.17,52.06,1145.9,150,21
VID02950,2024-10-10,Productivity Tips #2950,Education,18242,1223,39,10.92,38.72,1008.6,365,22
VID02951,2024-10-10,Best Places to Visit #2951,Travel,7731,261,106,8.61,85.55,808.6,34,8
VID02952,2024-10-10,Funny Family Moments #2952,Comedy,27150,1736,164,8.88,64.32,1443.7,351,20
VID02953,2024-10-11,Career Tips #2953,Education,7230,367,71,7.08,64.95,433.0,39,14
VID02954,2024-10-11,Best Settings #2954,Gaming,26124,1449,38,5.74,47.0,1228.8,256,20
VID02955,2024-10-11,AI Tools #2955,Tech,6052,411,10,10.19,74.41,575.8,138,20
VID02956,2024-10-11,Expectation vs Reality #2956,Comedy,3443,288,44,3.79,40.81,297.8,58,20
VID02957,2024-10-11,Best Apps #2957,Tech,6749,415,89,7.97,48.57,429.2,44,22
VID02958,2024-10-11,Saving Money #2958,Finance,2298,204,19,8.19,79.91,152.5,51,18
VID02959,2024-10-11,Budget Meals #2959,Food,3965,121,41,5.87,69.92,176.8,63,18
VID02960,2024-10-11,Office Comedy #2960,Comedy,20308,1719,16,11.6,50.86,867.7,64,10
VID02961,2024-10-11,Best Friend Problems #2961,Comedy,30337,2144,233,8.15,48.39,1853.0,229,10
VID02962,2024-10-11,Best Friend Problems #2962,Comedy,49222,2474,466,6.16,41.11,1192.7,1005,21
VID02963,2024-10-11,Tech Hacks #2963,Tech,1223,126,12,4.6,62.16,39.1,12,18
VID02964,2024-10-12,AI Tools #2964,Tech,4774,177,63,4.55,53.02,316.1,104,20
VID02965,2024-10-12,Interview Preparation #2965,Education,3289,256,25,7.95,66.79,150.4,45,18
VID02966,2024-10-12,Street Food Tour #2966,Food,9837,391,127,11.36,79.68,1884.7,64,8
VID02967,2024-10-12,Hidden Places #2967,Travel,5536,604,11,10.31,52.7,499.4,36,22
VID02968,2024-10-12,Credit Score Tips #2968,Finance,18097,902,133,4.51,46.76,1377.6,153,16
VID02969,2024-10-12,Food Review #2969,Food,7128,301,11,7.79,41.46,592.0,47,18
VID02970,2024-10-12,Best Friend Problems #2970,Comedy,9457,986,119,6.62,72.4,802.8,65,12
VID02971,2024-10-12,Exam Preparation Guide #2971,Education,25590,1212,302,9.4,53.6,1616.4,454,22
VID02972,2024-10-12,Weekend Travel Vlog #2972,Travel,18525,1036,114,4.1,53.07,1389.9,270,22
VID02973,2024-10-12,Food Review #2973,Food,10117,603,19,10.86,65.53,968.1,223,20
VID02974,2024-10-13,Weekend Vlog #2974,Lifestyle,5734,343,65,4.15,61.76,308.9,54,16
VID02975,2024-10-13,Top Games #2975,Gaming,4623,404,36,7.45,45.6,310.6,62,12
VID02976,2024-10-13,Learning Strategies #2976,Education,7339,410,93,5.48,61.63,248.7,115,20
VID02977,2024-10-13,Cooking Tips #2977,Food,5367,228,38,7.08,60.91,193.5,97,6
VID02978,2024-10-13,Office Comedy #2978,Comedy,4362,386,11,8.2,87.83,236.2,104,21
VID02979,2024-10-13,Best Friend Problems #2979,Comedy,18912,1693,189,5.59,70.05,2065.6,129,19
VID02980,2024-10-13,Gaming Highlights #2980,Gaming,27068,2828,132,4.69,82.38,3264.9,232,20
VID02981,2024-10-13,Beginner Guide #2981,Gaming,3161,102,22,3.07,53.91,262.0,42,8
VID02982,2024-10-13,Money Mistakes #2982,Finance,10923,1171,82,6.47,48.82,237.7,169,12
VID02983,2024-10-13,Interview Preparation #2983,Education,11786,706,12,5.47,73.46,1186.0,85,6
VID02984,2024-10-13,Learning Strategies #2984,Education,17419,1464,124,7.22,38.3,1387.5,356,21
VID02985,2024-10-14,Productivity Tips #2985,Education,19490,2142,64,7.32,52.18,1460.7,386,16
VID02986,2024-10-14,Interview Preparation #2986,Education,8007,308,34,6.75,56.61,460.0,44,18
VID02987,2024-10-14,Cooking Tips #2987,Food,11155,501,64,6.32,69.46,673.3,105,21
VID02988,2024-10-14,Best Restaurants #2988,Food,16094,1457,222,6.87,64.81,1394.8,158,19
VID02989,2024-10-14,Parents Be Like #2989,Comedy,64258,4658,153,9.36,63.66,5259.1,335,20
VID02990,2024-10-14,Money Mistakes #2990,Finance,21635,1419,20,7.18,71.36,1323.6,433,21
VID02991,2024-10-14,Day In My Life #2991,Lifestyle,5634,153,42,7.33,60.12,587.4,73,18
VID02992,2024-10-14,Daily Routine #2992,Lifestyle,5165,348,39,9.46,60.49,391.8,39,14
VID02993,2024-10-14,Tech Hacks #2993,Tech,5916,597,27,7.63,59.31,414.5,64,20
VID02994,2024-10-14,Learning Strategies #2994,Education,12962,925,168,10.24,61.36,480.9,206,6
VID02995,2024-10-15,Parents Be Like #2995,Comedy,14284,788,168,6.95,47.88,556.0,161,20
VID02996,2024-10-15,Budget Meals #2996,Food,3257,208,29,8.07,58.71,94.7,38,18
VID02997,2024-10-15,Best Apps #2997,Tech,12971,1344,115,9.01,60.89,850.7,248,12
VID02998,2024-10-15,Learning Strategies #2998,Education,12827,1067,88,3.32,52.19,1270.8,189,19
VID02999,2024-10-15,Travel Mistakes #2999,Travel,33412,1213,215,12.84,61.33,3243.1,163,23
VID03000,2024-10-15,Best Apps #3000,Tech,1810,190,9,8.95,70.95,122.2,33,14
VID03001,2024-10-15,Game Challenge #3001,Gaming,34996,3326,465,4.51,62.99,1985.9,415,19
VID03002,2024-10-15,Day In My Life #3002,Lifestyle,24049,2232,78,2.89,71.32,828.5,199,21
VID03003,2024-10-15,AI Tools #3003,Tech,23784,2183,224,6.25,72.15,2357.0,279,22
VID03004,2024-10-15,Budget Planning #3004,Finance,10934,882,143,6.73,59.72,765.3,211,20
VID03005,2024-10-16,Office Comedy #3005,Comedy,4360,329,43,10.1,57.1,355.7,57,18
VID03006,2024-10-16,Learning Strategies #3006,Education,42613,4678,420,7.18,55.4,4693.1,946,12
VID03007,2024-10-16,Interview Preparation #3007,Education,14253,537,80,8.77,48.73,1208.0,237,18
VID03008,2024-10-16,Study Tips That Work #3008,Education,16128,1440,25,7.95,60.41,931.3,231,21
VID03009,2024-10-16,Credit Score Tips #3009,Finance,8719,481,32,12.52,69.24,321.9,89,8
VID03010,2024-10-16,AI Tools #3010,Tech,37006,2601,129,10.26,71.01,2514.5,509,21
VID03011,2024-10-16,Tech Hacks #3011,Tech,46234,3732,180,5.43,80.97,3541.5,746,19
VID03012,2024-10-16,Interview Preparation #3012,Education,6372,422,32,11.52,45.85,667.3,113,21
VID03013,2024-10-16,Interview Preparation #3013,Education,7654,638,55,3.93,56.51,777.8,125,21
VID03014,2024-10-16,Top Games #3014,Gaming,28852,2966,85,11.79,58.38,2880.6,382,19
VID03015,2024-10-16,Expectation vs Reality #3015,Comedy,8688,307,62,4.55,73.42,1003.7,161,22
VID03016,2024-10-17,Budget Lifestyle #3016,Lifestyle,3737,179,3,4.15,44.53,237.5,53,21
VID03017,2024-10-17,Expectation vs Reality #3017,Comedy,12899,1028,125,9.11,62.59,1230.1,101,19
VID03018,2024-10-17,Healthy Habits #3018,Lifestyle,17846,1573,71,3.81,44.98,401.0,285,8
VID03019,2024-10-17,Healthy Habits #3019,Lifestyle,7659,387,50,7.01,67.79,364.5,121,10
VID03020,2024-10-17,Easy Recipes #3020,Food,9632,704,62,6.75,60.25,630.8,185,20
VID03021,2024-10-17,Office Comedy #3021,Comedy,19718,1268,251,10.14,56.59,1675.0,409,18
VID03022,2024-10-17,Morning Routine #3022,Lifestyle,10298,532,89,6.97,76.92,480.1,46,12
VID03023,2024-10-17,Expectation vs Reality #3023,Comedy,143886,5991,506,8.83,50.94,9975.7,1541,20
VID03024,2024-10-17,Productivity Tips #3024,Education,6994,345,7,8.2,65.37,584.5,119,16
VID03025,2024-10-17,Parents Be Like #3025,Comedy,12162,1042,115,8.03,61.17,450.6,105,14
VID03026,2024-10-18,Street Food Tour #3026,Food,41153,2971,137,8.19,67.01,3615.3,193,10
VID03027,2024-10-18,Exam Preparation Guide #3027,Education,4366,140,26,9.04,66.44,388.8,38,10
VID03028,2024-10-18,Beginner Guide #3028,Gaming,17223,900,110,6.47,56.5,2197.2,48,21
VID03029,2024-10-18,Top Games #3029,Gaming,11665,1115,139,7.09,58.1,491.7,229,19
VID03030,2024-10-18,Game Challenge #3030,Gaming,164754,14069,221,5.31,63.07,12846.8,3567,14
VID03031,2024-10-18,Learning Strategies #3031,Education,15866,1303,94,8.65,47.93,922.5,99,21
VID03032,2024-10-18,Parents Be Like #3032,Comedy,3043,289,26,4.8,45.11,53.5,36,21
VID03033,2024-10-18,Gaming Highlights #3033,Gaming,5812,456,57,7.23,64.43,590.2,134,19
VID03034,2024-10-18,Relatable College Life #3034,Comedy,5884,246,8,4.38,67.9,632.5,80,10
VID03035,2024-10-18,Investment Basics #3035,Finance,6021,188,39,11.37,56.91,290.2,61,18
VID03036,2024-10-18,Interview Preparation #3036,Education,59253,3021,289,9.11,60.18,4092.8,794,14
VID03037,2024-10-19,Morning Routine #3037,Lifestyle,33147,1014,173,9.67,52.62,806.8,634,22
VID03038,2024-10-19,Laptop Buying Guide #3038,Tech,9939,377,116,8.49,80.52,1019.8,214,21
VID03039,2024-10-19,Street Food Tour #3039,Food,8791,655,113,6.78,82.67,995.0,57,23
VID03040,2024-10-19,Phone Features You Missed #3040,Tech,28368,2498,131,5.74,53.86,2161.6,336,8
VID03041,2024-10-19,Gaming Highlights #3041,Gaming,52953,3490,640,5.79,70.08,5345.6,340,19
VID03042,2024-10-19,Gaming Highlights #3042,Gaming,18415,1825,91,5.57,66.11,520.0,80,19
VID03043,2024-10-19,AI Tools #3043,Tech,22360,1051,247,4.64,55.03,790.6,397,22
VID03044,2024-10-19,Budget Travel Tips #3044,Travel,4915,248,12,2.92,68.19,754.1,24,20
VID03045,2024-10-19,Day In My Life #3045,Lifestyle,43562,3582,493,7.6,61.42,4970.7,188,21
VID03046,2024-10-19,Weekend Vlog #3046,Lifestyle,9107,345,59,8.97,59.76,610.8,124,21
VID03047,2024-10-20,Best Apps #3047,Tech,7185,408,23,6.96,89.67,1366.5,109,14
VID03048,2024-10-20,Healthy Habits #3048,Lifestyle,12874,1053,74,8.5,65.04,636.5,142,10
VID03049,2024-10-20,Budget Lifestyle #3049,Lifestyle,9093,550,64,8.62,32.76,352.6,33,20
VID03050,2024-10-20,Weekend Travel Vlog #3050,Travel,4430,334,59,9.29,55.22,396.2,24,20
VID03051,2024-10-20,AI Tools #3051,Tech,9772,688,19,6.54,63.83,853.3,64,19
VID03052,2024-10-20,Best Friend Problems #3052,Comedy,6571,274,88,9.35,72.88,219.3,59,14
VID03053,2024-10-20,Best Apps #3053,Tech,8654,873,111,5.74,50.09,737.2,139,10
VID03054,2024-10-20,Useful Tech Tips #3054,Tech,6578,414,70,8.17,45.32,280.5,26,14
VID03055,2024-10-20,Travel Mistakes #3055,Travel,53017,2323,510,7.65,58.2,3181.8,1202,19
VID03056,2024-10-20,Budget Planning #3056,Finance,41218,3941,193,5.85,55.4,3061.0,928,16
VID03057,2024-10-21,Office Comedy #3057,Comedy,25325,2093,257,5.62,52.06,780.4,119,22
VID03058,2024-10-21,Budget Meals #3058,Food,17659,1501,50,10.83,62.62,1386.8,339,19
VID03059,2024-10-21,Expectation vs Reality #3059,Comedy,13087,556,92,9.51,65.15,1691.4,170,14
VID03060,2024-10-21,Career Tips #3060,Education,25695,878,260,9.84,78.95,3744.4,471,16
VID03061,2024-10-21,Interview Preparation #3061,Education,5867,638,35,9.37,84.11,1060.7,38,16
VID03062,2024-10-21,Funny Family Moments #3062,Comedy,30369,3280,62,9.06,60.81,3312.8,515,12
VID03063,2024-10-21,Morning Routine #3063,Lifestyle,3021,190,28,11.02,40.88,102.0,40,12
VID03064,2024-10-21,Interview Preparation #3064,Education,7673,405,47,7.39,56.58,703.3,161,12
VID03065,2024-10-21,Daily Routine #3065,Lifestyle,19313,2100,238,7.93,65.27,1343.9,295,21
VID03066,2024-10-21,Career Tips #3066,Education,6641,302,87,8.12,59.03,144.4,25,8
VID03067,2024-10-21,Parents Be Like #3067,Comedy,25142,885,294,5.92,67.58,3030.1,573,14
VID03068,2024-10-22,Easy Recipes #3068,Food,23191,1766,224,7.5,41.46,1703.5,88,8
VID03069,2024-10-22,Best Apps #3069,Tech,11809,1180,149,7.51,76.33,1589.2,285,8
VID03070,2024-10-22,Funny Family Moments #3070,Comedy,21611,2182,56,7.7,69.76,1497.5,476,19
VID03071,2024-10-22,Budget Travel Tips #3071,Travel,4917,155,19,7.29,64.03,165.8,103,18
VID03072,2024-10-22,Budget Lifestyle #3072,Lifestyle,38044,2313,58,8.92,55.32,4335.3,192,20
VID03073,2024-10-22,Expectation vs Reality #3073,Comedy,12288,1215,68,9.34,55.15,866.8,184,20
VID03074,2024-10-22,Personal Finance Tips #3074,Finance,20047,1432,159,4.28,59.96,1961.6,376,21
VID03075,2024-10-22,Interview Preparation #3075,Education,2598,264,23,7.47,71.52,319.4,11,21
VID03076,2024-10-22,Productivity Tips #3076,Education,1808,71,11,7.58,82.81,151.4,27,20
VID03077,2024-10-22,Best Places to Visit #3077,Travel,11614,509,84,6.81,60.55,1110.2,75,20
VID03078,2024-10-23,Tech Hacks #3078,Tech,8244,715,12,5.19,68.87,319.1,53,16
VID03079,2024-10-23,Gaming Tips #3079,Gaming,13148,971,178,6.99,69.37,1046.4,71,19
VID03080,2024-10-23,Food Review #3080,Food,86428,9062,548,4.16,64.88,8427.6,876,19
VID03081,2024-10-23,Funny Family Moments #3081,Comedy,4276,400,28,7.46,61.96,329.8,55,18
VID03082,2024-10-23,Learning Strategies #3082,Education,18980,1524,137,6.59,56.47,1552.1,357,18
VID03083,2024-10-23,Phone Features You Missed #3083,Tech,2902,300,15,4.16,58.01,145.7,29,18
VID03084,2024-10-23,Best Restaurants #3084,Food,5361,222,73,7.18,56.33,453.8,41,16
VID03085,2024-10-23,Money Mistakes #3085,Finance,6185,437,77,7.99,70.44,816.9,32,18
VID03086,2024-10-23,Productivity Tips #3086,Education,64866,1744,317,6.29,62.62,2927.9,775,21
VID03087,2024-10-23,Budget Lifestyle #3087,Lifestyle,23541,1196,100,5.76,51.98,1120.7,357,10
VID03088,2024-10-23,Best Friend Problems #3088,Comedy,22503,941,24,7.19,57.73,1131.3,262,21
VID03089,2024-10-24,Morning Routine #3089,Lifestyle,17212,1766,201,9.67,65.55,1682.8,144,21
VID03090,2024-10-24,Daily Routine #3090,Lifestyle,11130,538,138,4.29,53.01,763.2,115,14
VID03091,2024-10-24,Budget Lifestyle #3091,Lifestyle,6898,698,10,6.44,42.72,520.3,85,19
VID03092,2024-10-24,Cooking Tips #3092,Food,1944,118,21,3.62,70.8,247.4,13,20
VID03093,2024-10-24,Budget Meals #3093,Food,8794,229,60,11.31,70.75,1204.5,26,14
VID03094,2024-10-24,Career Tips #3094,Education,1061,32,5,8.31,79.72,93.3,10,14
VID03095,2024-10-24,Relatable College Life #3095,Comedy,12744,630,112,12.5,67.45,1218.4,223,14
VID03096,2024-10-24,Exam Preparation Guide #3096,Education,1022,52,9,9.88,54.76,66.8,6,18
VID03097,2024-10-24,Phone Features You Missed #3097,Tech,8275,560,43,8.14,59.63,1179.0,33,10
VID03098,2024-10-24,Easy Recipes #3098,Food,3214,106,24,7.72,60.92,386.1,16,23
VID03099,2024-10-25,Phone Features You Missed #3099,Tech,6640,566,44,12.45,44.33,435.8,42,23
VID03100,2024-10-25,Budget Lifestyle #3100,Lifestyle,11011,424,133,9.86,63.91,967.2,129,14
VID03101,2024-10-25,Useful Tech Tips #3101,Tech,10360,908,41,10.2,70.93,893.3,107,16
VID03102,2024-10-25,Travel Guide #3102,Travel,8870,423,22,10.67,44.76,153.4,183,19
VID03103,2024-10-25,Funny Family Moments #3103,Comedy,8594,798,28,8.1,61.7,231.8,45,18
VID03104,2024-10-25,Investment Basics #3104,Finance,1683,102,10,2.92,72.69,262.3,40,10
VID03105,2024-10-25,Office Comedy #3105,Comedy,8792,517,29,8.2,49.16,342.1,185,20
VID03106,2024-10-25,Interview Preparation #3106,Education,4640,169,54,8.35,59.77,507.0,30,16
VID03107,2024-10-25,Travel Guide #3107,Travel,39062,977,538,5.33,60.87,5694.2,418,14
VID03108,2024-10-25,Parents Be Like #3108,Comedy,12817,496,62,6.44,45.61,428.5,166,20
VID03109,2024-10-26,Cooking Tips #3109,Food,19829,932,150,7.7,90.0,964.3,154,19
VID03110,2024-10-26,Funny Family Moments #3110,Comedy,31031,2518,378,1.5,60.12,655.0,254,22
VID03111,2024-10-26,Easy Recipes #3111,Food,16158,1530,72,11.6,51.23,972.9,352,19
VID03112,2024-10-26,Daily Routine #3112,Lifestyle,11992,1267,118,7.47,58.17,1444.9,71,21
VID03113,2024-10-26,Relatable College Life #3113,Comedy,29673,1868,242,10.46,49.95,1534.0,482,14
VID03114,2024-10-26,Weekend Travel Vlog #3114,Travel,6803,454,91,8.8,58.76,388.7,79,21
VID03115,2024-10-26,AI Tools #3115,Tech,17940,1209,127,7.48,67.04,1007.4,85,22
VID03116,2024-10-26,Best Apps #3116,Tech,4918,200,14,9.6,67.66,151.1,110,12
VID03117,2024-10-26,Budget Meals #3117,Food,7039,520,10,5.84,58.42,572.5,118,20
VID03118,2024-10-26,Expectation vs Reality #3118,Comedy,8536,234,42,8.61,38.96,552.7,53,18
VID03119,2024-10-26,Best Settings #3119,Gaming,8745,952,65,7.33,34.58,473.6,78,6
VID03120,2024-10-27,Productivity Tips #3120,Education,21421,1774,121,13.29,65.21,1160.5,231,21
VID03121,2024-10-27,Travel Mistakes #3121,Travel,3035,161,18,9.94,72.03,189.5,46,21
VID03122,2024-10-27,Productivity Tips #3122,Education,14308,1085,161,5.01,48.51,489.6,99,22
VID03123,2024-10-27,Food Review #3123,Food,9940,260,21,9.96,71.91,558.6,206,20
VID03124,2024-10-27,Saving Money #3124,Finance,7713,668,107,6.25,66.25,424.3,32,14
VID03125,2024-10-27,Hidden Places #3125,Travel,15897,1604,24,7.99,62.57,2187.3,209,14
VID03126,2024-10-27,Travel Guide #3126,Travel,65192,4900,669,10.28,68.39,4509.2,1325,20
VID03127,2024-10-27,Daily Routine #3127,Lifestyle,48477,2448,215,11.08,65.6,2514.9,203,21
VID03128,2024-10-27,Weekend Travel Vlog #3128,Travel,77409,7582,990,7.25,65.3,5093.5,885,14
VID03129,2024-10-27,Office Comedy #3129,Comedy,4997,465,30,10.87,40.92,297.9,31,12
VID03130,2024-10-28,Personal Finance Tips #3130,Finance,6993,731,35,7.01,52.46,191.8,21,12
VID03131,2024-10-28,Hidden Places #3131,Travel,7930,760,75,6.94,49.98,437.2,42,14
VID03132,2024-10-28,Weekend Travel Vlog #3132,Travel,1578,138,14,9.79,68.48,181.3,6,16
VID03133,2024-10-28,Travel Guide #3133,Travel,11639,793,95,8.73,52.43,1204.1,131,14
VID03134,2024-10-28,Morning Routine #3134,Lifestyle,26890,2689,43,9.76,72.23,2875.1,560,20
VID03135,2024-10-28,Parents Be Like #3135,Comedy,1775,171,20,7.72,66.99,183.6,16,21
VID03136,2024-10-28,Best Settings #3136,Gaming,6450,580,88,5.6,73.37,343.1,63,23
VID03137,2024-10-28,Expectation vs Reality #3137,Comedy,12645,863,160,10.47,64.56,799.6,114,12
VID03138,2024-10-28,Weekend Vlog #3138,Lifestyle,58042,3906,165,11.49,70.49,4960.2,554,21
VID03139,2024-10-28,Exam Preparation Guide #3139,Education,3498,298,45,6.14,46.88,238.8,69,16
VID03140,2024-10-29,Funny Family Moments #3140,Comedy,44730,2855,400,10.14,69.96,3449.8,463,18
VID03141,2024-10-29,Easy Recipes #3141,Food,4800,499,52,9.51,61.54,380.2,40,20
VID03142,2024-10-29,Best Apps #3142,Tech,20115,2134,194,4.55,29.03,632.2,53,16
VID03143,2024-10-29,Best Settings #3143,Gaming,23373,838,76,7.43,53.41,1668.8,205,12
VID03144,2024-10-29,Budget Travel Tips #3144,Travel,4331,368,51,5.18,53.75,480.1,88,23
VID03145,2024-10-29,Relatable College Life #3145,Comedy,3817,238,5,7.86,47.59,115.1,73,8
VID03146,2024-10-29,Investment Basics #3146,Finance,16959,1689,174,10.06,81.73,2214.3,348,19
VID03147,2024-10-29,Learning Strategies #3147,Education,6435,172,22,4.78,56.67,379.5,82,19
VID03148,2024-10-29,Healthy Habits #3148,Lifestyle,14636,1093,160,8.85,67.25,1379.2,159,22
VID03149,2024-10-29,Weekend Travel Vlog #3149,Travel,5545,158,36,6.21,69.74,739.4,31,22
VID03150,2024-10-29,Gaming Highlights #3150,Gaming,12114,1315,22,8.96,52.27,588.7,163,19
VID03151,2024-10-30,Relatable College Life #3151,Comedy,14278,1375,60,6.38,57.48,424.4,201,21
VID03152,2024-10-30,Travel Guide #3152,Travel,9752,922,19,9.38,69.08,669.3,111,14
VID03153,2024-10-30,Weekend Vlog #3153,Lifestyle,43344,3373,293,8.94,54.51,4508.6,406,16
VID03154,2024-10-30,Best Settings #3154,Gaming,987,53,5,7.5,71.7,106.5,6,20
VID03155,2024-10-30,Parents Be Like #3155,Comedy,5239,550,34,5.48,46.92,222.6,46,20
VID03156,2024-10-30,Cooking Tips #3156,Food,8052,705,35,8.44,61.65,419.9,45,8
VID03157,2024-10-30,Travel Mistakes #3157,Travel,55980,4130,221,7.93,68.44,5252.5,1005,19
VID03158,2024-10-30,Relatable College Life #3158,Comedy,4229,462,20,7.75,57.2,189.2,49,19
VID03159,2024-10-30,Best Friend Problems #3159,Comedy,19035,879,264,10.11,61.79,889.7,157,20
VID03160,2024-10-30,Best Restaurants #3160,Food,12254,983,110,6.97,53.12,368.5,121,22
VID03161,2024-10-31,Morning Routine #3161,Lifestyle,22186,1793,152,6.83,60.48,2176.8,157,19
VID03162,2024-10-31,AI Tools #3162,Tech,23232,1095,229,7.85,51.46,2119.0,65,8
VID03163,2024-10-31,Study Tips That Work #3163,Education,14212,1229,98,6.22,73.89,1133.7,153,20
VID03164,2024-10-31,Investment Basics #3164,Finance,7749,348,88,8.68,72.4,578.7,166,20
VID03165,2024-10-31,Game Challenge #3165,Gaming,15311,1060,64,6.73,73.88,1795.1,215,21
VID03166,2024-10-31,Game Challenge #3166,Gaming,28484,1113,305,4.63,67.77,2569.2,251,6
VID03167,2024-10-31,Personal Finance Tips #3167,Finance,24880,2093,166,8.5,60.54,2283.8,196,8
VID03168,2024-10-31,Budget Travel Tips #3168,Travel,6746,697,62,7.15,64.45,261.0,103,22
VID03169,2024-10-31,Budget Lifestyle #3169,Lifestyle,14826,995,136,9.59,59.85,715.5,79,12
VID03170,2024-10-31,Investment Basics #3170,Finance,4572,345,62,7.24,88.76,540.7,46,19
VID03171,2024-10-31,Expectation vs Reality #3171,Comedy,34694,3790,234,4.69,55.5,1084.7,223,19
VID03172,2024-11-01,Phone Features You Missed #3172,Tech,2318,178,7,3.65,72.9,168.1,12,12
VID03173,2024-11-01,Parents Be Like #3173,Comedy,41221,3134,167,8.8,73.07,4030.1,986,18
VID03174,2024-11-01,Productivity Tips #3174,Education,10077,669,138,9.13,57.44,1081.8,37,18
VID03175,2024-11-01,Saving Money #3175,Finance,48435,4620,46,10.25,68.34,5561.6,258,19
VID03176,2024-11-01,Career Tips #3176,Education,18553,615,154,11.55,63.46,1727.3,388,16
VID03177,2024-11-01,Weekend Vlog #3177,Lifestyle,5747,630,30,8.58,71.98,249.3,95,14
VID03178,2024-11-01,Budget Travel Tips #3178,Travel,6707,368,57,8.09,53.28,394.8,68,10
VID03179,2024-11-01,Expectation vs Reality #3179,Comedy,16906,1223,108,7.39,64.2,990.5,283,22
VID03180,2024-11-01,Weekend Travel Vlog #3180,Travel,48642,3303,411,8.33,61.78,3896.9,698,21
VID03181,2024-11-01,Relatable College Life #3181,Comedy,9425,705,105,6.48,52.63,783.5,103,19
VID03182,2024-11-02,Interview Preparation #3182,Education,2675,152,35,8.92,48.97,125.1,30,22
VID03183,2024-11-02,Top Games #3183,Gaming,5603,333,47,10.59,68.21,223.7,21,21
VID03184,2024-11-02,Best Settings #3184,Gaming,29300,2702,84,2.98,55.0,1460.2,523,18
VID03185,2024-11-02,Relatable College Life #3185,Comedy,4884,389,52,8.31,49.35,240.1,29,18
VID03186,2024-11-02,Budget Planning #3186,Finance,5221,323,8,4.13,65.02,237.7,93,16
VID03187,2024-11-02,Weekend Vlog #3187,Lifestyle,1396,67,11,11.07,70.02,108.7,11,21
VID03188,2024-11-02,Budget Lifestyle #3188,Lifestyle,1019,41,11,9.34,63.12,40.4,9,19
VID03189,2024-11-02,Exam Preparation Guide #3189,Education,7250,605,101,7.18,73.81,832.6,87,18
VID03190,2024-11-02,Budget Lifestyle #3190,Lifestyle,17291,1872,111,8.55,44.85,764.5,297,20
VID03191,2024-11-02,Learning Strategies #3191,Education,9437,259,117,12.51,66.36,809.9,151,8
VID03192,2024-11-03,Best Friend Problems #3192,Comedy,10280,768,53,8.03,54.96,827.4,87,18
VID03193,2024-11-03,Gaming Tips #3193,Gaming,34651,2335,282,6.69,63.88,1036.2,253,16
VID03194,2024-11-03,Hidden Places #3194,Travel,7391,457,36,10.73,37.61,397.9,100,20
VID03195,2024-11-03,Funny Family Moments #3195,Comedy,6704,467,92,3.89,73.08,348.3,37,19
VID03196,2024-11-03,Learning Strategies #3196,Education,12093,677,101,11.32,69.25,1849.2,233,21
VID03197,2024-11-03,Saving Money #3197,Finance,9697,260,61,8.42,39.87,373.6,136,20
VID03198,2024-11-03,Money Mistakes #3198,Finance,1804,95,1,6.6,53.75,116.6,15,18
VID03199,2024-11-03,Travel Mistakes #3199,Travel,23316,970,184,7.21,56.5,929.4,71,19
VID03200,2024-11-03,Productivity Tips #3200,Education,26805,2398,292,4.91,48.98,2728.3,391,18
VID03201,2024-11-03,Game Challenge #3201,Gaming,24537,1891,79,5.33,49.31,719.5,200,22
VID03202,2024-11-03,Gaming Highlights #3202,Gaming,2045,190,12,5.25,55.8,247.6,31,18
VID03203,2024-11-04,Day In My Life #3203,Lifestyle,4814,169,25,10.28,45.34,125.7,58,10
VID03204,2024-11-04,Productivity Tips #3204,Education,3703,384,7,5.45,76.28,569.7,76,21
VID03205,2024-11-04,Laptop Buying Guide #3205,Tech,10248,666,74,5.96,59.95,755.9,203,19
VID03206,2024-11-04,Street Food Tour #3206,Food,45019,4649,570,7.35,41.73,3188.1,631,19
VID03207,2024-11-04,Best Apps #3207,Tech,12617,793,131,9.39,46.9,717.6,154,19
VID03208,2024-11-04,Exam Preparation Guide #3208,Education,6556,514,10,6.39,70.24,1124.9,55,19
VID03209,2024-11-04,Travel Guide #3209,Travel,6975,653,37,9.63,67.79,309.8,142,20
VID03210,2024-11-04,Budget Planning #3210,Finance,10247,985,110,6.25,51.8,472.5,42,18
VID03211,2024-11-04,Relatable College Life #3211,Comedy,7997,352,33,7.64,52.36,417.8,141,19
VID03212,2024-11-04,Credit Score Tips #3212,Finance,6977,424,65,4.07,70.0,619.4,158,19
VID03213,2024-11-05,Study Tips That Work #3213,Education,7944,202,106,8.26,59.18,455.8,172,23
VID03214,2024-11-05,Budget Planning #3214,Finance,5618,436,50,9.57,74.06,702.6,94,22
VID03215,2024-11-05,Healthy Habits #3215,Lifestyle,29568,2188,273,8.68,54.09,1242.7,400,10
VID03216,2024-11-05,Money Mistakes #3216,Finance,11590,754,67,10.34,54.24,969.7,223,14
VID03217,2024-11-05,Beginner Guide #3217,Gaming,8725,330,64,7.6,64.34,489.1,120,22
VID03218,2024-11-05,Healthy Habits #3218,Lifestyle,35898,3127,115,7.61,62.51,4074.0,405,19
VID03219,2024-11-05,Tech Hacks #3219,Tech,9314,952,36,8.0,76.94,826.3,189,16
VID03220,2024-11-05,Budget Travel Tips #3220,Travel,41884,1605,138,8.64,67.46,4839.5,482,20
VID03221,2024-11-05,Expectation vs Reality #3221,Comedy,10459,593,16,6.79,76.6,456.4,145,12
VID03222,2024-11-05,Weekend Vlog #3222,Lifestyle,6836,175,78,5.22,45.38,361.4,76,18
VID03223,2024-11-05,Game Challenge #3223,Gaming,2760,134,18,8.31,70.79,244.0,17,8
VID03224,2024-11-06,Daily Routine #3224,Lifestyle,22349,560,286,7.4,52.74,1060.7,242,6
VID03225,2024-11-06,Funny Family Moments #3225,Comedy,11871,562,143,7.31,70.23,852.3,206,10
VID03226,2024-11-06,Expectation vs Reality #3226,Comedy,3157,103,40,7.47,45.84,355.7,28,10
VID03227,2024-11-06,Office Comedy #3227,Comedy,3101,136,27,7.21,75.79,194.5,46,19
VID03228,2024-11-06,Laptop Buying Guide #3228,Tech,5209,275,64,10.07,64.08,204.5,51,16
VID03229,2024-11-06,Phone Features You Missed #3229,Tech,21990,1024,231,8.54,54.91,639.2,70,22
VID03230,2024-11-06,Healthy Habits #3230,Lifestyle,13091,1271,126,8.44,59.86,566.1,167,18
VID03231,2024-11-06,Office Comedy #3231,Comedy,12978,1425,30,9.78,61.64,1168.1,212,22
VID03232,2024-11-06,Relatable College Life #3232,Comedy,13698,701,54,8.18,63.24,592.1,166,21
VID03233,2024-11-06,Funny Family Moments #3233,Comedy,31189,824,98,10.38,57.42,1368.7,477,18
VID03234,2024-11-07,Best Friend Problems #3234,Comedy,5302,138,56,4.1,74.75,613.3,119,20
VID03235,2024-11-07,Productivity Tips #3235,Education,23077,1496,317,7.59,62.51,3297.0,130,20
VID03236,2024-11-07,Healthy Habits #3236,Lifestyle,2000,167,14,9.41,71.76,228.3,43,20
VID03237,2024-11-07,Day In My Life #3237,Lifestyle,500,35,1,7.2,54.23,15.5,3,21
VID03238,2024-11-07,Money Mistakes #3238,Finance,83447,8206,617,9.83,49.22,1759.9,262,14
VID03239,2024-11-07,Game Challenge #3239,Gaming,21153,2290,292,8.28,49.63,656.9,52,6
VID03240,2024-11-07,Relatable College Life #3240,Comedy,18239,586,252,7.61,74.55,2245.0,320,16
VID03241,2024-11-07,Budget Travel Tips #3241,Travel,18617,1102,239,7.37,47.64,974.6,88,16
VID03242,2024-11-07,Money Mistakes #3242,Finance,6485,380,48,10.56,69.02,235.0,47,22
VID03243,2024-11-07,Exam Preparation Guide #3243,Education,9723,991,84,10.08,65.12,828.6,212,16
VID03244,2024-11-08,Interview Preparation #3244,Education,3753,196,51,5.19,47.08,126.7,28,12
VID03245,2024-11-08,Learning Strategies #3245,Education,1590,166,3,8.87,67.79,102.9,37,12
VID03246,2024-11-08,Tech Hacks #3246,Tech,20836,1783,35,7.03,53.73,1286.1,311,12
VID03247,2024-11-08,Budget Meals #3247,Food,2196,223,19,7.79,65.75,112.0,31,20
VID03248,2024-11-08,Phone Features You Missed #3248,Tech,3063,193,24,14.27,49.44,92.6,38,19
VID03249,2024-11-08,Daily Routine #3249,Lifestyle,34334,1032,474,9.05,55.53,1208.5,664,22
VID03250,2024-11-08,Food Review #3250,Food,9251,314,50,6.4,66.24,805.7,30,23
VID03251,2024-11-08,Learning Strategies #3251,Education,2432,171,32,7.11,54.64,160.8,20,23
VID03252,2024-11-08,Best Restaurants #3252,Food,27579,1969,192,6.85,51.83,785.9,433,19
VID03253,2024-11-08,Budget Lifestyle #3253,Lifestyle,36062,1596,280,6.71,76.55,1768.3,731,19
VID03254,2024-11-08,Study Tips That Work #3254,Education,6330,540,56,7.71,67.82,211.7,141,23
VID03255,2024-11-09,Saving Money #3255,Finance,14554,631,196,7.05,69.7,1475.7,301,6
VID03256,2024-11-09,Weekend Travel Vlog #3256,Travel,5964,478,29,10.54,57.3,761.5,73,12
VID03257,2024-11-09,AI Tools #3257,Tech,9693,1022,112,7.62,74.07,648.4,109,20
VID03258,2024-11-09,Interview Preparation #3258,Education,10253,742,17,6.82,43.89,695.1,108,20
VID03259,2024-11-09,Gaming Highlights #3259,Gaming,39683,3976,449,8.61,54.42,2659.1,817,12
VID03260,2024-11-09,Travel Guide #3260,Travel,17999,475,71,7.93,48.89,895.7,239,16
VID03261,2024-11-09,Expectation vs Reality #3261,Comedy,31557,1943,315,7.68,61.87,1876.1,108,16
VID03262,2024-11-09,Best Places to Visit #3262,Travel,2711,139,15,9.42,77.6,470.9,20,16
VID03263,2024-11-09,Money Mistakes #3263,Finance,3074,330,33,7.86,63.03,186.4,25,12
VID03264,2024-11-09,Best Restaurants #3264,Food,7269,314,72,12.63,47.43,403.4,109,14
VID03265,2024-11-10,Saving Money #3265,Finance,15179,937,69,6.87,71.33,1176.2,272,10
VID03266,2024-11-10,Travel Guide #3266,Travel,24120,2064,66,10.53,51.0,1655.1,307,20
VID03267,2024-11-10,Morning Routine #3267,Lifestyle,3498,156,13,10.43,55.46,314.9,19,18
VID03268,2024-11-10,Day In My Life #3268,Lifestyle,6538,271,32,6.03,68.5,347.3,115,19
VID03269,2024-11-10,Healthy Habits #3269,Lifestyle,142163,14398,239,6.14,54.35,5757.4,2730,18
VID03270,2024-11-10,Investment Basics #3270,Finance,16270,946,195,8.88,57.29,431.9,147,14
VID03271,2024-11-10,Gaming Highlights #3271,Gaming,40926,4052,41,10.74,48.49,3118.1,892,20
VID03272,2024-11-10,Money Mistakes #3272,Finance,16436,413,111,7.79,63.48,672.8,70,20
VID03273,2024-11-10,Top Games #3273,Gaming,5004,548,8,7.28,62.95,433.2,101,10
VID03274,2024-11-10,Useful Tech Tips #3274,Tech,7994,655,52,10.91,65.92,638.3,170,19
VID03275,2024-11-10,Expectation vs Reality #3275,Comedy,1428,86,11,6.98,54.13,88.7,29,23
VID03276,2024-11-11,Top Games #3276,Gaming,16956,1320,150,7.27,88.14,2450.7,65,20
VID03277,2024-11-11,Morning Routine #3277,Lifestyle,1713,157,19,5.4,58.13,207.8,12,21
VID03278,2024-11-11,AI Tools #3278,Tech,40750,4086,455,6.56,57.94,4317.3,346,23
VID03279,2024-11-11,Office Comedy #3279,Comedy,14618,697,54,8.85,64.26,888.1,180,14
VID03280,2024-11-11,Gaming Highlights #3280,Gaming,32330,2867,122,6.61,73.36,2889.0,337,10
VID03281,2024-11-11,Weekend Travel Vlog #3281,Travel,61879,6448,598,9.04,60.22,5694.6,670,10
VID03282,2024-11-11,Best Restaurants #3282,Food,21114,1375,183,10.23,55.99,1247.2,196,18
VID03283,2024-11-11,Travel Guide #3283,Travel,97494,3047,100,8.32,82.49,9214.6,1827,12
VID03284,2024-11-11,Exam Preparation Guide #3284,Education,1559,68,4,5.68,59.1,129.0,9,19
VID03285,2024-11-11,Laptop Buying Guide #3285,Tech,24318,1920,296,6.93,48.55,2150.7,327,16
VID03286,2024-11-12,AI Tools #3286,Tech,16318,961,180,8.26,51.51,559.4,298,19
VID03287,2024-11-12,Relatable College Life #3287,Comedy,6006,320,54,5.63,55.55,187.7,72,10
VID03288,2024-11-12,Morning Routine #3288,Lifestyle,18301,1108,255,5.76,58.68,690.3,254,10
VID03289,2024-11-12,Budget Lifestyle #3289,Lifestyle,33689,2461,187,8.49,49.24,716.9,530,19
VID03290,2024-11-12,Best Settings #3290,Gaming,20553,1629,150,6.28,25.0,1086.4,63,20
VID03291,2024-11-12,Funny Family Moments #3291,Comedy,17047,943,175,7.93,62.7,1156.1,220,14
VID03292,2024-11-12,Travel Guide #3292,Travel,6534,580,74,7.75,50.15,591.5,39,18
VID03293,2024-11-12,Cooking Tips #3293,Food,12358,684,10,9.11,62.11,1047.0,77,18
VID03294,2024-11-12,Parents Be Like #3294,Comedy,12172,359,145,3.77,80.65,1746.3,180,21
VID03295,2024-11-12,Best Places to Visit #3295,Travel,157281,15583,1081,5.8,56.19,16372.2,2153,18
VID03296,2024-11-13,Travel Mistakes #3296,Travel,5049,161,62,2.77,55.99,353.9,110,23
VID03297,2024-11-13,Game Challenge #3297,Gaming,29285,970,222,10.99,65.58,2082.3,190,19
VID03298,2024-11-13,Funny Family Moments #3298,Comedy,4124,328,5,10.66,44.44,117.9,61,12
VID03299,2024-11-13,Interview Preparation #3299,Education,8356,536,73,5.95,67.77,860.7,33,20
VID03300,2024-11-13,Money Mistakes #3300,Finance,21295,1852,135,8.65,85.72,1170.8,268,22
VID03301,2024-11-13,Study Tips That Work #3301,Education,4250,216,33,8.73,84.18,622.7,89,23
VID03302,2024-11-13,Tech Hacks #3302,Tech,68280,6083,834,6.73,57.73,3641.8,1322,12
VID03303,2024-11-13,Personal Finance Tips #3303,Finance,10888,702,31,8.99,74.16,899.2,200,20
VID03304,2024-11-13,Budget Planning #3304,Finance,38445,1022,174,9.39,63.76,4824.5,637,21
VID03305,2024-11-13,Best Friend Problems #3305,Comedy,7523,785,52,5.12,62.44,187.5,155,20
VID03306,2024-11-13,Money Mistakes #3306,Finance,10770,758,27,7.58,53.37,712.3,45,20
VID03307,2024-11-14,Best Apps #3307,Tech,4319,156,27,7.81,62.71,317.1,21,21
VID03308,2024-11-14,Productivity Tips #3308,Education,1300,46,13,9.99,57.57,75.0,9,23
VID03309,2024-11-14,Budget Lifestyle #3309,Lifestyle,29444,2020,406,5.6,48.11,2310.4,458,18
VID03310,2024-11-14,Personal Finance Tips #3310,Finance,2219,80,5,8.26,60.49,87.1,32,20
VID03311,2024-11-14,AI Tools #3311,Tech,19305,1386,120,7.07,49.81,358.1,336,20
VID03312,2024-11-14,Expectation vs Reality #3312,Comedy,55837,1674,412,13.41,53.34,1167.5,1008,18
VID03313,2024-11-14,Weekend Travel Vlog #3313,Travel,40961,3706,554,11.62,79.38,1147.9,799,21
VID03314,2024-11-14,Day In My Life #3314,Lifestyle,63998,6412,449,2.62,44.61,5396.4,825,16
VID03315,2024-11-14,Best Friend Problems #3315,Comedy,8329,825,72,5.28,68.6,471.1,90,18
VID03316,2024-11-14,Study Tips That Work #3316,Education,3380,204,21,10.12,70.54,234.6,29,22
VID03317,2024-11-15,Investment Basics #3317,Finance,21150,840,267,6.27,64.58,501.4,283,19
VID03318,2024-11-15,Relatable College Life #3318,Comedy,2598,210,13,5.87,51.29,172.6,19,19
VID03319,2024-11-15,Day In My Life #3319,Lifestyle,16374,460,58,14.03,64.37,1984.0,189,19
VID03320,2024-11-15,Budget Meals #3320,Food,6707,370,5,10.2,52.34,182.4,92,21
VID03321,2024-11-15,Interview Preparation #3321,Education,20466,2029,118,8.69,62.52,1207.5,259,19
VID03322,2024-11-15,Exam Preparation Guide #3322,Education,14114,977,176,10.71,66.15,1176.1,107,19
VID03323,2024-11-15,Saving Money #3323,Finance,4220,202,32,7.31,46.14,405.5,23,21
VID03324,2024-11-15,Travel Mistakes #3324,Travel,6326,572,68,12.71,56.66,440.5,53,21
VID03325,2024-11-15,Budget Travel Tips #3325,Travel,8550,777,30,7.23,47.91,277.0,164,19
VID03326,2024-11-15,Budget Meals #3326,Food,9971,387,31,9.64,53.95,322.3,182,16
VID03327,2024-11-15,Best Restaurants #3327,Food,12534,511,130,8.83,68.64,744.7,158,19
VID03328,2024-11-16,Expectation vs Reality #3328,Comedy,7566,256,31,6.32,48.64,512.5,118,16
VID03329,2024-11-16,Parents Be Like #3329,Comedy,7633,313,68,8.52,56.3,503.6,56,6
VID03330,2024-11-16,Expectation vs Reality #3330,Comedy,28039,1856,346,4.19,84.76,4195.7,583,10
VID03331,2024-11-16,Gaming Tips #3331,Gaming,4520,369,24,9.61,56.62,109.4,36,19
VID03332,2024-11-16,Best Restaurants #3332,Food,4245,425,28,6.15,56.83,119.3,56,22
VID03333,2024-11-16,Exam Preparation Guide #3333,Education,43793,3122,556,8.69,63.86,5314.0,976,10
VID03334,2024-11-16,Laptop Buying Guide #3334,Tech,5309,376,35,8.98,86.29,896.5,117,20
VID03335,2024-11-16,Budget Lifestyle #3335,Lifestyle,11765,984,131,3.44,73.16,1098.3,73,20
VID03336,2024-11-16,Best Apps #3336,Tech,12169,1290,60,5.07,61.43,656.5,52,16
VID03337,2024-11-16,Best Places to Visit #3337,Travel,3861,190,23,7.03,68.73,514.4,90,20
VID03338,2024-11-17,AI Tools #3338,Tech,15617,573,181,10.61,60.39,937.4,331,12
VID03339,2024-11-17,Career Tips #3339,Education,33117,1753,265,8.36,59.74,3607.1,331,8
VID03340,2024-11-17,Interview Preparation #3340,Education,10329,265,120,8.83,69.39,536.0,50,19
VID03341,2024-11-17,Credit Score Tips #3341,Finance,5155,318,12,5.63,62.29,457.3,96,23
VID03342,2024-11-17,Cooking Tips #3342,Food,13479,701,140,5.41,64.3,945.2,306,19
VID03343,2024-11-17,Budget Lifestyle #3343,Lifestyle,11560,1173,35,7.01,82.87,2153.0,132,10
VID03344,2024-11-17,Learning Strategies #3344,Education,7964,694,14,9.33,44.71,501.2,46,19
VID03345,2024-11-17,Gaming Tips #3345,Gaming,15158,963,47,6.94,57.4,1437.2,116,18
VID03346,2024-11-17,Laptop Buying Guide #3346,Tech,4044,238,49,8.14,66.25,225.1,95,10
VID03347,2024-11-17,Morning Routine #3347,Lifestyle,13966,474,109,8.5,42.3,1141.5,179,19
VID03348,2024-11-18,Travel Mistakes #3348,Travel,2281,87,26,6.77,65.07,231.3,14,20
VID03349,2024-11-18,Top Games #3349,Gaming,18920,484,91,9.32,52.42,1118.7,206,21
VID03350,2024-11-18,Travel Mistakes #3350,Travel,6527,491,62,8.7,61.21,471.2,143,23
VID03351,2024-11-18,Phone Features You Missed #3351,Tech,10760,512,136,9.72,59.91,802.1,135,19
VID03352,2024-11-18,Budget Travel Tips #3352,Travel,13528,1124,157,11.07,49.74,682.0,264,12
VID03353,2024-11-18,Gaming Highlights #3353,Gaming,56583,5325,481,5.92,61.9,6087.6,1035,20
VID03354,2024-11-18,Office Comedy #3354,Comedy,11258,407,136,7.95,62.93,710.1,42,16
VID03355,2024-11-18,Study Tips That Work #3355,Education,21903,2356,126,9.28,58.97,2591.4,484,16
VID03356,2024-11-18,Investment Basics #3356,Finance,23401,923,100,10.28,59.89,2708.7,71,22
VID03357,2024-11-18,Credit Score Tips #3357,Finance,9525,285,113,7.55,55.82,461.9,97,16
VID03358,2024-11-18,Investment Basics #3358,Finance,26693,1915,33,9.03,50.93,1349.4,446,14
VID03359,2024-11-19,Budget Travel Tips #3359,Travel,7784,726,19,9.12,59.47,688.3,68,19
VID03360,2024-11-19,Study Tips That Work #3360,Education,3135,233,27,3.05,40.91,120.2,44,20
VID03361,2024-11-19,Street Food Tour #3361,Food,16662,883,213,4.94,85.02,1861.3,339,19
VID03362,2024-11-19,Travel Mistakes #3362,Travel,20545,2191,223,9.09,59.72,1461.5,173,20
VID03363,2024-11-19,Parents Be Like #3363,Comedy,17726,458,107,7.23,72.96,2578.4,408,18
VID03364,2024-11-19,Useful Tech Tips #3364,Tech,23636,1495,142,9.53,53.31,2629.0,410,12
VID03365,2024-11-19,Top Games #3365,Gaming,5632,514,42,6.33,65.74,448.7,117,22
VID03366,2024-11-19,Morning Routine #3366,Lifestyle,53552,2152,125,9.4,54.84,2519.5,350,12
VID03367,2024-11-19,Best Apps #3367,Tech,48887,3673,486,7.08,33.62,3456.6,690,19
VID03368,2024-11-19,Day In My Life #3368,Lifestyle,6307,312,72,9.26,51.15,419.7,52,19
VID03369,2024-11-20,Gaming Tips #3369,Gaming,5372,450,56,6.06,56.05,278.1,16,18
VID03370,2024-11-20,Interview Preparation #3370,Education,7649,563,96,7.58,50.38,290.3,19,20
VID03371,2024-11-20,Easy Recipes #3371,Food,43932,1448,118,9.55,66.19,5159.3,959,22
VID03372,2024-11-20,Best Restaurants #3372,Food,5695,248,55,6.02,77.52,178.3,57,21
VID03373,2024-11-20,Relatable College Life #3373,Comedy,1088,108,11,7.87,61.04,35.8,12,6
VID03374,2024-11-20,Relatable College Life #3374,Comedy,12461,1295,28,5.73,69.88,698.7,121,21
VID03375,2024-11-20,Best Friend Problems #3375,Comedy,13350,446,159,8.8,65.31,485.2,173,21
VID03376,2024-11-20,Saving Money #3376,Finance,11839,536,114,5.52,67.35,459.4,195,21
VID03377,2024-11-20,Game Challenge #3377,Gaming,9652,933,106,3.92,68.76,465.0,193,6
VID03378,2024-11-20,Career Tips #3378,Education,32153,1280,91,7.6,49.63,1690.8,436,18
VID03379,2024-11-20,Best Places to Visit #3379,Travel,9174,264,46,7.64,71.86,1158.8,187,19
VID03380,2024-11-21,Parents Be Like #3380,Comedy,9821,369,39,4.21,58.03,791.8,133,20
VID03381,2024-11-21,Study Tips That Work #3381,Education,72230,5065,68,9.27,52.81,5540.8,211,20
VID03382,2024-11-21,Budget Meals #3382,Food,1661,153,9,8.78,52.65,50.7,12,12
VID03383,2024-11-21,Exam Preparation Guide #3383,Education,12753,1022,173,4.11,81.43,757.4,152,16
VID03384,2024-11-21,Productivity Tips #3384,Education,4345,361,13,6.42,68.51,459.8,99,16
VID03385,2024-11-21,Gaming Tips #3385,Gaming,8867,697,43,7.12,53.24,483.7,170,14
VID03386,2024-11-21,Daily Routine #3386,Lifestyle,8175,408,52,6.35,48.95,682.4,47,12
VID03387,2024-11-21,Exam Preparation Guide #3387,Education,53344,1417,62,9.7,58.83,5591.9,1038,12
VID03388,2024-11-21,Weekend Vlog #3388,Lifestyle,11593,455,61,8.45,60.15,645.0,119,12
VID03389,2024-11-21,Cooking Tips #3389,Food,8005,685,29,8.96,68.03,347.9,149,23
VID03390,2024-11-22,Career Tips #3390,Education,6749,264,26,10.87,65.82,158.0,19,18
VID03391,2024-11-22,Gaming Highlights #3391,Gaming,41955,4515,259,9.15,69.49,4490.6,886,20
VID03392,2024-11-22,Travel Mistakes #3392,Travel,9538,986,46,3.69,60.34,1107.3,71,20
VID03393,2024-11-22,Budget Travel Tips #3393,Travel,6050,521,53,9.49,67.9,460.6,130,12
VID03394,2024-11-22,Best Friend Problems #3394,Comedy,9520,732,104,9.13,74.69,991.5,71,16
VID03395,2024-11-22,Interview Preparation #3395,Education,8714,351,55,9.93,63.18,741.0,191,21
VID03396,2024-11-22,Useful Tech Tips #3396,Tech,22295,1405,96,7.03,64.59,1989.4,114,8
VID03397,2024-11-22,Day In My Life #3397,Lifestyle,23878,719,174,9.65,48.14,1613.1,108,12
VID03398,2024-11-22,Office Comedy #3398,Comedy,38065,1977,220,9.95,59.58,3876.8,451,12
VID03399,2024-11-22,Street Food Tour #3399,Food,55672,3847,558,8.26,80.34,4525.3,728,14
VID03400,2024-11-23,Travel Guide #3400,Travel,3966,288,53,5.82,90.0,349.7,47,19
VID03401,2024-11-23,Credit Score Tips #3401,Finance,1199,45,5,6.22,50.47,70.2,5,10
VID03402,2024-11-23,Office Comedy #3402,Comedy,9163,919,64,9.49,49.74,858.5,70,22
VID03403,2024-11-23,Easy Recipes #3403,Food,11634,1226,31,10.44,64.72,387.6,117,10
VID03404,2024-11-23,Best Friend Problems #3404,Comedy,2621,257,18,8.14,38.8,136.7,12,20
VID03405,2024-11-23,Easy Recipes #3405,Food,13193,1034,19,8.57,53.94,520.3,221,18
VID03406,2024-11-23,Productivity Tips #3406,Education,14274,724,174,9.07,63.79,452.1,302,18
VID03407,2024-11-23,Budget Meals #3407,Food,8139,319,34,11.96,55.61,354.6,136,18
VID03408,2024-11-23,Budget Travel Tips #3408,Travel,6064,527,21,9.13,71.17,480.6,44,8
VID03409,2024-11-23,Tech Hacks #3409,Tech,12403,1308,54,5.81,69.42,390.0,150,14
VID03410,2024-11-23,Gaming Highlights #3410,Gaming,5539,307,37,5.04,65.85,763.3,67,18
VID03411,2024-11-24,Useful Tech Tips #3411,Tech,24322,2198,284,8.52,62.63,1145.8,135,16
VID03412,2024-11-24,Beginner Guide #3412,Gaming,30858,1467,103,11.27,66.51,825.1,423,8
VID03413,2024-11-24,Laptop Buying Guide #3413,Tech,8259,255,57,8.46,63.59,893.5,120,12
VID03414,2024-11-24,Gaming Highlights #3414,Gaming,71354,4922,516,7.41,54.15,3235.0,916,18
VID03415,2024-11-24,Budget Travel Tips #3415,Travel,1676,155,14,9.96,62.8,55.8,31,21
VID03416,2024-11-24,Parents Be Like #3416,Comedy,57927,4562,100,8.2,56.67,3446.3,312,23
VID03417,2024-11-24,Budget Meals #3417,Food,2294,162,7,10.43,66.94,328.5,37,23
VID03418,2024-11-24,Travel Guide #3418,Travel,7039,639,17,6.78,43.65,612.8,145,16
VID03419,2024-11-24,Food Review #3419,Food,3434,300,27,7.11,68.19,397.6,31,20
VID03420,2024-11-24,Credit Score Tips #3420,Finance,7075,600,59,12.74,62.5,199.5,48,12
VID03421,2024-11-25,Phone Features You Missed #3421,Tech,6679,408,86,7.75,52.96,841.9,40,20
VID03422,2024-11-25,AI Tools #3422,Tech,8748,565,30,7.0,46.54,668.4,178,23
VID03423,2024-11-25,Parents Be Like #3423,Comedy,3229,196,41,9.14,66.12,212.4,47,22
VID03424,2024-11-25,Best Settings #3424,Gaming,17802,839,185,7.72,63.26,2433.4,58,16
VID03425,2024-11-25,Day In My Life #3425,Lifestyle,18680,868,134,9.06,63.83,2102.6,255,20
VID03426,2024-11-25,Beginner Guide #3426,Gaming,5290,380,45,6.33,67.1,204.5,99,14
VID03427,2024-11-25,Game Challenge #3427,Gaming,8740,303,91,6.42,64.85,538.6,94,20
VID03428,2024-11-25,Funny Family Moments #3428,Comedy,2415,250,5,12.55,79.51,104.4,38,22
VID03429,2024-11-25,Tech Hacks #3429,Tech,1487,121,19,9.77,34.21,107.2,22,12
VID03430,2024-11-25,Daily Routine #3430,Lifestyle,6587,318,42,4.08,71.22,621.0,126,16
VID03431,2024-11-25,Easy Recipes #3431,Food,12361,1275,98,11.53,55.11,978.6,113,19
VID03432,2024-11-26,Parents Be Like #3432,Comedy,6505,202,21,7.68,73.61,814.5,59,18
VID03433,2024-11-26,Office Comedy #3433,Comedy,9349,921,89,9.85,41.96,599.2,35,14
VID03434,2024-11-26,Expectation vs Reality #3434,Comedy,4319,423,13,9.43,82.61,581.5,69,8
VID03435,2024-11-26,Career Tips #3435,Education,8962,858,123,8.16,71.02,860.7,39,19
VID03436,2024-11-26,Parents Be Like #3436,Comedy,9343,344,121,11.27,39.91,766.7,188,21
VID03437,2024-11-26,Healthy Habits #3437,Lifestyle,8423,410,9,8.84,64.1,322.7,36,12
VID03438,2024-11-26,Best Apps #3438,Tech,27819,3021,119,9.47,57.79,3700.4,501,16
VID03439,2024-11-26,Tech Hacks #3439,Tech,17163,1120,44,6.51,55.21,883.8,344,18
VID03440,2024-11-26,Money Mistakes #3440,Finance,1567,74,14,7.3,46.17,66.8,13,20
VID03441,2024-11-26,Gaming Highlights #3441,Gaming,89516,9111,588,8.0,64.78,8869.0,693,14
VID03442,2024-11-27,Parents Be Like #3442,Comedy,1510,142,11,6.62,60.24,62.4,20,23
VID03443,2024-11-27,Top Games #3443,Gaming,18243,1995,136,9.08,59.49,1925.3,138,19
VID03444,2024-11-27,Food Review #3444,Food,7522,231,15,7.57,76.35,842.8,180,19
VID03445,2024-11-27,Gaming Tips #3445,Gaming,540,26,2,4.35,63.62,75.5,10,20
VID03446,2024-11-27,Interview Preparation #3446,Education,3358,116,38,8.1,74.92,173.5,16,8
VID03447,2024-11-27,Travel Guide #3447,Travel,45957,1313,557,7.54,63.31,4578.4,1025,21
VID03448,2024-11-27,Study Tips That Work #3448,Education,15862,1666,40,7.01,64.47,613.2,109,19
VID03449,2024-11-27,AI Tools #3449,Tech,7176,741,6,8.1,82.52,1069.7,171,20
VID03450,2024-11-27,Budget Planning #3450,Finance,38696,1255,476,5.82,66.96,4601.6,889,10
VID03451,2024-11-27,Best Friend Problems #3451,Comedy,24215,2075,90,6.52,40.6,761.9,280,21
VID03452,2024-11-28,Healthy Habits #3452,Lifestyle,54664,5305,139,10.46,55.45,4739.3,1024,18
VID03453,2024-11-28,Credit Score Tips #3453,Finance,23121,1859,105,8.71,50.53,1221.6,459,18
VID03454,2024-11-28,Office Comedy #3454,Comedy,132550,7544,1343,13.32,48.95,6138.5,1606,10
VID03455,2024-11-28,Morning Routine #3455,Lifestyle,17964,1880,60,5.95,42.15,911.3,286,6
VID03456,2024-11-28,Best Restaurants #3456,Food,18844,1080,225,8.04,52.95,1956.6,155,20
VID03457,2024-11-28,Daily Routine #3457,Lifestyle,17786,857,245,7.29,55.06,1111.3,70,20
VID03458,2024-11-28,Top Games #3458,Gaming,1440,57,18,8.7,44.58,39.9,16,19
VID03459,2024-11-28,Parents Be Like #3459,Comedy,42143,3555,536,6.41,49.69,2800.0,744,20
VID03460,2024-11-28,AI Tools #3460,Tech,9781,428,122,9.41,68.34,572.9,170,22
VID03461,2024-11-28,Learning Strategies #3461,Education,8298,835,58,8.9,57.08,736.7,61,23
VID03462,2024-11-28,Game Challenge #3462,Gaming,5827,423,45,6.86,50.0,389.6,31,14
VID03463,2024-11-29,Best Apps #3463,Tech,3785,196,46,8.1,74.53,507.8,51,18
VID03464,2024-11-29,Funny Family Moments #3464,Comedy,12555,723,141,9.45,70.44,573.5,39,16
VID03465,2024-11-29,Gaming Highlights #3465,Gaming,12259,1286,27,4.71,70.61,1161.5,184,22
VID03466,2024-11-29,Phone Features You Missed #3466,Tech,25567,822,137,5.68,69.49,2288.5,615,22
VID03467,2024-11-29,Money Mistakes #3467,Finance,19541,1806,71,10.98,53.62,714.4,322,20
VID03468,2024-11-29,Learning Strategies #3468,Education,1546,43,15,9.99,42.86,35.0,21,21
VID03469,2024-11-29,Credit Score Tips #3469,Finance,3053,245,29,6.44,38.73,74.9,15,21
VID03470,2024-11-29,Best Apps #3470,Tech,4424,298,13,10.5,77.48,284.0,15,18
VID03471,2024-11-29,Interview Preparation #3471,Education,13242,1289,119,10.62,61.33,398.6,154,19
VID03472,2024-11-29,Daily Routine #3472,Lifestyle,19475,1418,188,10.74,46.84,963.0,212,21
VID03473,2024-11-30,Expectation vs Reality #3473,Comedy,11491,1030,144,9.39,62.1,691.2,130,18
VID03474,2024-11-30,Street Food Tour #3474,Food,9488,690,103,9.62,56.56,537.9,153,12
VID03475,2024-11-30,Useful Tech Tips #3475,Tech,17798,911,187,6.28,57.66,782.8,321,16
VID03476,2024-11-30,Weekend Vlog #3476,Lifestyle,16574,807,165,7.95,57.03,1173.5,187,19
VID03477,2024-11-30,Weekend Travel Vlog #3477,Travel,6302,525,5,8.31,62.94,828.6,127,19
VID03478,2024-11-30,Hidden Places #3478,Travel,3284,248,25,5.07,72.1,562.5,45,19
VID03479,2024-11-30,Weekend Vlog #3479,Lifestyle,12566,851,66,2.14,64.77,1865.4,239,20
VID03480,2024-11-30,Easy Recipes #3480,Food,6582,302,22,4.9,58.94,454.5,33,22
VID03481,2024-11-30,Personal Finance Tips #3481,Finance,8031,689,98,8.25,49.0,496.0,172,19
VID03482,2024-11-30,Career Tips #3482,Education,20598,1552,71,10.92,49.0,2300.0,438,19
VID03483,2024-12-01,Gaming Highlights #3483,Gaming,3831,160,17,7.36,44.16,208.2,44,22
VID03484,2024-12-01,Expectation vs Reality #3484,Comedy,33139,2793,63,6.5,74.64,3523.3,369,16
VID03485,2024-12-01,Parents Be Like #3485,Comedy,44067,2813,351,7.36,52.58,2072.4,516,20
VID03486,2024-12-01,Useful Tech Tips #3486,Tech,24216,1008,246,4.66,48.93,1572.9,226,18
VID03487,2024-12-01,Daily Routine #3487,Lifestyle,10675,979,127,7.3,80.27,1319.0,100,20
VID03488,2024-12-01,Gaming Tips #3488,Gaming,59331,6282,127,4.52,53.98,3734.8,644,16
VID03489,2024-12-01,Laptop Buying Guide #3489,Tech,4858,302,41,8.74,63.99,430.6,111,6
VID03490,2024-12-01,Funny Family Moments #3490,Comedy,6017,242,60,6.01,50.26,153.8,55,10
VID03491,2024-12-01,Parents Be Like #3491,Comedy,16199,1353,26,9.83,48.97,860.5,143,18
VID03492,2024-12-01,Exam Preparation Guide #3492,Education,30697,1490,397,11.91,61.81,2218.9,681,19
VID03493,2024-12-01,Best Friend Problems #3493,Comedy,5569,269,19,10.8,69.27,599.1,78,19
VID03494,2024-12-02,Budget Meals #3494,Food,25820,830,255,9.68,82.63,5006.3,177,21
VID03495,2024-12-02,Parents Be Like #3495,Comedy,2580,114,28,5.23,53.57,80.4,10,16
VID03496,2024-12-02,Weekend Vlog #3496,Lifestyle,3228,334,5,9.37,51.53,212.6,24,19
VID03497,2024-12-02,Weekend Travel Vlog #3497,Travel,4248,400,56,8.03,71.78,338.2,84,14
VID03498,2024-12-02,Parents Be Like #3498,Comedy,8176,638,46,10.9,57.6,562.9,70,21
VID03499,2024-12-02,Expectation vs Reality #3499,Comedy,17989,976,51,8.87,63.72,1680.3,143,21
VID03500,2024-12-02,Parents Be Like #3500,Comedy,19246,1729,132,9.04,64.37,860.8,109,12
VID03501,2024-12-02,Office Comedy #3501,Comedy,11221,1079,15,7.37,45.2,516.4,226,18
VID03502,2024-12-02,Best Settings #3502,Gaming,3180,344,31,10.23,62.41,399.5,15,6
VID03503,2024-12-02,Expectation vs Reality #3503,Comedy,19118,480,109,8.99,72.83,2706.7,291,21
VID03504,2024-12-03,Investment Basics #3504,Finance,37806,3090,147,5.5,73.37,2883.2,701,20
VID03505,2024-12-03,Day In My Life #3505,Lifestyle,19456,1922,75,1.52,50.71,1169.9,119,21
VID03506,2024-12-03,Credit Score Tips #3506,Finance,4699,386,42,5.13,53.62,406.0,33,12
VID03507,2024-12-03,Investment Basics #3507,Finance,3494,116,24,8.76,65.71,212.5,43,12
VID03508,2024-12-03,Interview Preparation #3508,Education,31765,3362,421,7.63,53.69,1200.2,90,22
VID03509,2024-12-03,Best Apps #3509,Tech,15379,466,42,6.52,70.4,1588.4,296,19
VID03510,2024-12-03,Funny Family Moments #3510,Comedy,17277,794,48,10.39,58.91,679.7,176,6
VID03511,2024-12-03,Personal Finance Tips #3511,Finance,5079,169,51,8.42,60.99,208.0,53,22
VID03512,2024-12-03,Street Food Tour #3512,Food,7291,352,59,6.32,59.26,475.7,49,18
VID03513,2024-12-03,Budget Planning #3513,Finance,1656,49,8,8.29,51.7,128.9,11,20
VID03514,2024-12-03,Travel Mistakes #3514,Travel,38277,1318,385,4.68,57.2,2760.0,253,21
VID03515,2024-12-04,Tech Hacks #3515,Tech,9317,945,118,8.55,74.98,879.6,230,6
VID03516,2024-12-04,Tech Hacks #3516,Tech,3295,229,4,8.7,57.75,272.3,41,6
VID03517,2024-12-04,Study Tips That Work #3517,Education,52851,5068,154,7.16,39.52,1502.6,760,21
VID03518,2024-12-04,Best Places to Visit #3518,Travel,7284,387,48,3.73,70.31,797.1,74,21
VID03519,2024-12-04,Tech Hacks #3519,Tech,16758,1734,229,9.96,56.63,888.1,312,22
VID03520,2024-12-04,Learning Strategies #3520,Education,13397,984,32,5.65,67.66,430.5,167,18
VID03521,2024-12-04,Career Tips #3521,Education,11208,288,125,5.68,67.4,1120.9,208,19
VID03522,2024-12-04,Parents Be Like #3522,Comedy,6297,216,82,6.72,76.64,951.2,107,22
VID03523,2024-12-04,Hidden Places #3523,Travel,25655,976,269,5.71,48.93,1951.4,407,6
VID03524,2024-12-04,Beginner Guide #3524,Gaming,5074,419,4,8.28,70.29,254.0,32,18
VID03525,2024-12-05,Useful Tech Tips #3525,Tech,5304,537,34,8.89,47.88,442.4,67,14
VID03526,2024-12-05,Best Settings #3526,Gaming,9302,856,114,6.66,73.88,1323.7,36,16
VID03527,2024-12-05,Career Tips #3527,Education,4117,426,6,9.1,51.02,232.7,46,21
VID03528,2024-12-05,Best Apps #3528,Tech,18747,606,16,7.05,64.39,1399.9,328,21
VID03529,2024-12-05,Gaming Tips #3529,Gaming,71113,1788,780,6.7,72.19,4023.1,689,20
VID03530,2024-12-05,Personal Finance Tips #3530,Finance,11459,1152,113,5.61,60.3,830.0,200,22
VID03531,2024-12-05,Credit Score Tips #3531,Finance,14364,941,31,7.5,51.75,575.8,317,18
VID03532,2024-12-05,Budget Meals #3532,Food,39955,2190,483,10.39,83.63,5529.4,903,19
VID03533,2024-12-05,Relatable College Life #3533,Comedy,16853,630,226,7.59,58.32,2065.8,200,14
VID03534,2024-12-05,Study Tips That Work #3534,Education,57909,5020,686,6.15,77.17,5281.3,176,20
VID03535,2024-12-06,Career Tips #3535,Education,12313,381,136,7.04,46.8,453.4,262,18
VID03536,2024-12-06,Useful Tech Tips #3536,Tech,24942,1753,225,9.1,71.39,1276.2,173,8
VID03537,2024-12-06,Travel Guide #3537,Travel,3627,103,41,6.5,65.46,266.6,62,18
VID03538,2024-12-06,Healthy Habits #3538,Lifestyle,7365,687,81,7.79,45.94,441.0,52,22
VID03539,2024-12-06,Budget Planning #3539,Finance,6959,478,37,3.14,69.16,710.5,144,19
VID03540,2024-12-06,Career Tips #3540,Education,9128,312,48,9.4,59.17,267.3,147,14
VID03541,2024-12-06,Study Tips That Work #3541,Education,15422,1070,58,11.19,74.18,1415.9,294,22
VID03542,2024-12-06,Tech Hacks #3542,Tech,7368,629,94,5.77,76.3,998.0,27,18
VID03543,2024-12-06,Best Restaurants #3543,Food,10275,358,34,3.56,56.47,1058.7,192,19
VID03544,2024-12-06,Travel Mistakes #3544,Travel,7913,603,72,6.41,44.47,489.5,164,19
VID03545,2024-12-06,Morning Routine #3545,Lifestyle,3044,191,8,5.31,56.8,150.4,44,19
VID03546,2024-12-07,Money Mistakes #3546,Finance,44121,3655,505,7.6,60.31,2309.4,944,18
VID03547,2024-12-07,Top Games #3547,Gaming,45965,2819,410,10.7,52.96,4915.6,954,8
VID03548,2024-12-07,Gaming Highlights #3548,Gaming,5970,432,48,9.18,53.66,378.1,70,14
VID03549,2024-12-07,Useful Tech Tips #3549,Tech,39398,1302,266,6.66,66.47,4125.4,118,20
VID03550,2024-12-07,Best Friend Problems #3550,Comedy,12874,927,26,9.05,77.77,2195.1,300,16
VID03551,2024-12-07,Investment Basics #3551,Finance,14418,435,180,5.65,60.54,1944.7,208,20
VID03552,2024-12-07,AI Tools #3552,Tech,8141,745,31,8.92,64.24,330.3,172,12
VID03553,2024-12-07,Tech Hacks #3553,Tech,3556,221,9,7.8,71.84,170.0,28,21
VID03554,2024-12-07,Weekend Travel Vlog #3554,Travel,8357,826,47,7.95,60.82,548.5,131,20
VID03555,2024-12-07,Interview Preparation #3555,Education,6322,664,65,6.34,65.46,322.2,138,19
VID03556,2024-12-08,Expectation vs Reality #3556,Comedy,35530,1895,180,8.02,57.76,1826.7,808,18
VID03557,2024-12-08,Parents Be Like #3557,Comedy,113604,2842,331,7.04,68.72,5833.6,1740,19
VID03558,2024-12-08,Funny Family Moments #3558,Comedy,5340,248,36,5.67,77.06,753.2,119,10
VID03559,2024-12-08,Cooking Tips #3559,Food,36855,2266,37,8.86,52.34,1245.3,726,18
VID03560,2024-12-08,Credit Score Tips #3560,Finance,10349,471,99,3.46,62.88,503.5,141,19
VID03561,2024-12-08,Productivity Tips #3561,Education,2900,181,10,8.66,76.78,318.2,61,18
VID03562,2024-12-08,Game Challenge #3562,Gaming,22240,1752,224,4.33,60.68,1588.6,491,18
VID03563,2024-12-08,Career Tips #3563,Education,14378,594,174,7.98,39.47,524.7,252,10
VID03564,2024-12-08,Cooking Tips #3564,Food,1293,68,5,6.94,68.44,161.2,7,16
VID03565,2024-12-08,Beginner Guide #3565,Gaming,14458,793,46,8.03,68.11,2283.9,152,16
VID03566,2024-12-08,Career Tips #3566,Education,6153,566,29,8.81,78.28,620.2,138,18
VID03567,2024-12-09,Budget Meals #3567,Food,107121,7230,300,11.22,40.09,8894.2,1975,20
VID03568,2024-12-09,Beginner Guide #3568,Gaming,27353,1509,296,6.61,59.2,3387.6,239,21
VID03569,2024-12-09,Weekend Travel Vlog #3569,Travel,2142,174,24,4.65,51.18,222.3,12,6
VID03570,2024-12-09,Exam Preparation Guide #3570,Education,25043,874,316,8.6,86.51,5090.9,245,10
VID03571,2024-12-09,Morning Routine #3571,Lifestyle,85292,3889,770,5.82,50.38,3394.7,591,19
VID03572,2024-12-09,Office Comedy #3572,Comedy,12383,619,124,8.16,46.62,413.9,118,20
VID03573,2024-12-09,Credit Score Tips #3573,Finance,6103,509,13,9.55,58.65,476.6,130,20
VID03574,2024-12-09,Career Tips #3574,Education,30448,2095,303,8.9,47.71,2262.2,604,21
VID03575,2024-12-09,Productivity Tips #3575,Education,74361,2381,212,5.12,66.17,2847.1,1229,12
VID03576,2024-12-09,Laptop Buying Guide #3576,Tech,42772,1380,314,10.03,39.18,2656.5,577,8
VID03577,2024-12-10,Personal Finance Tips #3577,Finance,5795,374,50,7.13,47.48,555.3,96,16
VID03578,2024-12-10,Career Tips #3578,Education,7667,748,77,8.96,56.03,954.9,78,8
VID03579,2024-12-10,Funny Family Moments #3579,Comedy,2840,270,17,6.59,64.69,351.5,39,18
VID03580,2024-12-10,Productivity Tips #3580,Education,8738,939,122,12.4,65.97,821.4,72,10
VID03581,2024-12-10,Money Mistakes #3581,Finance,8066,787,32,3.74,66.89,525.9,171,20
VID03582,2024-12-10,Gaming Tips #3582,Gaming,15708,971,163,8.04,73.79,1269.8,270,21
VID03583,2024-12-10,Office Comedy #3583,Comedy,54042,2819,742,6.89,76.89,5588.3,1049,14
VID03584,2024-12-10,Game Challenge #3584,Gaming,9382,385,67,6.5,70.9,435.0,113,6
VID03585,2024-12-10,Best Friend Problems #3585,Comedy,52082,3742,188,8.66,43.84,3264.4,620,12
VID03586,2024-12-10,Study Tips That Work #3586,Education,14125,1142,47,7.0,61.45,760.5,151,22
VID03587,2024-12-11,Saving Money #3587,Finance,6982,321,91,7.0,34.37,170.1,52,22
VID03588,2024-12-11,Phone Features You Missed #3588,Tech,37660,2176,161,6.64,48.8,1779.1,731,18
VID03589,2024-12-11,Healthy Habits #3589,Lifestyle,5120,387,17,7.85,75.27,386.0,113,18
VID03590,2024-12-11,Laptop Buying Guide #3590,Tech,3141,164,12,4.23,60.13,324.0,39,16
VID03591,2024-12-11,Phone Features You Missed #3591,Tech,13010,1272,84,4.11,57.69,369.3,242,16
VID03592,2024-12-11,Relatable College Life #3592,Comedy,4331,325,36,6.76,63.66,186.5,25,22
VID03593,2024-12-11,Best Friend Problems #3593,Comedy,29670,2948,125,6.51,71.54,3330.1,674,20
VID03594,2024-12-11,Relatable College Life #3594,Comedy,7286,766,101,6.64,62.86,376.3,60,23
VID03595,2024-12-11,Best Friend Problems #3595,Comedy,3577,101,41,4.9,37.56,171.7,40,20
VID03596,2024-12-11,Budget Meals #3596,Food,15672,1559,13,13.4,52.61,907.1,229,23
VID03597,2024-12-11,Budget Planning #3597,Finance,5950,250,19,7.32,35.21,144.0,38,20
VID03598,2024-12-12,Productivity Tips #3598,Education,9110,543,100,10.61,72.16,398.0,172,22
VID03599,2024-12-12,Parents Be Like #3599,Comedy,12665,1032,167,6.49,70.17,1563.0,126,18
VID03600,2024-12-12,Budget Meals #3600,Food,23413,2203,175,8.44,64.84,1949.8,476,21
VID03601,2024-12-12,Best Restaurants #3601,Food,1174,97,15,8.3,44.79,104.6,16,12
VID03602,2024-12-12,Best Places to Visit #3602,Travel,19479,1605,169,6.91,78.38,2991.5,264,20
VID03603,2024-12-12,Funny Family Moments #3603,Comedy,8130,495,31,8.49,44.49,437.1,94,19
VID03604,2024-12-12,Laptop Buying Guide #3604,Tech,68932,4542,625,10.06,40.31,4951.5,462,12
VID03605,2024-12-12,Learning Strategies #3605,Education,40794,2255,422,5.04,74.26,5394.2,866,21
VID03606,2024-12-12,Daily Routine #3606,Lifestyle,29487,1093,359,8.91,40.25,1494.3,412,21
VID03607,2024-12-12,Cooking Tips #3607,Food,21147,659,130,9.48,42.19,628.6,372,12
VID03608,2024-12-13,Learning Strategies #3608,Education,1622,111,3,3.37,52.24,40.1,18,20
VID03609,2024-12-13,Interview Preparation #3609,Education,7481,549,55,9.38,75.97,1018.5,62,12
VID03610,2024-12-13,Cooking Tips #3610,Food,28240,1184,392,4.6,56.16,1317.5,334,16
VID03611,2024-12-13,Weekend Vlog #3611,Lifestyle,25401,2647,189,8.64,66.07,3623.8,483,16
VID03612,2024-12-13,Laptop Buying Guide #3612,Tech,32581,3040,150,9.85,64.47,1296.6,763,12
VID03613,2024-12-13,Parents Be Like #3613,Comedy,2719,297,23,12.16,56.25,162.3,51,12
VID03614,2024-12-13,Weekend Vlog #3614,Lifestyle,4462,378,19,8.92,71.59,421.8,95,20
VID03615,2024-12-13,Budget Travel Tips #3615,Travel,2458,133,23,3.9,44.56,136.4,26,20
VID03616,2024-12-13,Beginner Guide #3616,Gaming,1204,71,6,9.16,63.04,101.4,19,19
VID03617,2024-12-13,Money Mistakes #3617,Finance,22665,2012,285,8.02,42.79,802.8,159,10
VID03618,2024-12-13,Exam Preparation Guide #3618,Education,12611,673,71,5.51,79.88,2030.9,158,20
VID03619,2024-12-14,Morning Routine #3619,Lifestyle,3666,150,31,7.47,76.49,148.5,55,19
VID03620,2024-12-14,Tech Hacks #3620,Tech,861,26,11,11.13,54.94,36.1,10,18
VID03621,2024-12-14,Best Settings #3621,Gaming,9243,777,126,7.73,60.27,445.0,106,21
VID03622,2024-12-14,Cooking Tips #3622,Food,4903,466,9,6.76,71.75,302.3,19,18
VID03623,2024-12-14,Beginner Guide #3623,Gaming,5988,517,7,5.1,54.86,232.1,63,22
VID03624,2024-12-14,Budget Lifestyle #3624,Lifestyle,4469,222,35,5.05,62.75,257.5,47,18
VID03625,2024-12-14,Interview Preparation #3625,Education,3988,344,37,10.46,53.95,312.7,25,21
VID03626,2024-12-14,Exam Preparation Guide #3626,Education,11621,1117,88,7.49,58.4,1084.7,51,21
VID03627,2024-12-14,Best Friend Problems #3627,Comedy,14803,497,158,3.89,61.91,1201.3,175,16
VID03628,2024-12-14,AI Tools #3628,Tech,7900,348,101,11.36,54.15,651.8,58,21
VID03629,2024-12-15,Personal Finance Tips #3629,Finance,10502,621,49,10.22,65.68,1098.3,187,14
VID03630,2024-12-15,Relatable College Life #3630,Comedy,9510,830,48,5.63,38.09,785.1,145,20
VID03631,2024-12-15,Best Places to Visit #3631,Travel,30027,1072,305,5.62,61.95,2503.6,406,19
VID03632,2024-12-15,Best Restaurants #3632,Food,54040,2577,120,8.55,58.47,4194.1,740,19
VID03633,2024-12-15,Expectation vs Reality #3633,Comedy,31283,1750,73,8.51,53.35,3182.5,599,20
VID03634,2024-12-15,Best Apps #3634,Tech,12233,1257,161,9.72,66.67,413.9,38,14
VID03635,2024-12-15,Parents Be Like #3635,Comedy,83900,9082,1067,8.86,71.89,2972.3,349,12
VID03636,2024-12-15,Travel Guide #3636,Travel,17048,1218,35,9.4,64.08,2277.8,116,20
VID03637,2024-12-15,Phone Features You Missed #3637,Tech,8537,473,74,6.66,56.0,632.0,121,19
VID03638,2024-12-15,Money Mistakes #3638,Finance,13719,859,74,4.97,49.6,464.8,171,19
VID03639,2024-12-16,Phone Features You Missed #3639,Tech,14321,1031,99,12.43,67.21,1173.9,268,6
VID03640,2024-12-16,Hidden Places #3640,Travel,3344,229,44,7.21,74.55,392.4,79,21
VID03641,2024-12-16,Expectation vs Reality #3641,Comedy,10876,1141,104,10.43,45.46,388.8,170,20
VID03642,2024-12-16,Best Places to Visit #3642,Travel,4641,422,57,4.43,56.19,448.0,49,21
VID03643,2024-12-16,Expectation vs Reality #3643,Comedy,2474,76,32,6.6,58.01,157.1,14,21
VID03644,2024-12-16,Travel Mistakes #3644,Travel,1903,152,16,6.9,75.66,261.1,9,10
VID03645,2024-12-16,Personal Finance Tips #3645,Finance,5908,227,18,7.24,48.77,290.8,107,18
VID03646,2024-12-16,Interview Preparation #3646,Education,4203,324,24,7.89,69.28,245.2,57,10
VID03647,2024-12-16,Gaming Highlights #3647,Gaming,13561,627,85,5.75,59.66,557.4,101,21
VID03648,2024-12-16,Budget Travel Tips #3648,Travel,7451,357,94,6.67,69.5,700.5,132,12
VID03649,2024-12-16,Daily Routine #3649,Lifestyle,27133,2403,324,10.15,69.2,878.1,363,21
VID03650,2024-12-17,Easy Recipes #3650,Food,15824,1252,55,7.94,57.93,710.8,183,18
VID03651,2024-12-17,Best Friend Problems #3651,Comedy,1622,100,9,4.23,65.93,139.0,22,18
VID03652,2024-12-17,Saving Money #3652,Finance,2759,162,19,6.24,69.52,329.3,21,19
VID03653,2024-12-17,Career Tips #3653,Education,4083,298,15,10.73,66.56,127.6,60,18
VID03654,2024-12-17,Game Challenge #3654,Gaming,41962,3367,142,5.96,60.81,2438.0,918,12
VID03655,2024-12-17,Easy Recipes #3655,Food,13408,911,49,9.73,77.48,669.0,127,14
VID03656,2024-12-17,Best Apps #3656,Tech,5607,307,49,7.69,66.74,385.4,62,6
VID03657,2024-12-17,Weekend Travel Vlog #3657,Travel,19998,1700,215,6.35,66.65,2487.6,439,18
VID03658,2024-12-17,Expectation vs Reality #3658,Comedy,43044,2711,178,8.52,76.45,1514.6,868,18
VID03659,2024-12-17,Credit Score Tips #3659,Finance,38730,3862,384,7.41,44.66,2270.0,574,18
VID03660,2024-12-18,Budget Meals #3660,Food,2590,184,15,9.25,59.87,207.2,7,23
VID03661,2024-12-18,Productivity Tips #3661,Education,6173,219,69,11.17,59.21,387.7,132,20
VID03662,2024-12-18,Daily Routine #3662,Lifestyle,15937,597,146,4.13,55.73,1104.4,320,21
VID03663,2024-12-18,Office Comedy #3663,Comedy,2915,97,15,6.04,61.34,232.1,54,12
VID03664,2024-12-18,Morning Routine #3664,Lifestyle,2077,196,24,8.62,53.15,62.4,32,19
VID03665,2024-12-18,Day In My Life #3665,Lifestyle,14417,1294,36,6.81,58.19,1130.4,248,18
VID03666,2024-12-18,Exam Preparation Guide #3666,Education,7716,356,83,7.07,65.41,971.5,31,10
VID03667,2024-12-18,Budget Meals #3667,Food,7734,803,68,7.36,62.43,417.5,88,20
VID03668,2024-12-18,Productivity Tips #3668,Education,2388,165,5,8.86,52.82,137.6,8,19
VID03669,2024-12-18,Top Games #3669,Gaming,6043,468,55,6.03,51.11,370.9,60,23
VID03670,2024-12-18,Investment Basics #3670,Finance,3610,308,20,6.56,60.22,249.6,47,18
VID03671,2024-12-19,Productivity Tips #3671,Education,8723,774,45,9.53,78.28,386.0,28,14
VID03672,2024-12-19,Money Mistakes #3672,Finance,8032,252,14,5.29,78.3,521.8,51,12
VID03673,2024-12-19,Day In My Life #3673,Lifestyle,4995,278,51,5.07,55.68,459.1,106,21
VID03674,2024-12-19,Best Settings #3674,Gaming,4504,374,61,9.47,42.7,192.0,23,12
VID03675,2024-12-19,Budget Meals #3675,Food,4443,172,11,6.89,49.7,367.9,26,8
VID03676,2024-12-19,Beginner Guide #3676,Gaming,28388,2371,85,6.77,58.22,1038.9,343,19
VID03677,2024-12-19,Tech Hacks #3677,Tech,15367,721,18,9.26,90.0,1812.5,61,21
VID03678,2024-12-19,Relatable College Life #3678,Comedy,3258,86,44,5.75,76.22,509.2,35,18
VID03679,2024-12-19,Budget Lifestyle #3679,Lifestyle,3375,313,12,10.5,67.15,269.5,19,22
VID03680,2024-12-19,Learning Strategies #3680,Education,29891,1117,366,11.32,54.83,2266.8,230,21
VID03681,2024-12-20,Morning Routine #3681,Lifestyle,11134,653,140,6.21,63.37,309.5,154,18
VID03682,2024-12-20,Best Restaurants #3682,Food,13828,1245,139,5.02,37.09,538.7,240,20
VID03683,2024-12-20,Weekend Vlog #3683,Lifestyle,5173,395,22,6.03,74.67,501.0,125,20
VID03684,2024-12-20,Gaming Highlights #3684,Gaming,53421,2544,465,7.05,66.33,3639.6,954,14
VID03685,2024-12-20,Learning Strategies #3685,Education,24100,1035,293,9.35,89.89,1022.5,360,16
VID03686,2024-12-20,Easy Recipes #3686,Food,3540,338,10,5.97,76.82,174.7,74,10
VID03687,2024-12-20,Interview Preparation #3687,Education,7377,312,65,4.07,51.49,846.7,151,19
VID03688,2024-12-20,Travel Mistakes #3688,Travel,8009,827,44,9.43,58.4,1002.7,128,18
VID03689,2024-12-20,Best Restaurants #3689,Food,2378,62,31,9.73,65.13,289.7,38,8
VID03690,2024-12-20,Weekend Vlog #3690,Lifestyle,5163,541,7,5.28,78.68,790.3,14,19
VID03691,2024-12-21,Best Apps #3691,Tech,12226,1342,35,8.4,55.7,669.2,116,20
VID03692,2024-12-21,Investment Basics #3692,Finance,30790,1084,386,7.42,63.24,2261.0,340,23
VID03693,2024-12-21,Productivity Tips #3693,Education,35566,1841,269,8.22,64.38,2800.0,507,10
VID03694,2024-12-21,Morning Routine #3694,Lifestyle,27169,1237,178,9.31,60.11,949.3,535,14
VID03695,2024-12-21,Best Places to Visit #3695,Travel,3195,86,37,11.06,72.21,269.9,44,19
VID03696,2024-12-21,Game Challenge #3696,Gaming,6499,268,45,6.63,76.13,370.8,44,23
VID03697,2024-12-21,Travel Guide #3697,Travel,36707,3021,183,10.91,76.11,2503.0,404,20
VID03698,2024-12-21,Daily Routine #3698,Lifestyle,5620,176,56,9.12,59.42,713.3,108,18
VID03699,2024-12-21,Interview Preparation #3699,Education,5839,631,55,10.48,64.11,704.5,128,10
VID03700,2024-12-21,Weekend Vlog #3700,Lifestyle,12810,1095,62,11.95,59.86,670.8,98,8
VID03701,2024-12-21,Tech Hacks #3701,Tech,11746,672,47,10.21,63.95,544.6,58,20
VID03702,2024-12-22,Budget Meals #3702,Food,42761,4214,190,5.74,60.75,3699.1,582,10
VID03703,2024-12-22,Day In My Life #3703,Lifestyle,5920,647,55,6.05,48.62,176.8,19,20
VID03704,2024-12-22,Budget Planning #3704,Finance,8007,873,108,8.58,67.15,706.4,33,18
VID03705,2024-12-22,Learning Strategies #3705,Education,12501,1192,62,7.05,58.44,301.8,152,6
VID03706,2024-12-22,Day In My Life #3706,Lifestyle,3595,113,15,7.31,67.66,450.7,46,12
VID03707,2024-12-22,Best Friend Problems #3707,Comedy,3345,198,19,7.93,46.69,112.7,62,20
VID03708,2024-12-22,Weekend Vlog #3708,Lifestyle,22018,1772,50,7.12,65.05,2217.7,157,22
VID03709,2024-12-22,Weekend Travel Vlog #3709,Travel,2310,144,26,7.1,33.51,77.1,12,20
VID03710,2024-12-22,Food Review #3710,Food,58569,3463,139,5.28,55.76,2736.4,278,14
VID03711,2024-12-22,Career Tips #3711,Education,22482,1215,181,8.78,71.02,1705.0,163,20
VID03712,2024-12-23,Weekend Travel Vlog #3712,Travel,57446,5335,319,4.14,75.33,3956.8,1090,19
VID03713,2024-12-23,Exam Preparation Guide #3713,Education,19910,1967,259,4.55,59.2,803.0,131,10
VID03714,2024-12-23,Credit Score Tips #3714,Finance,17182,1104,40,5.05,53.69,1076.5,151,23
VID03715,2024-12-23,Gaming Highlights #3715,Gaming,21234,1412,96,10.38,69.27,2184.4,150,20
VID03716,2024-12-23,Interview Preparation #3716,Education,31149,1662,88,6.76,69.1,3639.6,547,22
VID03717,2024-12-23,Credit Score Tips #3717,Finance,37914,4033,437,7.4,55.28,2031.1,342,14
VID03718,2024-12-23,Useful Tech Tips #3718,Tech,22956,1485,76,10.71,73.46,2630.5,197,12
VID03719,2024-12-23,Productivity Tips #3719,Education,14317,696,134,9.47,70.33,1428.1,247,18
VID03720,2024-12-23,Budget Lifestyle #3720,Lifestyle,8544,440,52,5.08,51.37,477.3,104,14
VID03721,2024-12-23,Exam Preparation Guide #3721,Education,4288,362,37,8.11,50.39,157.6,56,14
VID03722,2024-12-23,Weekend Vlog #3722,Lifestyle,6792,390,44,8.45,44.69,481.8,18,21
VID03723,2024-12-24,Best Settings #3723,Gaming,4819,387,15,7.65,63.5,193.3,108,20
VID03724,2024-12-24,Tech Hacks #3724,Tech,11104,483,109,9.88,47.31,810.5,224,18
VID03725,2024-12-24,Study Tips That Work #3725,Education,9981,456,130,11.21,51.65,521.5,211,12
VID03726,2024-12-24,Tech Hacks #3726,Tech,18242,1821,126,7.22,51.57,1659.7,124,12
VID03727,2024-12-24,Budget Planning #3727,Finance,12511,1230,59,8.12,79.67,1678.9,143,21
VID03728,2024-12-24,Gaming Tips #3728,Gaming,3801,361,23,8.29,69.46,437.9,54,21
VID03729,2024-12-24,Study Tips That Work #3729,Education,10688,1061,61,6.29,68.51,1193.8,221,19
VID03730,2024-12-24,Street Food Tour #3730,Food,5963,528,57,11.28,76.95,770.5,18,12
VID03731,2024-12-24,Weekend Travel Vlog #3731,Travel,7878,806,83,6.68,64.22,370.7,66,10
VID03732,2024-12-24,Useful Tech Tips #3732,Tech,70591,2783,363,8.61,81.3,5673.9,979,21
VID03733,2024-12-25,Weekend Travel Vlog #3733,Travel,19790,1174,134,10.08,69.26,2279.6,59,20
VID03734,2024-12-25,Best Places to Visit #3734,Travel,3173,120,16,6.99,69.95,177.7,50,22
VID03735,2024-12-25,Investment Basics #3735,Finance,6109,339,22,5.58,60.87,759.6,52,16
VID03736,2024-12-25,Learning Strategies #3736,Education,11850,745,165,6.45,68.97,1428.4,257,21
VID03737,2024-12-25,Productivity Tips #3737,Education,1788,89,24,9.72,53.97,110.3,34,16
VID03738,2024-12-25,Street Food Tour #3738,Food,11524,1213,37,7.56,59.05,414.2,105,19
VID03739,2024-12-25,Career Tips #3739,Education,1483,107,17,8.07,60.18,132.3,19,22
VID03740,2024-12-25,Productivity Tips #3740,Education,1601,166,16,6.41,66.72,126.6,37,19
VID03741,2024-12-25,Street Food Tour #3741,Food,2702,105,10,8.41,62.19,214.2,32,21
VID03742,2024-12-25,Weekend Vlog #3742,Lifestyle,4413,282,38,4.56,67.52,393.8,78,10
VID03743,2024-12-26,Food Review #3743,Food,18003,1016,184,8.1,59.39,1446.6,80,21
VID03744,2024-12-26,Best Friend Problems #3744,Comedy,861,45,10,5.97,44.88,71.5,10,16
VID03745,2024-12-26,Phone Features You Missed #3745,Tech,11302,671,34,7.56,57.94,667.4,112,16
VID03746,2024-12-26,Parents Be Like #3746,Comedy,5007,398,68,8.44,50.59,244.2,30,20
VID03747,2024-12-26,Healthy Habits #3747,Lifestyle,4926,501,45,8.32,53.65,495.5,68,21
VID03748,2024-12-26,Travel Mistakes #3748,Travel,10005,888,32,10.94,50.84,454.3,78,21
VID03749,2024-12-26,Best Places to Visit #3749,Travel,32291,3262,352,7.34,45.8,1859.2,506,18
VID03750,2024-12-26,Budget Meals #3750,Food,1932,68,21,7.75,71.31,301.4,35,21
VID03751,2024-12-26,Best Settings #3751,Gaming,2749,78,13,6.64,60.29,210.8,34,20
VID03752,2024-12-26,Morning Routine #3752,Lifestyle,9234,912,91,10.77,51.99,475.3,30,19
VID03753,2024-12-26,Weekend Vlog #3753,Lifestyle,6512,342,40,6.63,59.98,825.7,91,14
VID03754,2024-12-27,Food Review #3754,Food,26099,2380,136,9.67,59.84,755.7,468,22
VID03755,2024-12-27,Expectation vs Reality #3755,Comedy,3896,362,3,8.1,54.97,181.6,72,14
VID03756,2024-12-27,Tech Hacks #3756,Tech,1259,114,16,5.43,79.05,142.6,31,14
VID03757,2024-12-27,Healthy Habits #3757,Lifestyle,13819,912,183,5.52,56.26,1493.7,194,20
VID03758,2024-12-27,Saving Money #3758,Finance,1250,116,14,5.58,66.95,106.5,24,19
VID03759,2024-12-27,Street Food Tour #3759,Food,9661,568,38,9.91,68.1,939.4,202,23
VID03760,2024-12-27,Street Food Tour #3760,Food,10354,351,17,9.26,27.01,552.4,103,8
VID03761,2024-12-27,Office Comedy #3761,Comedy,66286,1786,640,7.71,49.65,3032.4,1414,19
VID03762,2024-12-27,Learning Strategies #3762,Education,7062,354,80,7.56,39.42,429.2,66,16
VID03763,2024-12-27,Exam Preparation Guide #3763,Education,24971,813,103,5.18,53.11,646.0,316,22
VID03764,2024-12-28,Personal Finance Tips #3764,Finance,3565,119,8,3.74,58.73,381.5,68,22
VID03765,2024-12-28,Learning Strategies #3765,Education,34922,3668,310,7.38,66.05,2991.0,450,8
VID03766,2024-12-28,Relatable College Life #3766,Comedy,19023,1677,86,6.8,57.16,1330.3,425,22
VID03767,2024-12-28,Interview Preparation #3767,Education,8639,444,77,4.51,65.74,584.7,139,18
VID03768,2024-12-28,Laptop Buying Guide #3768,Tech,7937,456,52,8.34,54.13,610.1,46,12
VID03769,2024-12-28,Hidden Places #3769,Travel,1384,92,17,9.99,65.49,139.9,16,22
VID03770,2024-12-28,Office Comedy #3770,Comedy,11652,933,28,5.86,72.86,1269.4,98,14
VID03771,2024-12-28,Cooking Tips #3771,Food,14936,1078,205,5.03,54.72,641.4,296,20
VID03772,2024-12-28,Budget Meals #3772,Food,2962,272,38,6.88,36.11,125.3,47,12
VID03773,2024-12-28,Office Comedy #3773,Comedy,11699,354,34,7.42,58.98,788.1,175,21
VID03774,2024-12-28,Weekend Travel Vlog #3774,Travel,8408,461,42,6.7,61.73,879.6,165,21
VID03775,2024-12-29,Street Food Tour #3775,Food,12826,1004,78,8.17,73.4,1224.6,119,22
VID03776,2024-12-29,Best Settings #3776,Gaming,9563,668,120,6.34,43.54,168.7,112,10
VID03777,2024-12-29,Budget Planning #3777,Finance,17823,458,119,4.76,54.61,1524.6,300,23
VID03778,2024-12-29,Investment Basics #3778,Finance,19822,1427,24,6.95,57.93,1423.2,72,19
VID03779,2024-12-29,Cooking Tips #3779,Food,12021,835,93,9.71,69.96,914.5,206,6
VID03780,2024-12-29,Expectation vs Reality #3780,Comedy,7388,657,72,4.86,52.07,441.7,70,12
VID03781,2024-12-29,Beginner Guide #3781,Gaming,47860,1904,643,10.23,56.44,2548.3,878,19
VID03782,2024-12-29,Productivity Tips #3782,Education,5903,612,61,9.68,75.48,612.2,77,22
VID03783,2024-12-29,Budget Meals #3783,Food,17910,873,241,3.94,54.49,1338.6,315,18
VID03784,2024-12-29,Funny Family Moments #3784,Comedy,18882,1991,69,7.5,53.55,1755.4,392,12
VID03785,2024-12-30,Career Tips #3785,Education,10972,506,52,8.93,83.29,560.2,190,19
VID03786,2024-12-30,Study Tips That Work #3786,Education,4526,369,23,6.88,59.3,454.4,15,20
VID03787,2024-12-30,Cooking Tips #3787,Food,6718,401,51,6.03,59.1,361.2,17,18
VID03788,2024-12-30,Healthy Habits #3788,Lifestyle,2188,87,6,5.64,90.0,132.3,42,20
VID03789,2024-12-30,Gaming Tips #3789,Gaming,16373,783,200,6.13,67.5,1119.4,61,8
VID03790,2024-12-30,Useful Tech Tips #3790,Tech,15049,1062,22,7.22,77.75,2165.4,226,20
VID03791,2024-12-30,Parents Be Like #3791,Comedy,6565,363,84,7.27,63.49,531.0,42,18
VID03792,2024-12-30,Food Review #3792,Food,23481,2540,53,6.35,61.26,2247.9,302,14
VID03793,2024-12-30,Phone Features You Missed #3793,Tech,937,95,1,8.43,81.33,135.3,9,16
VID03794,2024-12-30,Travel Guide #3794,Travel,12084,521,139,5.22,69.47,772.3,68,18
VID03795,2024-12-31,Credit Score Tips #3795,Finance,8929,850,117,9.23,59.61,1111.0,81,10
VID03796,2024-12-31,Budget Travel Tips #3796,Travel,26277,1652,27,8.38,56.3,1375.4,456,20
VID03797,2024-12-31,Interview Preparation #3797,Education,36848,921,110,3.29,61.74,2296.6,222,19
VID03798,2024-12-31,Travel Guide #3798,Travel,17327,1218,102,5.2,37.89,472.9,141,12
VID03799,2024-12-31,Tech Hacks #3799,Tech,18076,1358,106,1.5,54.27,1446.1,276,22
VID03800,2024-12-31,Study Tips That Work #3800,Education,5462,287,61,8.21,89.03,462.0,129,22
VID03801,2024-12-31,Easy Recipes #3801,Food,11265,707,56,9.95,70.58,1259.5,112,20
VID03802,2024-12-31,Saving Money #3802,Finance,3668,371,14,9.78,57.19,277.4,15,20
VID03803,2024-12-31,Budget Planning #3803,Finance,2624,147,28,9.67,68.97,337.2,24,22
VID03804,2024-12-31,Learning Strategies #3804,Education,4729,460,30,8.59,76.59,418.8,20,21
VID03805,2024-12-31,Relatable College Life #3805,Comedy,11706,382,99,7.02,63.05,1097.0,230,22
VID03806,2025-01-01,Best Friend Problems #3806,Comedy,18551,971,89,6.9,46.81,1131.5,217,6
VID03807,2025-01-01,AI Tools #3807,Tech,2980,127,5,6.33,57.71,273.3,62,19
VID03808,2025-01-01,Travel Mistakes #3808,Travel,3804,293,39,8.59,61.19,233.7,68,20
VID03809,2025-01-01,Office Comedy #3809,Comedy,14603,1076,197,11.06,52.68,1187.5,107,23
VID03810,2025-01-01,Day In My Life #3810,Lifestyle,7125,526,53,8.43,39.92,484.7,83,21
VID03811,2025-01-01,Budget Meals #3811,Food,5740,544,46,9.28,60.01,311.9,78,18
VID03812,2025-01-01,Funny Family Moments #3812,Comedy,17015,1177,136,11.23,29.92,618.1,43,18
VID03813,2025-01-01,Office Comedy #3813,Comedy,15518,1401,100,8.54,69.8,1300.5,80,14
VID03814,2025-01-01,Study Tips That Work #3814,Education,4459,304,16,9.78,74.78,448.9,61,6
VID03815,2025-01-01,Daily Routine #3815,Lifestyle,5387,389,34,7.49,59.78,305.2,20,14
VID03816,2025-01-02,Travel Mistakes #3816,Travel,4488,388,58,9.21,58.98,217.0,54,16
VID03817,2025-01-02,Funny Family Moments #3817,Comedy,41437,1160,325,7.09,52.56,2131.0,499,12
VID03818,2025-01-02,Study Tips That Work #3818,Education,9599,1042,119,6.44,61.41,823.6,216,10
VID03819,2025-01-02,Parents Be Like #3819,Comedy,8402,456,69,7.31,61.01,872.6,111,20
VID03820,2025-01-02,Street Food Tour #3820,Food,6225,317,78,5.51,59.62,287.9,85,16
VID03821,2025-01-02,Relatable College Life #3821,Comedy,13836,1287,42,9.77,49.78,1142.6,191,14
VID03822,2025-01-02,Expectation vs Reality #3822,Comedy,24969,1660,158,5.61,58.35,1695.7,338,6
VID03823,2025-01-02,Best Apps #3823,Tech,759,69,6,6.22,63.85,70.8,11,22
VID03824,2025-01-02,Cooking Tips #3824,Food,25979,1954,41,7.92,61.15,1979.2,72,20
VID03825,2025-01-02,Learning Strategies #3825,Education,3015,320,14,10.22,76.72,196.2,17,16
VID03826,2025-01-03,Career Tips #3826,Education,30634,1562,72,6.02,51.35,1703.3,223,6
VID03827,2025-01-03,Weekend Travel Vlog #3827,Travel,22626,926,208,7.79,67.19,926.9,199,18
VID03828,2025-01-03,Laptop Buying Guide #3828,Tech,63538,4594,85,6.05,44.52,4668.2,1314,19
VID03829,2025-01-03,Interview Preparation #3829,Education,204169,14257,1368,7.24,72.76,21256.9,2473,20
VID03830,2025-01-03,Study Tips That Work #3830,Education,5047,357,34,11.12,54.66,172.0,73,18
VID03831,2025-01-03,Budget Planning #3831,Finance,8217,583,36,8.99,82.94,398.7,130,14
VID03832,2025-01-03,Credit Score Tips #3832,Finance,1928,191,13,6.07,46.86,63.7,31,16
VID03833,2025-01-03,Exam Preparation Guide #3833,Education,4807,462,5,8.67,65.33,573.1,64,21
VID03834,2025-01-03,Game Challenge #3834,Gaming,8910,485,54,4.03,59.48,278.7,64,19
VID03835,2025-01-03,Tech Hacks #3835,Tech,10437,285,107,9.5,58.73,326.4,36,12
VID03836,2025-01-03,Investment Basics #3836,Finance,3965,267,25,10.38,76.45,447.5,70,21
VID03837,2025-01-04,Food Review #3837,Food,3255,217,28,9.69,61.01,169.5,53,23
VID03838,2025-01-04,Tech Hacks #3838,Tech,52750,1439,581,9.39,45.74,1222.0,440,21
VID03839,2025-01-04,Daily Routine #3839,Lifestyle,6612,522,31,7.44,60.68,481.1,20,16
VID03840,2025-01-04,Funny Family Moments #3840,Comedy,6335,655,27,5.2,34.82,518.2,111,10
VID03841,2025-01-04,Day In My Life #3841,Lifestyle,9256,394,32,8.98,75.16,756.5,57,21
VID03842,2025-01-04,Learning Strategies #3842,Education,9249,602,47,6.99,54.96,576.1,136,19
VID03843,2025-01-04,Expectation vs Reality #3843,Comedy,6290,582,82,9.93,62.49,544.9,34,23
VID03844,2025-01-04,Best Settings #3844,Gaming,13506,1470,184,8.37,76.87,1503.9,131,12
VID03845,2025-01-04,Budget Travel Tips #3845,Travel,8969,821,9,5.85,67.29,506.3,178,19
VID03846,2025-01-04,Budget Meals #3846,Food,36536,2506,143,10.87,57.25,4166.3,793,14
VID03847,2025-01-05,Weekend Vlog #3847,Lifestyle,14659,778,55,5.25,51.06,1060.4,190,8
VID03848,2025-01-05,Study Tips That Work #3848,Education,2879,194,31,5.26,60.65,401.5,11,19
VID03849,2025-01-05,Funny Family Moments #3849,Comedy,47602,4318,434,3.52,56.58,4990.9,856,20
VID03850,2025-01-05,Funny Family Moments #3850,Comedy,2827,85,35,8.64,36.36,86.5,48,21
VID03851,2025-01-05,Beginner Guide #3851,Gaming,7398,612,47,6.75,59.06,642.8,28,18
VID03852,2025-01-05,Productivity Tips #3852,Education,33769,1057,347,10.69,58.65,3988.2,145,18
VID03853,2025-01-05,AI Tools #3853,Tech,6642,410,36,5.51,58.05,306.1,136,8
VID03854,2025-01-05,Hidden Places #3854,Travel,19134,1939,243,7.39,71.48,1783.3,80,18
VID03855,2025-01-05,Best Settings #3855,Gaming,25100,1302,36,7.91,35.67,881.3,91,20
VID03856,2025-01-05,Best Places to Visit #3856,Travel,9816,1063,43,8.2,77.11,479.8,137,16
VID03857,2025-01-05,Investment Basics #3857,Finance,3401,172,21,8.7,59.84,178.0,14,18
VID03858,2025-01-06,Productivity Tips #3858,Education,24333,1116,167,7.23,61.82,3007.1,377,20
VID03859,2025-01-06,Weekend Vlog #3859,Lifestyle,15461,957,38,5.17,58.16,2132.5,157,8
VID03860,2025-01-06,Morning Routine #3860,Lifestyle,47686,1748,590,14.55,54.88,935.1,743,21
VID03861,2025-01-06,Weekend Vlog #3861,Lifestyle,5409,324,7,4.79,50.22,158.5,36,20
VID03862,2025-01-06,Expectation vs Reality #3862,Comedy,76298,5464,763,6.71,77.89,3590.8,288,18
VID03863,2025-01-06,Budget Travel Tips #3863,Travel,4875,510,18,5.77,63.93,497.2,106,19
VID03864,2025-01-06,Expectation vs Reality #3864,Comedy,11027,932,106,7.27,55.89,480.5,121,20
VID03865,2025-01-06,Expectation vs Reality #3865,Comedy,26170,2067,271,7.18,69.55,2491.3,113,14
VID03866,2025-01-06,Cooking Tips #3866,Food,89240,4928,991,8.44,56.09,5501.7,1771,23
VID03867,2025-01-06,Healthy Habits #3867,Lifestyle,70351,2921,463,6.1,49.44,6899.3,694,16
VID03868,2025-01-07,Study Tips That Work #3868,Education,28477,1022,256,7.01,76.13,3113.3,529,22
VID03869,2025-01-07,Top Games #3869,Gaming,7363,337,48,8.61,53.32,256.1,148,14
VID03870,2025-01-07,Money Mistakes #3870,Finance,10800,837,61,8.26,46.81,1108.7,128,23
VID03871,2025-01-07,Daily Routine #3871,Lifestyle,2473,84,5,7.97,61.37,162.8,34,16
VID03872,2025-01-07,Investment Basics #3872,Finance,3087,248,11,10.5,72.19,351.9,72,18
VID03873,2025-01-07,Relatable College Life #3873,Comedy,14033,449,63,8.47,63.55,898.3,205,21
VID03874,2025-01-07,Parents Be Like #3874,Comedy,12547,376,115,8.04,64.6,1174.8,240,6
VID03875,2025-01-07,Tech Hacks #3875,Tech,11492,429,136,7.54,69.96,1292.5,265,19
VID03876,2025-01-07,Relatable College Life #3876,Comedy,16421,1010,44,2.07,52.09,441.5,125,12
VID03877,2025-01-07,Tech Hacks #3877,Tech,19873,1978,249,6.72,70.16,1739.0,235,19
VID03878,2025-01-08,Saving Money #3878,Finance,9946,969,125,13.75,55.77,715.7,41,16
VID03879,2025-01-08,Gaming Highlights #3879,Gaming,19160,1180,201,7.82,70.74,1288.2,123,21
VID03880,2025-01-08,Exam Preparation Guide #3880,Education,9233,434,87,9.42,58.72,316.9,125,20
VID03881,2025-01-08,Productivity Tips #3881,Education,2796,290,32,7.89,54.99,278.1,52,8
VID03882,2025-01-08,AI Tools #3882,Tech,6771,375,21,9.56,68.03,947.5,91,23
VID03883,2025-01-08,Morning Routine #3883,Lifestyle,11024,854,32,9.22,45.22,578.6,216,16
VID03884,2025-01-08,Parents Be Like #3884,Comedy,2488,256,31,5.88,76.65,204.1,50,19
VID03885,2025-01-08,Tech Hacks #3885,Tech,18345,645,85,10.85,68.42,1585.4,370,23
VID03886,2025-01-08,Easy Recipes #3886,Food,4268,163,37,8.98,63.06,402.6,30,22
VID03887,2025-01-08,Learning Strategies #3887,Education,14168,514,57,8.9,61.01,1907.1,193,22
VID03888,2025-01-08,Exam Preparation Guide #3888,Education,11080,719,128,9.47,52.64,571.4,60,21
VID03889,2025-01-09,Morning Routine #3889,Lifestyle,1803,74,2,5.14,59.71,160.8,27,14
VID03890,2025-01-09,Budget Meals #3890,Food,17307,712,14,8.79,54.08,553.2,308,8
VID03891,2025-01-09,AI Tools #3891,Tech,11647,1098,94,4.69,58.25,678.7,199,20
VID03892,2025-01-09,Career Tips #3892,Education,7023,600,39,9.25,66.39,455.8,36,6
VID03893,2025-01-09,Career Tips #3893,Education,2254,108,10,6.28,46.35,214.6,22,19
VID03894,2025-01-09,Healthy Habits #3894,Lifestyle,3528,91,5,7.63,56.58,336.3,36,18
VID03895,2025-01-09,Budget Lifestyle #3895,Lifestyle,3173,283,11,10.09,63.21,301.1,19,14
VID03896,2025-01-09,Daily Routine #3896,Lifestyle,7899,820,89,5.62,70.7,870.3,28,20
VID03897,2025-01-09,Laptop Buying Guide #3897,Tech,2871,262,14,7.12,67.36,199.5,41,20
VID03898,2025-01-09,Game Challenge #3898,Gaming,12408,752,54,4.9,55.86,807.2,44,21
VID03899,2025-01-10,Productivity Tips #3899,Education,1952,192,23,11.07,50.01,60.3,35,10
VID03900,2025-01-10,Best Places to Visit #3900,Travel,11976,939,139,4.79,68.87,1331.9,108,18
VID03901,2025-01-10,Exam Preparation Guide #3901,Education,14560,586,64,3.23,64.26,1414.1,177,16
VID03902,2025-01-10,Best Apps #3902,Tech,8488,876,46,10.56,67.41,724.7,123,12
VID03903,2025-01-10,Easy Recipes #3903,Food,9765,718,36,5.47,62.11,263.5,206,14
VID03904,2025-01-10,Productivity Tips #3904,Education,1991,156,5,9.51,44.26,88.6,10,20
VID03905,2025-01-10,Budget Lifestyle #3905,Lifestyle,5853,512,10,7.86,74.36,559.1,87,20
VID03906,2025-01-10,Expectation vs Reality #3906,Comedy,23955,749,232,8.07,52.49,1422.4,193,18
VID03907,2025-01-10,Office Comedy #3907,Comedy,27067,2672,95,6.18,51.72,3178.1,180,10
VID03908,2025-01-10,Budget Meals #3908,Food,1257,136,12,3.68,68.26,185.0,22,18
VID03909,2025-01-10,Exam Preparation Guide #3909,Education,3509,384,33,7.07,62.04,96.8,17,19
VID03910,2025-01-11,Day In My Life #3910,Lifestyle,8920,786,45,11.29,57.94,814.3,142,21
VID03911,2025-01-11,Budget Travel Tips #3911,Travel,184644,12441,1531,6.33,56.23,19267.1,1705,21
VID03912,2025-01-11,Travel Guide #3912,Travel,4765,177,11,7.67,55.45,221.8,58,16
VID03913,2025-01-11,Relatable College Life #3913,Comedy,4962,363,38,10.64,72.1,280.1,46,19
VID03914,2025-01-11,Best Friend Problems #3914,Comedy,2447,146,23,7.86,44.47,43.8,18,20
VID03915,2025-01-11,Budget Planning #3915,Finance,3683,184,21,9.91,66.73,121.7,51,20
VID03916,2025-01-11,Study Tips That Work #3916,Education,3629,242,28,9.71,43.01,268.3,50,21
VID03917,2025-01-11,Credit Score Tips #3917,Finance,34198,3241,305,6.47,66.75,2217.1,536,19
VID03918,2025-01-11,Easy Recipes #3918,Food,7061,746,30,7.57,70.88,271.3,133,22
VID03919,2025-01-11,Laptop Buying Guide #3919,Tech,7829,270,28,7.69,55.52,177.7,94,19
VID03920,2025-01-12,Investment Basics #3920,Finance,26512,2210,201,6.33,65.19,1626.4,304,10
VID03921,2025-01-12,Best Friend Problems #3921,Comedy,14633,742,194,8.62,55.57,962.3,312,21
VID03922,2025-01-12,Office Comedy #3922,Comedy,15958,1553,100,9.97,60.0,2050.2,234,19
VID03923,2025-01-12,Interview Preparation #3923,Education,6769,601,41,6.89,60.24,922.4,152,8
VID03924,2025-01-12,Best Friend Problems #3924,Comedy,2661,104,23,10.47,58.06,155.4,43,20
VID03925,2025-01-12,Healthy Habits #3925,Lifestyle,30461,2442,165,10.86,48.87,2068.2,134,12
VID03926,2025-01-12,Study Tips That Work #3926,Education,9591,709,106,8.28,64.01,1288.8,171,20
VID03927,2025-01-12,Daily Routine #3927,Lifestyle,48037,2344,504,8.54,64.86,1258.5,540,21
VID03928,2025-01-12,Travel Guide #3928,Travel,33017,2572,197,9.85,67.02,2838.3,137,6
VID03929,2025-01-12,Exam Preparation Guide #3929,Education,39589,3648,216,6.57,62.26,4002.3,507,20
VID03930,2025-01-13,Best Restaurants #3930,Food,72265,4855,650,8.56,54.05,2021.7,248,12
VID03931,2025-01-13,Useful Tech Tips #3931,Tech,9462,687,83,10.57,77.79,756.2,208,19
VID03932,2025-01-13,Funny Family Moments #3932,Comedy,32332,3540,44,10.5,72.26,5213.6,176,21
VID03933,2025-01-13,Money Mistakes #3933,Finance,19890,865,217,6.55,44.18,370.5,279,21
VID03934,2025-01-13,Funny Family Moments #3934,Comedy,15257,478,165,8.31,54.38,1299.1,219,21
VID03935,2025-01-13,Phone Features You Missed #3935,Tech,85885,8223,732,7.69,84.96,9109.0,324,22
VID03936,2025-01-13,Street Food Tour #3936,Food,44296,2834,540,5.88,64.63,1181.9,726,14
VID03937,2025-01-13,Productivity Tips #3937,Education,2645,80,23,10.15,59.09,103.7,13,10
VID03938,2025-01-13,Productivity Tips #3938,Education,9524,462,102,5.45,46.61,334.7,73,22
VID03939,2025-01-13,Budget Lifestyle #3939,Lifestyle,7346,398,92,9.38,54.84,634.7,74,14
VID03940,2025-01-13,Beginner Guide #3940,Gaming,39888,1649,512,4.73,64.92,3568.4,689,12
VID03941,2025-01-14,Game Challenge #3941,Gaming,24709,1920,79,8.53,60.18,1365.8,89,14
VID03942,2025-01-14,Office Comedy #3942,Comedy,24789,1397,178,6.2,55.61,1864.7,427,21
VID03943,2025-01-14,Budget Planning #3943,Finance,19613,560,120,9.19,70.14,1815.9,143,22
VID03944,2025-01-14,Easy Recipes #3944,Food,5405,197,41,8.7,49.17,420.9,50,22
VID03945,2025-01-14,Tech Hacks #3945,Tech,55236,5047,370,9.39,66.62,2902.8,684,18
VID03946,2025-01-14,Top Games #3946,Gaming,6798,201,52,8.14,56.21,538.5,144,16
VID03947,2025-01-14,Credit Score Tips #3947,Finance,12770,350,61,4.9,68.73,705.3,196,8
VID03948,2025-01-14,Parents Be Like #3948,Comedy,42350,2525,83,8.79,51.44,2411.1,226,14
VID03949,2025-01-14,Hidden Places #3949,Travel,29901,901,282,8.06,37.32,1772.7,71,20
VID03950,2025-01-14,Personal Finance Tips #3950,Finance,2314,190,25,4.77,55.3,265.5,34,20
VID03951,2025-01-15,Weekend Travel Vlog #3951,Travel,66026,2998,206,9.22,40.8,5602.1,241,20
VID03952,2025-01-15,Expectation vs Reality #3952,Comedy,25121,2266,61,6.77,52.98,819.5,404,12
VID03953,2025-01-15,Personal Finance Tips #3953,Finance,12650,1373,80,2.67,52.58,1121.0,74,20
VID03954,2025-01-15,Weekend Travel Vlog #3954,Travel,21732,1700,278,5.8,48.72,1638.0,262,23
VID03955,2025-01-15,Weekend Vlog #3955,Lifestyle,10834,619,107,3.81,72.78,929.3,112,12
VID03956,2025-01-15,Office Comedy #3956,Comedy,49959,3819,193,9.59,70.38,4020.8,535,20
VID03957,2025-01-15,Budget Travel Tips #3957,Travel,1840,46,23,8.88,38.2,131.4,8,20
VID03958,2025-01-15,Food Review #3958,Food,1294,45,14,7.88,54.97,146.6,14,23
VID03959,2025-01-15,Relatable College Life #3959,Comedy,13383,806,168,5.06,50.39,474.5,249,21
VID03960,2025-01-15,Travel Mistakes #3960,Travel,2988,118,12,6.55,51.95,58.6,14,14
VID03961,2025-01-15,Game Challenge #3961,Gaming,7985,409,92,9.77,67.02,831.2,96,20
VID03962,2025-01-16,Expectation vs Reality #3962,Comedy,30356,2785,365,8.69,58.45,1177.8,215,20
VID03963,2025-01-16,Budget Travel Tips #3963,Travel,71462,6861,897,7.32,61.71,3539.1,936,20
VID03964,2025-01-16,Best Apps #3964,Tech,23083,2340,206,10.27,42.67,928.7,238,21
VID03965,2025-01-16,Game Challenge #3965,Gaming,6945,686,7,1.5,43.3,237.6,118,10
VID03966,2025-01-16,Travel Guide #3966,Travel,7586,361,20,7.2,82.71,356.6,172,20
VID03967,2025-01-16,Best Settings #3967,Gaming,2922,88,27,8.76,74.25,208.4,24,16
VID03968,2025-01-16,Healthy Habits #3968,Lifestyle,11776,823,93,6.44,53.76,1235.8,207,20
VID03969,2025-01-16,Relatable College Life #3969,Comedy,9517,777,84,12.22,71.48,662.3,30,8
VID03970,2025-01-16,Street Food Tour #3970,Food,9717,675,58,6.0,56.7,403.1,212,22
VID03971,2025-01-16,Money Mistakes #3971,Finance,22589,2203,172,11.37,66.08,3387.4,116,8
VID03972,2025-01-17,Exam Preparation Guide #3972,Education,29907,1933,156,6.74,30.17,1150.7,148,18
VID03973,2025-01-17,Morning Routine #3973,Lifestyle,24881,1325,105,6.05,64.05,815.2,399,8
VID03974,2025-01-17,Funny Family Moments #3974,Comedy,8903,621,91,4.8,53.66,576.8,74,18
VID03975,2025-01-17,Money Mistakes #3975,Finance,8193,248,80,10.22,56.71,897.1,100,20
VID03976,2025-01-17,Budget Planning #3976,Finance,11852,802,155,5.07,51.77,754.6,121,21
VID03977,2025-01-17,Easy Recipes #3977,Food,11747,575,86,7.45,70.85,336.8,162,20
VID03978,2025-01-17,Laptop Buying Guide #3978,Tech,17489,1739,45,10.53,71.58,2707.0,400,21
VID03979,2025-01-17,Budget Travel Tips #3979,Travel,6158,185,56,10.46,48.8,511.8,103,20
VID03980,2025-01-17,Weekend Travel Vlog #3980,Travel,11345,740,20,6.2,68.03,549.9,114,19
VID03981,2025-01-17,Game Challenge #3981,Gaming,11595,1094,118,8.0,66.6,665.3,268,8
VID03982,2025-01-18,Top Games #3982,Gaming,1716,146,6,8.24,46.48,128.8,16,8
VID03983,2025-01-18,Gaming Highlights #3983,Gaming,5839,370,22,9.64,63.31,159.3,110,21
VID03984,2025-01-18,Credit Score Tips #3984,Finance,3036,108,27,8.52,67.73,375.2,42,21
VID03985,2025-01-18,Expectation vs Reality #3985,Comedy,33789,858,201,7.88,73.08,3906.4,583,18
VID03986,2025-01-18,AI Tools #3986,Tech,6462,662,27,8.27,75.56,810.4,138,20
VID03987,2025-01-18,Hidden Places #3987,Travel,8581,858,64,6.12,45.53,257.3,146,19
VID03988,2025-01-18,Food Review #3988,Food,4021,172,12,6.63,43.63,186.5,29,18
VID03989,2025-01-18,Interview Preparation #3989,Education,11230,492,116,7.59,65.72,1070.0,57,20
VID03990,2025-01-18,Office Comedy #3990,Comedy,16499,1460,132,7.47,61.5,1671.4,237,21
VID03991,2025-01-18,Phone Features You Missed #3991,Tech,3862,415,42,11.15,53.79,342.4,80,16
VID03992,2025-01-18,Gaming Tips #3992,Gaming,14555,466,45,7.09,54.61,1197.7,107,22
VID03993,2025-01-19,Travel Guide #3993,Travel,23339,1283,49,8.3,39.55,575.0,144,8
VID03994,2025-01-19,Phone Features You Missed #3994,Tech,4857,318,27,5.28,59.05,271.8,92,18
VID03995,2025-01-19,Productivity Tips #3995,Education,2253,93,30,8.44,58.9,152.9,21,18
VID03996,2025-01-19,Productivity Tips #3996,Education,10684,829,91,9.38,61.43,267.9,181,23
VID03997,2025-01-19,Money Mistakes #3997,Finance,2337,98,5,5.82,67.92,316.3,50,23
VID03998,2025-01-19,Personal Finance Tips #3998,Finance,13233,1413,22,6.49,82.19,1620.6,45,16
VID03999,2025-01-19,Best Apps #3999,Tech,25566,1349,132,10.46,54.39,1174.8,295,12
VID04000,2025-01-19,Exam Preparation Guide #4000,Education,19080,1198,259,9.37,73.03,2183.6,115,19
VID04001,2025-01-19,Learning Strategies #4001,Education,3959,156,45,7.4,69.84,484.3,39,12
VID04002,2025-01-19,Exam Preparation Guide #4002,Education,6307,364,79,6.15,56.52,403.3,49,12
VID04003,2025-01-20,Beginner Guide #4003,Gaming,15271,1121,84,3.46,67.03,1268.2,243,18
VID04004,2025-01-20,Best Friend Problems #4004,Comedy,4827,198,14,7.48,77.61,298.1,105,18
VID04005,2025-01-20,Easy Recipes #4005,Food,12891,663,118,9.8,51.93,961.7,223,10
VID04006,2025-01-20,Credit Score Tips #4006,Finance,8574,818,35,4.31,59.71,771.2,80,12
VID04007,2025-01-20,Top Games #4007,Gaming,5950,323,29,8.31,73.09,692.5,122,18
VID04008,2025-01-20,Study Tips That Work #4008,Education,26627,2551,342,8.43,64.82,1146.1,577,20
VID04009,2025-01-20,Street Food Tour #4009,Food,7429,286,80,6.25,70.14,661.1,108,20
VID04010,2025-01-20,Top Games #4010,Gaming,10721,522,83,10.39,51.6,934.0,168,10
VID04011,2025-01-20,Morning Routine #4011,Lifestyle,15991,1072,137,7.71,58.83,1505.3,283,12
VID04012,2025-01-20,Budget Travel Tips #4012,Travel,40461,1049,560,7.96,63.88,4788.1,475,18
VID04013,2025-01-20,Hidden Places #4013,Travel,13464,374,111,7.03,70.56,744.7,231,14
VID04014,2025-01-21,Interview Preparation #4014,Education,32612,3285,287,14.36,60.85,3936.8,636,14
VID04015,2025-01-21,Productivity Tips #4015,Education,4597,125,57,4.7,72.3,333.0,13,6
VID04016,2025-01-21,Saving Money #4016,Finance,23460,1557,265,9.5,61.04,1998.5,376,19
VID04017,2025-01-21,Food Review #4017,Food,7537,340,27,8.22,39.0,301.0,124,19
VID04018,2025-01-21,Credit Score Tips #4018,Finance,5426,356,47,7.17,57.85,274.4,83,21
VID04019,2025-01-21,Morning Routine #4019,Lifestyle,19829,1265,228,9.34,67.15,2352.4,161,12
VID04020,2025-01-21,Gaming Tips #4020,Gaming,22579,784,39,9.98,64.61,1656.2,497,21
VID04021,2025-01-21,Tech Hacks #4021,Tech,6986,753,86,10.53,74.2,921.0,49,20
VID04022,2025-01-21,Useful Tech Tips #4022,Tech,3095,96,30,7.47,35.29,235.8,46,23
VID04023,2025-01-21,Travel Guide #4023,Travel,53362,2015,176,10.92,52.72,3454.2,1068,20
VID04024,2025-01-22,Morning Routine #4024,Lifestyle,36969,1734,511,9.15,50.41,3467.9,700,21
VID04025,2025-01-22,Easy Recipes #4025,Food,10529,742,142,7.7,64.25,794.0,247,16
VID04026,2025-01-22,Funny Family Moments #4026,Comedy,14494,704,198,8.33,55.4,1563.0,117,10
VID04027,2025-01-22,Tech Hacks #4027,Tech,5992,183,11,6.5,58.1,585.0,61,18
VID04028,2025-01-22,Phone Features You Missed #4028,Tech,18958,729,107,6.5,45.0,584.3,188,8
VID04029,2025-01-22,AI Tools #4029,Tech,8162,414,112,8.13,59.26,586.3,163,21
VID04030,2025-01-22,Food Review #4030,Food,55000,4125,419,12.03,59.84,3112.2,843,19
VID04031,2025-01-22,Tech Hacks #4031,Tech,57594,3114,547,7.17,69.05,9194.4,1087,12
VID04032,2025-01-22,Best Restaurants #4032,Food,22876,2155,271,6.5,37.16,1488.6,193,20
VID04033,2025-01-22,Study Tips That Work #4033,Education,16592,1591,50,8.46,42.75,1226.6,73,10
VID04034,2025-01-23,Career Tips #4034,Education,116661,11337,1140,11.9,52.56,3882.7,346,20
VID04035,2025-01-23,Budget Planning #4035,Finance,2492,237,30,5.34,52.3,153.4,26,16
VID04036,2025-01-23,Credit Score Tips #4036,Finance,11247,534,155,9.6,65.9,377.1,231,12
VID04037,2025-01-23,Personal Finance Tips #4037,Finance,51183,1781,255,7.84,50.68,5503.5,652,12
VID04038,2025-01-23,Funny Family Moments #4038,Comedy,14015,527,61,10.13,61.09,701.4,73,12
VID04039,2025-01-23,Expectation vs Reality #4039,Comedy,32612,3355,120,7.03,60.71,1646.1,698,19
VID04040,2025-01-23,Interview Preparation #4040,Education,14102,1504,101,6.11,45.07,760.6,96,21
VID04041,2025-01-23,Daily Routine #4041,Lifestyle,4270,278,9,13.56,59.91,247.8,91,12
VID04042,2025-01-23,Money Mistakes #4042,Finance,6244,285,36,6.93,90.0,1180.6,88,20
VID04043,2025-01-23,Best Friend Problems #4043,Comedy,48169,1600,204,7.44,47.46,5139.1,896,20
VID04044,2025-01-23,Useful Tech Tips #4044,Tech,25487,1897,42,7.93,70.4,1371.7,356,21
VID04045,2025-01-24,Weekend Vlog #4045,Lifestyle,66726,6496,291,9.71,72.93,5847.7,1555,20
VID04046,2025-01-24,Interview Preparation #4046,Education,14312,620,196,6.84,63.4,1086.6,118,20
VID04047,2025-01-24,Study Tips That Work #4047,Education,6130,226,34,10.69,73.8,833.9,79,19
VID04048,2025-01-24,Best Restaurants #4048,Food,30630,1813,417,6.41,51.92,1633.0,674,20
VID04049,2025-01-24,Budget Meals #4049,Food,1569,41,8,7.97,73.61,104.4,36,23
VID04050,2025-01-24,Gaming Highlights #4050,Gaming,16097,889,147,9.53,74.84,1097.3,203,19
VID04051,2025-01-24,Easy Recipes #4051,Food,27631,2248,300,6.2,71.12,1435.4,291,19
VID04052,2025-01-24,Phone Features You Missed #4052,Tech,13859,1018,100,10.32,75.88,994.7,61,20
VID04053,2025-01-24,Credit Score Tips #4053,Finance,12846,850,43,7.4,47.15,934.3,76,20
VID04054,2025-01-24,Learning Strategies #4054,Education,5510,361,26,3.04,63.46,627.7,48,12
VID04055,2025-01-25,Credit Score Tips #4055,Finance,127032,8961,1525,9.23,83.73,14644.3,1144,10
VID04056,2025-01-25,Phone Features You Missed #4056,Tech,18804,1415,177,7.66,68.25,2995.8,105,18
VID04057,2025-01-25,Beginner Guide #4057,Gaming,14809,1542,18,10.9,66.88,1086.0,64,21
VID04058,2025-01-25,Easy Recipes #4058,Food,10722,348,83,8.13,51.25,853.5,146,21
VID04059,2025-01-25,Street Food Tour #4059,Food,18768,1118,238,6.86,59.54,2173.6,267,16
VID04060,2025-01-25,Funny Family Moments #4060,Comedy,6665,317,33,3.81,90.0,495.4,127,18
VID04061,2025-01-25,Relatable College Life #4061,Comedy,2525,113,17,1.98,84.95,300.0,15,18
VID04062,2025-01-25,Best Apps #4062,Tech,88090,4618,678,10.37,60.17,12345.3,681,18
VID04063,2025-01-25,Money Mistakes #4063,Finance,3652,304,43,6.06,59.63,213.4,21,19
VID04064,2025-01-25,Daily Routine #4064,Lifestyle,15316,1385,172,3.45,50.56,1071.8,72,14
VID04065,2025-01-25,Morning Routine #4065,Lifestyle,6295,629,8,12.99,62.31,322.9,116,16
VID04066,2025-01-26,Best Places to Visit #4066,Travel,1973,164,17,6.09,64.78,162.5,25,19
VID04067,2025-01-26,Travel Mistakes #4067,Travel,20288,1640,118,10.39,49.77,614.8,440,20
VID04068,2025-01-26,AI Tools #4068,Tech,6426,602,63,4.51,52.78,639.5,117,12
VID04069,2025-01-26,Productivity Tips #4069,Education,2247,241,3,11.53,88.54,276.5,21,14
VID04070,2025-01-26,Expectation vs Reality #4070,Comedy,6216,423,62,5.97,74.28,172.8,108,22
VID04071,2025-01-26,Budget Travel Tips #4071,Travel,4557,126,4,9.5,71.6,528.2,110,12
VID04072,2025-01-26,Gaming Tips #4072,Gaming,8889,851,122,11.08,69.54,578.7,60,19
VID04073,2025-01-26,Best Friend Problems #4073,Comedy,4788,296,58,8.43,57.16,558.5,86,14
VID04074,2025-01-26,Game Challenge #4074,Gaming,11415,504,125,6.5,48.48,576.4,134,20
VID04075,2025-01-26,Day In My Life #4075,Lifestyle,16422,1128,205,6.92,58.69,869.1,133,19
VID04076,2025-01-27,Office Comedy #4076,Comedy,6779,275,7,10.19,56.4,418.3,27,14
VID04077,2025-01-27,Office Comedy #4077,Comedy,4775,455,16,5.7,54.83,333.3,16,21
VID04078,2025-01-27,Expectation vs Reality #4078,Comedy,8871,840,40,7.05,65.13,1287.5,194,20
VID04079,2025-01-27,Gaming Tips #4079,Gaming,7400,420,74,7.95,56.6,327.4,45,20
VID04080,2025-01-27,Food Review #4080,Food,3065,155,7,8.42,59.12,111.5,28,18
VID04081,2025-01-27,Budget Lifestyle #4081,Lifestyle,14389,1280,145,11.46,78.71,912.9,230,20
VID04082,2025-01-27,Best Friend Problems #4082,Comedy,7109,527,41,7.01,68.14,465.0,41,12
VID04083,2025-01-27,Gaming Highlights #4083,Gaming,1362,111,8,7.98,47.33,111.1,15,22
VID04084,2025-01-27,Travel Guide #4084,Travel,22623,1358,282,8.77,70.56,1778.6,313,14
VID04085,2025-01-27,Saving Money #4085,Finance,3449,377,35,3.86,67.39,291.4,39,21
VID04086,2025-01-28,Office Comedy #4086,Comedy,3048,287,23,10.63,55.2,289.5,54,6
VID04087,2025-01-28,Interview Preparation #4087,Education,4964,427,33,5.53,43.51,437.3,92,21
VID04088,2025-01-28,Healthy Habits #4088,Lifestyle,18552,1741,168,12.33,43.73,1401.8,206,8
VID04089,2025-01-28,Day In My Life #4089,Lifestyle,7541,555,73,8.11,57.41,253.2,83,18
VID04090,2025-01-28,Beginner Guide #4090,Gaming,13263,714,70,8.54,50.65,938.6,138,19
VID04091,2025-01-28,Gaming Highlights #4091,Gaming,4728,406,43,7.56,45.69,151.1,73,12
VID04092,2025-01-28,Healthy Habits #4092,Lifestyle,15408,736,148,6.44,50.31,1342.4,125,12
VID04093,2025-01-28,Parents Be Like #4093,Comedy,117422,10466,369,10.07,70.11,13579.4,2671,19
VID04094,2025-01-28,Budget Meals #4094,Food,7495,359,90,7.01,69.59,382.3,58,23
VID04095,2025-01-28,Relatable College Life #4095,Comedy,25600,2324,21,11.66,59.34,3009.2,482,12
VID04096,2025-01-28,Funny Family Moments #4096,Comedy,22436,990,113,7.57,51.84,2138.8,179,12
VID04097,2025-01-29,Best Friend Problems #4097,Comedy,4761,298,51,8.76,60.33,470.0,40,19
VID04098,2025-01-29,Productivity Tips #4098,Education,13890,922,142,8.69,44.34,235.1,52,21
VID04099,2025-01-29,Interview Preparation #4099,Education,25596,688,122,8.49,58.16,672.1,408,21
VID04100,2025-01-29,Travel Guide #4100,Travel,4571,279,36,9.11,49.98,392.6,53,12
VID04101,2025-01-29,Tech Hacks #4101,Tech,35986,3952,249,9.97,70.87,2544.3,345,16
VID04102,2025-01-29,Travel Mistakes #4102,Travel,1203,72,8,7.74,49.09,118.0,13,21
VID04103,2025-01-29,Best Settings #4103,Gaming,6299,688,21,11.96,58.28,223.9,116,18
VID04104,2025-01-29,Learning Strategies #4104,Education,8420,244,12,9.69,65.41,787.0,67,21
VID04105,2025-01-29,Food Review #4105,Food,1669,180,2,7.62,63.26,182.4,6,21
VID04106,2025-01-29,Learning Strategies #4106,Education,1087,107,4,6.75,84.33,137.5,25,21
VID04107,2025-01-30,Personal Finance Tips #4107,Finance,8227,542,108,7.62,56.03,731.5,155,18
VID04108,2025-01-30,Best Friend Problems #4108,Comedy,8740,490,8,7.71,69.51,743.4,93,20
VID04109,2025-01-30,Credit Score Tips #4109,Finance,7136,202,82,6.48,58.72,330.2,27,20
VID04110,2025-01-30,Travel Mistakes #4110,Travel,7613,421,79,5.46,62.8,1010.4,46,12
VID04111,2025-01-30,Relatable College Life #4111,Comedy,29621,1729,100,9.61,60.59,1067.3,242,8
VID04112,2025-01-30,Game Challenge #4112,Gaming,6301,550,47,7.61,70.99,516.7,26,22
VID04113,2025-01-30,Morning Routine #4113,Lifestyle,11532,502,54,7.57,75.88,361.7,90,21
VID04114,2025-01-30,Gaming Highlights #4114,Gaming,4123,193,31,10.02,57.8,508.1,31,20
VID04115,2025-01-30,Office Comedy #4115,Comedy,5430,171,24,8.26,87.75,244.1,130,16
VID04116,2025-01-30,AI Tools #4116,Tech,3387,85,31,9.28,62.77,403.5,49,18
VID04117,2025-01-30,Day In My Life #4117,Lifestyle,42033,2155,332,10.37,65.3,3432.9,314,12
VID04118,2025-01-31,Cooking Tips #4118,Food,17547,1667,155,6.48,67.15,765.2,109,18
VID04119,2025-01-31,Game Challenge #4119,Gaming,2378,135,12,5.81,49.49,159.4,29,22
VID04120,2025-01-31,Office Comedy #4120,Comedy,22095,2225,308,8.31,58.89,2017.7,411,19
VID04121,2025-01-31,Parents Be Like #4121,Comedy,19228,1962,87,8.4,54.45,891.4,279,12
VID04122,2025-01-31,Parents Be Like #4122,Comedy,45478,3810,117,6.07,40.17,1696.5,163,23
VID04123,2025-01-31,Daily Routine #4123,Lifestyle,13861,386,11,9.79,60.99,486.3,78,20
VID04124,2025-01-31,Interview Preparation #4124,Education,21679,2104,275,6.24,40.01,891.2,217,21
VID04125,2025-01-31,Budget Lifestyle #4125,Lifestyle,3780,318,27,5.35,58.49,124.8,51,19
VID04126,2025-01-31,Healthy Habits #4126,Lifestyle,5830,569,59,12.3,73.62,316.6,111,12
VID04127,2025-01-31,Weekend Travel Vlog #4127,Travel,10405,1120,132,7.44,47.22,643.6,165,19
VID04128,2025-02-01,Day In My Life #4128,Lifestyle,19326,691,222,11.1,60.14,2163.1,354,20
VID04129,2025-02-01,Best Apps #4129,Tech,8124,274,12,8.09,50.21,223.3,101,22
VID04130,2025-02-01,Best Settings #4130,Gaming,8186,828,56,10.87,72.78,345.6,46,16
VID04131,2025-02-01,Daily Routine #4131,Lifestyle,13740,717,182,8.83,59.47,519.5,199,20
VID04132,2025-02-01,Healthy Habits #4132,Lifestyle,4172,405,33,12.5,53.36,174.7,78,10
VID04133,2025-02-01,Relatable College Life #4133,Comedy,25480,1701,119,4.57,60.92,1604.8,294,21
VID04134,2025-02-01,Gaming Tips #4134,Gaming,3510,169,35,10.21,69.05,356.8,80,10
VID04135,2025-02-01,Beginner Guide #4135,Gaming,7980,679,97,5.57,67.6,257.3,64,10
VID04136,2025-02-01,Investment Basics #4136,Finance,12449,611,148,4.21,84.5,1742.3,61,20
VID04137,2025-02-01,Tech Hacks #4137,Tech,1829,77,14,6.4,69.01,103.9,29,19
VID04138,2025-02-02,Daily Routine #4138,Lifestyle,15960,934,59,4.07,56.64,545.0,339,19
VID04139,2025-02-02,Weekend Vlog #4139,Lifestyle,14229,1355,147,7.72,77.33,678.0,96,10
VID04140,2025-02-02,Top Games #4140,Gaming,36923,1031,163,9.68,72.01,3078.8,641,10
VID04141,2025-02-02,Career Tips #4141,Education,4974,410,69,8.94,90.0,887.5,93,22
VID04142,2025-02-02,Daily Routine #4142,Lifestyle,12802,696,168,6.44,57.2,1123.7,208,14
VID04143,2025-02-02,Relatable College Life #4143,Comedy,30486,901,60,8.01,58.64,666.6,227,10
VID04144,2025-02-02,Useful Tech Tips #4144,Tech,5437,142,24,6.98,90.0,885.8,42,18
VID04145,2025-02-02,Best Places to Visit #4145,Travel,14988,878,64,7.41,48.49,334.3,141,19
VID04146,2025-02-02,Healthy Habits #4146,Lifestyle,20738,1901,119,8.1,53.74,2227.7,235,10
VID04147,2025-02-02,Investment Basics #4147,Finance,18094,1344,239,9.68,68.05,1696.8,309,19
VID04148,2025-02-02,Weekend Vlog #4148,Lifestyle,1883,198,11,5.19,56.75,186.9,9,12
VID04149,2025-02-03,Game Challenge #4149,Gaming,21140,1367,97,7.3,42.82,1470.5,126,22
VID04150,2025-02-03,Relatable College Life #4150,Comedy,25199,1022,207,7.85,45.73,1169.9,394,16
VID04151,2025-02-03,Tech Hacks #4151,Tech,14627,1558,134,5.03,54.29,1532.7,126,18
VID04152,2025-02-03,Best Apps #4152,Tech,37923,3055,83,8.36,52.85,3120.3,197,20
VID04153,2025-02-03,Best Friend Problems #4153,Comedy,28117,1699,188,7.43,56.76,1470.6,300,22
VID04154,2025-02-03,Funny Family Moments #4154,Comedy,9045,347,108,7.76,57.69,253.3,38,8
VID04155,2025-02-03,Day In My Life #4155,Lifestyle,16068,1359,86,8.47,58.8,1739.3,91,14
VID04156,2025-02-03,Expectation vs Reality #4156,Comedy,10069,711,90,7.14,36.2,427.7,64,18
VID04157,2025-02-03,Best Friend Problems #4157,Comedy,9344,515,111,7.15,70.01,845.5,190,18
VID04158,2025-02-03,Street Food Tour #4158,Food,5551,210,55,6.67,51.88,282.1,122,12
VID04159,2025-02-04,Funny Family Moments #4159,Comedy,31074,1800,138,9.71,82.3,1812.6,431,8
VID04160,2025-02-04,Travel Mistakes #4160,Travel,35576,3263,131,5.8,63.35,1545.8,283,12
VID04161,2025-02-04,Day In My Life #4161,Lifestyle,21145,2065,17,5.35,65.14,2053.4,122,14
VID04162,2025-02-04,Game Challenge #4162,Gaming,31354,3171,399,7.35,65.89,1183.4,428,20
VID04163,2025-02-04,Street Food Tour #4163,Food,31422,2754,160,3.36,71.67,1214.9,570,12
VID04164,2025-02-04,Best Restaurants #4164,Food,11161,769,111,7.04,81.78,1719.5,133,18
VID04165,2025-02-04,Money Mistakes #4165,Finance,3343,233,26,8.72,69.65,234.8,11,12
VID04166,2025-02-04,Weekend Vlog #4166,Lifestyle,5198,559,52,9.13,65.91,263.1,111,14
VID04167,2025-02-04,Exam Preparation Guide #4167,Education,4419,188,31,3.14,72.3,128.7,27,19
VID04168,2025-02-04,Phone Features You Missed #4168,Tech,24562,1119,283,6.31,70.3,2086.2,366,18
VID04169,2025-02-05,Easy Recipes #4169,Food,54793,3967,514,6.85,62.87,5421.6,1093,18
VID04170,2025-02-05,Budget Travel Tips #4170,Travel,7664,586,98,6.01,62.0,863.8,101,20
VID04171,2025-02-05,Funny Family Moments #4171,Comedy,14409,1198,121,6.93,72.77,2118.2,322,21
VID04172,2025-02-05,Useful Tech Tips #4172,Tech,28111,1072,319,5.96,58.67,2555.0,443,10
VID04173,2025-02-05,Relatable College Life #4173,Comedy,6830,383,75,6.33,80.98,712.8,147,19
VID04174,2025-02-05,Gaming Tips #4174,Gaming,52258,5258,205,6.51,65.3,2592.0,1190,12
VID04175,2025-02-05,Expectation vs Reality #4175,Comedy,6285,229,54,12.52,90.0,1088.0,30,19
VID04176,2025-02-05,Food Review #4176,Food,29058,2440,144,8.17,48.15,2034.2,275,14
VID04177,2025-02-05,Budget Meals #4177,Food,13714,1505,119,7.73,58.87,612.3,81,18
VID04178,2025-02-05,Best Apps #4178,Tech,4113,363,17,9.95,81.05,567.1,99,10
VID04179,2025-02-05,Gaming Highlights #4179,Gaming,6708,313,34,5.43,63.48,308.7,33,19
VID04180,2025-02-06,Best Restaurants #4180,Food,8294,725,87,9.18,71.79,1005.4,46,22
VID04181,2025-02-06,Money Mistakes #4181,Finance,14263,551,104,8.94,66.76,937.8,237,10
VID04182,2025-02-06,Laptop Buying Guide #4182,Tech,47226,1948,329,8.6,57.93,1303.6,551,12
VID04183,2025-02-06,Best Settings #4183,Gaming,5356,246,70,8.1,56.57,505.2,86,14
VID04184,2025-02-06,Best Friend Problems #4184,Comedy,6099,229,35,8.06,73.78,446.7,72,8
VID04185,2025-02-06,Weekend Vlog #4185,Lifestyle,3400,344,43,5.25,69.3,123.9,76,19
VID04186,2025-02-06,Easy Recipes #4186,Food,11082,944,119,8.03,64.48,1401.3,65,20
VID04187,2025-02-06,Best Apps #4187,Tech,8444,588,16,8.8,78.26,358.9,187,18
VID04188,2025-02-06,Productivity Tips #4188,Education,11341,369,57,8.75,70.64,1102.2,101,21
VID04189,2025-02-06,Travel Guide #4189,Travel,15844,918,176,7.43,75.16,2207.8,276,19
VID04190,2025-02-07,Study Tips That Work #4190,Education,16619,1660,175,9.6,72.22,1662.6,391,22
VID04191,2025-02-07,Interview Preparation #4191,Education,3898,387,8,9.85,59.17,264.1,50,14
VID04192,2025-02-07,Best Apps #4192,Tech,11575,976,50,8.17,50.49,674.1,82,20
VID04193,2025-02-07,Laptop Buying Guide #4193,Tech,9587,978,106,9.71,71.91,1283.2,39,19
VID04194,2025-02-07,Expectation vs Reality #4194,Comedy,11706,1073,149,9.42,82.65,746.3,37,22
VID04195,2025-02-07,Useful Tech Tips #4195,Tech,6751,542,23,7.72,25.0,361.6,102,23
VID04196,2025-02-07,Best Friend Problems #4196,Comedy,8664,787,56,8.41,51.47,880.2,153,6
VID04197,2025-02-07,Learning Strategies #4197,Education,12527,1190,122,3.67,80.74,1346.5,113,21
VID04198,2025-02-07,Healthy Habits #4198,Lifestyle,3960,279,52,8.61,60.24,260.8,86,14
VID04199,2025-02-07,Funny Family Moments #4199,Comedy,3305,338,32,8.92,71.95,126.6,79,16
VID04200,2025-02-07,Expectation vs Reality #4200,Comedy,21988,1266,158,9.65,44.31,1426.5,445,19
VID04201,2025-02-08,Weekend Travel Vlog #4201,Travel,9950,299,110,7.09,72.67,1056.1,109,20
VID04202,2025-02-08,Relatable College Life #4202,Comedy,50948,2667,186,6.92,50.46,1848.8,403,6
VID04203,2025-02-08,Relatable College Life #4203,Comedy,8660,507,57,7.65,55.62,819.0,130,18
VID04204,2025-02-08,Best Places to Visit #4204,Travel,14193,1106,156,8.04,60.7,770.2,140,23
VID04205,2025-02-08,Parents Be Like #4205,Comedy,56805,6193,142,10.68,62.47,4516.4,240,14
VID04206,2025-02-08,Travel Guide #4206,Travel,17191,1110,91,5.26,75.21,1535.6,82,19
VID04207,2025-02-08,Expectation vs Reality #4207,Comedy,38217,1337,48,9.8,51.45,2621.7,333,19
VID04208,2025-02-08,Daily Routine #4208,Lifestyle,3492,376,14,10.78,54.46,111.6,24,10
VID04209,2025-02-08,Healthy Habits #4209,Lifestyle,15052,1000,194,8.33,61.31,2058.0,58,18
VID04210,2025-02-08,Investment Basics #4210,Finance,5463,154,73,7.32,65.04,431.1,93,23
VID04211,2025-02-09,Parents Be Like #4211,Comedy,8933,605,92,7.59,59.53,504.1,142,18
VID04212,2025-02-09,Street Food Tour #4212,Food,13077,439,149,7.51,46.7,941.1,230,22
VID04213,2025-02-09,Credit Score Tips #4213,Finance,6510,377,22,11.12,62.26,557.1,39,21
VID04214,2025-02-09,Exam Preparation Guide #4214,Education,2908,115,24,5.51,69.34,282.6,68,10
VID04215,2025-02-09,Learning Strategies #4215,Education,34291,2398,210,9.78,49.41,957.2,605,20
VID04216,2025-02-09,Food Review #4216,Food,10842,794,83,7.23,74.67,710.6,175,20
VID04217,2025-02-09,Travel Guide #4217,Travel,8852,470,81,6.88,59.23,746.8,197,10
VID04218,2025-02-09,Credit Score Tips #4218,Finance,31363,1054,317,6.92,69.12,4263.7,516,21
VID04219,2025-02-09,Budget Lifestyle #4219,Lifestyle,82695,5445,814,11.95,57.98,4786.4,1310,18
VID04220,2025-02-09,Budget Lifestyle #4220,Lifestyle,57396,2055,104,7.48,62.17,3768.1,1128,20
VID04221,2025-02-10,Healthy Habits #4221,Lifestyle,1807,70,12,10.57,56.2,72.7,25,19
VID04222,2025-02-10,Best Places to Visit #4222,Travel,9684,427,127,7.54,76.77,568.7,113,18
VID04223,2025-02-10,Best Apps #4223,Tech,20381,1072,75,6.07,72.24,874.7,318,23
VID04224,2025-02-10,Gaming Tips #4224,Gaming,10475,740,122,12.23,46.18,617.7,86,10
VID04225,2025-02-10,Hidden Places #4225,Travel,13216,678,24,5.85,82.76,1367.7,220,18
VID04226,2025-02-10,Money Mistakes #4226,Finance,9210,759,82,6.48,49.83,806.2,112,21
VID04227,2025-02-10,Laptop Buying Guide #4227,Tech,33062,2044,181,10.24,57.61,1759.6,449,8
VID04228,2025-02-10,Funny Family Moments #4228,Comedy,5676,151,54,8.75,55.72,233.5,125,20
VID04229,2025-02-10,Budget Travel Tips #4229,Travel,19712,962,241,11.58,70.46,1741.6,112,22
VID04230,2025-02-10,Top Games #4230,Gaming,3943,334,34,10.15,69.13,409.0,84,19
VID04231,2025-02-10,Travel Mistakes #4231,Travel,27261,1135,219,8.04,50.74,1414.6,283,20
VID04232,2025-02-11,Tech Hacks #4232,Tech,30850,2805,304,9.14,81.54,2287.0,680,23
VID04233,2025-02-11,Daily Routine #4233,Lifestyle,11638,893,137,8.93,41.08,780.7,31,20
VID04234,2025-02-11,Investment Basics #4234,Finance,4340,436,54,11.35,73.68,220.3,102,12
VID04235,2025-02-11,Budget Travel Tips #4235,Travel,2759,279,32,7.84,56.25,271.3,60,19
VID04236,2025-02-11,Study Tips That Work #4236,Education,15224,1522,80,7.09,51.42,1169.2,46,20
VID04237,2025-02-11,Relatable College Life #4237,Comedy,4193,405,58,6.97,51.85,176.2,80,22
VID04238,2025-02-11,Study Tips That Work #4238,Education,87433,9274,287,8.85,55.64,9305.1,1794,16
VID04239,2025-02-11,Morning Routine #4239,Lifestyle,24249,2536,155,11.46,79.31,1146.7,316,19
VID04240,2025-02-11,Interview Preparation #4240,Education,6407,619,29,11.16,74.88,355.3,54,20
VID04241,2025-02-11,Office Comedy #4241,Comedy,20225,1751,168,10.13,77.8,1339.0,336,19
VID04242,2025-02-12,Best Friend Problems #4242,Comedy,2245,180,10,5.96,59.71,310.8,47,12
VID04243,2025-02-12,Best Apps #4243,Tech,78921,7121,838,8.67,71.8,10238.2,251,23
VID04244,2025-02-12,Day In My Life #4244,Lifestyle,7260,362,42,6.85,65.1,1076.7,110,20
VID04245,2025-02-12,Healthy Habits #4245,Lifestyle,34528,1197,300,5.76,74.78,2214.6,823,20
VID04246,2025-02-12,Credit Score Tips #4246,Finance,16398,1306,177,8.9,60.21,511.9,148,16
VID04247,2025-02-12,Healthy Habits #4247,Lifestyle,33507,2022,141,8.63,36.98,2203.8,188,23
VID04248,2025-02-12,Office Comedy #4248,Comedy,27829,1421,123,6.92,59.03,1170.4,298,18
VID04249,2025-02-12,Office Comedy #4249,Comedy,7540,566,54,10.48,52.57,242.7,160,12
VID04250,2025-02-12,Gaming Highlights #4250,Gaming,5836,396,7,4.35,62.9,757.4,136,12
VID04251,2025-02-12,Interview Preparation #4251,Education,13016,427,13,4.16,65.63,1511.4,269,10
VID04252,2025-02-12,Best Places to Visit #4252,Travel,22291,1809,302,6.88,45.12,1384.6,407,20
VID04253,2025-02-13,Expectation vs Reality #4253,Comedy,122756,10945,668,9.52,74.03,11594.8,1364,18
VID04254,2025-02-13,Budget Meals #4254,Food,2779,139,8,8.1,57.88,150.8,54,22
VID04255,2025-02-13,Budget Lifestyle #4255,Lifestyle,23754,1193,85,8.52,70.4,2703.6,113,21
VID04256,2025-02-13,Budget Lifestyle #4256,Lifestyle,10758,506,102,3.83,71.14,1034.1,159,19
VID04257,2025-02-13,Productivity Tips #4257,Education,4707,314,51,10.7,64.07,331.5,40,6
VID04258,2025-02-13,Easy Recipes #4258,Food,10771,342,50,6.62,62.8,927.9,78,22
VID04259,2025-02-13,Day In My Life #4259,Lifestyle,7035,186,15,10.99,60.91,291.3,84,18
VID04260,2025-02-13,Weekend Travel Vlog #4260,Travel,50663,5261,374,6.16,84.13,5565.7,331,16
VID04261,2025-02-13,Expectation vs Reality #4261,Comedy,21978,1161,206,9.08,66.77,2382.8,93,22
VID04262,2025-02-13,Food Review #4262,Food,2946,256,33,7.1,66.18,196.8,37,21
VID04263,2025-02-14,Productivity Tips #4263,Education,6836,392,39,8.03,58.05,787.5,67,22
VID04264,2025-02-14,Budget Travel Tips #4264,Travel,8498,924,42,8.81,64.23,709.1,66,20
VID04265,2025-02-14,Best Settings #4265,Gaming,6835,661,79,8.7,79.75,693.2,33,20
VID04266,2025-02-14,Laptop Buying Guide #4266,Tech,4317,434,10,8.34,63.7,180.3,16,10
VID04267,2025-02-14,Best Settings #4267,Gaming,7679,339,21,7.49,58.58,980.3,137,20
VID04268,2025-02-14,Easy Recipes #4268,Food,55425,4080,415,10.7,74.82,3600.3,1161,22
VID04269,2025-02-14,Travel Guide #4269,Travel,6436,624,14,5.07,59.14,250.1,101,23
VID04270,2025-02-14,Interview Preparation #4270,Education,15100,404,106,9.08,47.58,985.3,147,21
VID04271,2025-02-14,Budget Travel Tips #4271,Travel,32625,1259,226,11.36,57.91,2811.8,654,23
VID04272,2025-02-14,Study Tips That Work #4272,Education,11651,581,108,10.29,53.66,359.6,103,22
VID04273,2025-02-15,Gaming Tips #4273,Gaming,21947,591,110,8.71,60.13,1156.9,399,16
VID04274,2025-02-15,Daily Routine #4274,Lifestyle,73206,7467,480,8.58,63.47,2892.3,217,20
VID04275,2025-02-15,Study Tips That Work #4275,Education,20119,2046,144,10.91,65.08,635.8,365,16
VID04276,2025-02-15,Useful Tech Tips #4276,Tech,60991,4516,849,10.14,77.97,3295.3,1423,14
VID04277,2025-02-15,Money Mistakes #4277,Finance,4027,123,50,6.55,63.57,298.9,32,14
VID04278,2025-02-15,Study Tips That Work #4278,Education,7671,236,85,8.14,57.18,259.2,154,16
VID04279,2025-02-15,Travel Mistakes #4279,Travel,9216,833,27,10.64,68.55,1274.7,60,14
VID04280,2025-02-15,Parents Be Like #4280,Comedy,38563,1808,443,3.4,65.01,3360.9,502,19
VID04281,2025-02-15,Day In My Life #4281,Lifestyle,17702,1037,18,8.58,63.56,600.1,222,18
VID04282,2025-02-15,Easy Recipes #4282,Food,23122,1746,206,5.67,61.3,940.3,473,20
VID04283,2025-02-15,Productivity Tips #4283,Education,17852,573,119,6.75,44.15,308.3,72,14
VID04284,2025-02-16,Productivity Tips #4284,Education,17699,988,120,7.31,54.63,670.7,250,20
VID04285,2025-02-16,AI Tools #4285,Tech,5106,556,38,12.42,63.28,269.8,67,19
VID04286,2025-02-16,AI Tools #4286,Tech,50349,1677,589,10.06,61.78,3318.0,475,19
VID04287,2025-02-16,Funny Family Moments #4287,Comedy,38323,2111,532,10.52,79.81,2295.3,188,23
VID04288,2025-02-16,Beginner Guide #4288,Gaming,24194,1663,244,8.96,71.16,729.1,363,14
VID04289,2025-02-16,Parents Be Like #4289,Comedy,24230,1049,137,9.26,69.78,1383.7,309,12
VID04290,2025-02-16,Office Comedy #4290,Comedy,3945,224,32,12.2,53.7,186.6,70,6
VID04291,2025-02-16,Relatable College Life #4291,Comedy,24965,691,104,7.24,45.65,658.5,121,18
VID04292,2025-02-16,Budget Lifestyle #4292,Lifestyle,2820,309,35,5.1,62.87,272.5,62,16
VID04293,2025-02-16,Laptop Buying Guide #4293,Tech,18297,1434,125,9.81,40.29,634.0,218,10
VID04294,2025-02-17,Useful Tech Tips #4294,Tech,2201,236,16,9.24,71.14,219.6,8,8
VID04295,2025-02-17,Personal Finance Tips #4295,Finance,1872,191,13,10.21,75.69,166.2,44,22
VID04296,2025-02-17,Productivity Tips #4296,Education,9783,625,34,10.0,69.36,485.4,158,22
VID04297,2025-02-17,Phone Features You Missed #4297,Tech,6875,387,16,8.81,68.17,256.1,72,20
VID04298,2025-02-17,Tech Hacks #4298,Tech,6876,406,74,5.74,52.55,646.7,60,8
VID04299,2025-02-17,Best Friend Problems #4299,Comedy,15174,1277,77,10.51,35.35,1061.5,78,18
VID04300,2025-02-17,Best Friend Problems #4300,Comedy,31623,3269,432,6.7,57.04,1224.0,346,21
VID04301,2025-02-17,Learning Strategies #4301,Education,17181,496,188,5.76,46.59,544.0,261,22
VID04302,2025-02-17,Expectation vs Reality #4302,Comedy,48727,3790,469,12.07,52.26,4114.0,459,20
VID04303,2025-02-17,Exam Preparation Guide #4303,Education,21126,1760,264,8.0,78.15,959.7,305,20
VID04304,2025-02-17,Easy Recipes #4304,Food,1362,108,7,4.49,71.44,163.9,17,18
VID04305,2025-02-18,Expectation vs Reality #4305,Comedy,5024,213,54,10.61,73.25,678.4,30,18
VID04306,2025-02-18,Easy Recipes #4306,Food,42823,2361,371,6.12,86.93,2829.6,601,12
VID04307,2025-02-18,Best Restaurants #4307,Food,4423,232,60,8.35,67.63,351.8,90,20
VID04308,2025-02-18,Budget Lifestyle #4308,Lifestyle,5381,564,39,3.67,59.08,536.3,103,21
VID04309,2025-02-18,Morning Routine #4309,Lifestyle,8805,689,20,6.24,44.86,373.1,55,18
VID04310,2025-02-18,Street Food Tour #4310,Food,7236,675,74,2.9,54.23,200.0,124,14
VID04311,2025-02-18,AI Tools #4311,Tech,18899,1452,146,12.33,58.24,1580.3,140,21
VID04312,2025-02-18,Interview Preparation #4312,Education,19536,1881,41,6.22,51.6,560.8,279,10
VID04313,2025-02-18,Relatable College Life #4313,Comedy,16988,883,167,7.45,56.6,1181.0,67,16
VID04314,2025-02-18,Best Apps #4314,Tech,9576,983,131,7.28,42.87,561.9,51,20
VID04315,2025-02-19,Easy Recipes #4315,Food,3436,149,10,8.86,63.9,147.6,26,20
VID04316,2025-02-19,Money Mistakes #4316,Finance,23207,1831,70,9.96,62.93,1706.3,224,22
VID04317,2025-02-19,Gaming Highlights #4317,Gaming,11548,908,20,7.22,56.79,351.0,199,16
VID04318,2025-02-19,Budget Lifestyle #4318,Lifestyle,30132,2823,402,3.27,65.43,1015.9,531,16
VID04319,2025-02-19,Budget Planning #4319,Finance,5393,288,44,8.62,49.05,223.5,42,22
VID04320,2025-02-19,Learning Strategies #4320,Education,5219,185,54,5.48,78.46,506.6,122,12
VID04321,2025-02-19,Office Comedy #4321,Comedy,4262,156,34,7.72,76.97,547.1,32,14
VID04322,2025-02-19,Office Comedy #4322,Comedy,4685,464,20,5.71,44.84,468.2,94,14
VID04323,2025-02-19,Cooking Tips #4323,Food,18989,673,193,10.79,55.63,1489.2,404,19
VID04324,2025-02-19,Budget Lifestyle #4324,Lifestyle,30598,2403,210,9.25,59.47,3251.4,599,18
VID04325,2025-02-20,Cooking Tips #4325,Food,5752,400,25,10.08,55.6,689.9,50,22
VID04326,2025-02-20,Game Challenge #4326,Gaming,9363,235,17,11.35,64.19,883.9,111,20
VID04327,2025-02-20,Beginner Guide #4327,Gaming,58893,5411,802,8.4,83.18,4108.6,597,20
VID04328,2025-02-20,Game Challenge #4328,Gaming,20198,1661,281,11.97,47.13,2276.7,161,21
VID04329,2025-02-20,Office Comedy #4329,Comedy,11700,1131,49,7.55,45.96,890.8,88,18
VID04330,2025-02-20,Funny Family Moments #4330,Comedy,10413,712,115,4.79,56.53,1075.9,60,20
VID04331,2025-02-20,Money Mistakes #4331,Finance,9894,861,110,5.99,45.36,744.9,89,12
VID04332,2025-02-20,Office Comedy #4332,Comedy,37359,1908,438,10.87,54.14,2800.7,268,8
VID04333,2025-02-20,Office Comedy #4333,Comedy,29140,828,355,6.71,47.07,2597.0,298,19
VID04334,2025-02-20,Career Tips #4334,Education,26098,2506,150,8.29,69.03,1904.0,605,8
VID04335,2025-02-20,Phone Features You Missed #4335,Tech,19056,1563,65,6.69,55.31,767.4,350,14
VID04336,2025-02-21,Expectation vs Reality #4336,Comedy,13830,1357,87,8.08,49.04,1459.6,219,12
VID04337,2025-02-21,Best Places to Visit #4337,Travel,25185,1442,296,5.89,59.38,1540.4,214,20
VID04338,2025-02-21,Exam Preparation Guide #4338,Education,8462,544,86,11.68,57.03,1004.0,109,20
VID04339,2025-02-21,Office Comedy #4339,Comedy,9425,794,62,7.15,69.98,453.0,85,14
VID04340,2025-02-21,Career Tips #4340,Education,9144,841,38,9.37,29.36,310.2,53,18
VID04341,2025-02-21,Tech Hacks #4341,Tech,6538,492,88,6.08,45.93,136.3,129,12
VID04342,2025-02-21,Tech Hacks #4342,Tech,14226,884,37,7.01,73.16,1772.0,167,20
VID04343,2025-02-21,AI Tools #4343,Tech,20499,533,208,8.73,46.13,1061.1,376,6
VID04344,2025-02-21,Office Comedy #4344,Comedy,21773,1772,270,12.9,60.71,2256.9,163,21
VID04345,2025-02-21,Morning Routine #4345,Lifestyle,14161,1040,59,4.57,53.1,1299.8,72,18
VID04346,2025-02-22,Productivity Tips #4346,Education,9353,287,44,11.57,63.92,273.2,50,19
VID04347,2025-02-22,Learning Strategies #4347,Education,22505,1037,26,12.41,85.18,3127.3,525,22
VID04348,2025-02-22,Best Friend Problems #4348,Comedy,33709,2627,317,7.37,68.81,2093.2,547,23
VID04349,2025-02-22,Best Settings #4349,Gaming,4155,307,40,6.78,67.64,246.3,11,14
VID04350,2025-02-22,Easy Recipes #4350,Food,2540,217,33,8.6,62.35,230.1,37,16
VID04351,2025-02-22,Parents Be Like #4351,Comedy,61231,3924,806,6.8,58.14,5063.3,1287,21
VID04352,2025-02-22,Morning Routine #4352,Lifestyle,10783,928,60,3.8,65.39,993.6,171,19
VID04353,2025-02-22,Budget Meals #4353,Food,26817,1380,37,9.54,58.46,1768.1,401,20
VID04354,2025-02-22,Study Tips That Work #4354,Education,7635,755,44,6.61,61.44,851.2,36,14
VID04355,2025-02-22,Travel Guide #4355,Travel,18043,761,215,7.4,74.13,1619.3,249,19
VID04356,2025-02-22,Study Tips That Work #4356,Education,26471,2617,312,7.2,47.89,2399.5,469,14
VID04357,2025-02-23,Day In My Life #4357,Lifestyle,855,26,5,3.52,47.15,75.3,16,6
VID04358,2025-02-23,Gaming Highlights #4358,Gaming,23272,881,175,9.83,53.86,843.7,406,6
VID04359,2025-02-23,Relatable College Life #4359,Comedy,2968,168,39,6.57,53.46,265.8,24,19
VID04360,2025-02-23,Tech Hacks #4360,Tech,9654,737,20,5.45,63.4,437.2,42,20
VID04361,2025-02-23,Exam Preparation Guide #4361,Education,23003,2280,82,8.84,77.62,1554.9,250,16
VID04362,2025-02-23,Investment Basics #4362,Finance,61413,4682,424,6.57,77.08,7053.6,1198,19
VID04363,2025-02-23,Daily Routine #4363,Lifestyle,19515,926,157,9.97,60.12,2634.3,105,19
VID04364,2025-02-23,Daily Routine #4364,Lifestyle,6075,496,33,6.32,68.45,463.1,24,10
VID04365,2025-02-23,Healthy Habits #4365,Lifestyle,14511,1545,86,8.49,45.87,1005.2,250,16
VID04366,2025-02-23,Best Friend Problems #4366,Comedy,4703,144,53,9.69,43.86,332.6,81,20
VID04367,2025-02-24,Phone Features You Missed #4367,Tech,98972,7147,486,10.27,59.32,5251.1,1512,22
VID04368,2025-02-24,Weekend Travel Vlog #4368,Travel,31605,2966,72,4.56,47.29,2679.3,604,19
VID04369,2025-02-24,Best Apps #4369,Tech,7695,193,82,7.36,61.0,950.5,72,23
VID04370,2025-02-24,Easy Recipes #4370,Food,27942,1604,355,12.91,71.85,1269.1,175,14
VID04371,2025-02-24,Hidden Places #4371,Travel,1317,48,7,7.68,65.52,135.5,6,21
VID04372,2025-02-24,Morning Routine #4372,Lifestyle,19245,1698,259,10.53,66.94,2777.3,88,19
VID04373,2025-02-24,Best Friend Problems #4373,Comedy,14598,867,170,8.56,47.76,984.2,245,10
VID04374,2025-02-24,Gaming Tips #4374,Gaming,4517,174,28,8.23,48.67,429.4,51,16
VID04375,2025-02-24,Gaming Tips #4375,Gaming,6623,321,41,7.13,64.87,356.3,34,14
VID04376,2025-02-24,Budget Meals #4376,Food,13969,864,64,11.82,49.66,325.2,240,22
VID04377,2025-02-25,Productivity Tips #4377,Education,18026,938,235,6.24,64.06,399.7,249,20
VID04378,2025-02-25,Study Tips That Work #4378,Education,19243,2005,112,8.28,73.7,1750.8,221,18
VID04379,2025-02-25,Parents Be Like #4379,Comedy,13933,420,109,9.71,52.5,1256.1,178,12
VID04380,2025-02-25,Interview Preparation #4380,Education,24663,1751,232,8.45,68.84,1413.0,136,12
VID04381,2025-02-25,Beginner Guide #4381,Gaming,52736,2501,450,8.63,68.11,1906.4,1211,21
VID04382,2025-02-25,Tech Hacks #4382,Tech,5349,259,17,6.63,68.93,195.2,45,16
VID04383,2025-02-25,Top Games #4383,Gaming,9511,460,126,7.58,68.83,993.1,149,23
VID04384,2025-02-25,Productivity Tips #4384,Education,18516,1605,92,5.07,54.76,1316.4,349,21
VID04385,2025-02-25,Funny Family Moments #4385,Comedy,37729,1421,171,6.33,72.74,4302.5,846,22
VID04386,2025-02-25,Best Restaurants #4386,Food,11626,880,19,6.75,73.37,1194.8,93,8
VID04387,2025-02-25,Best Friend Problems #4387,Comedy,38639,4181,148,10.27,65.74,2351.9,670,19
VID04388,2025-02-26,Budget Meals #4388,Food,7691,382,10,6.25,70.42,920.3,111,20
VID04389,2025-02-26,Parents Be Like #4389,Comedy,26056,2678,339,6.03,55.95,1333.2,262,19
VID04390,2025-02-26,Travel Mistakes #4390,Travel,15920,636,103,8.03,68.03,1183.7,188,19
VID04391,2025-02-26,Personal Finance Tips #4391,Finance,6510,493,44,8.01,47.71,360.3,62,20
VID04392,2025-02-26,Tech Hacks #4392,Tech,30230,913,155,6.45,60.47,2165.1,180,20
VID04393,2025-02-26,Budget Travel Tips #4393,Travel,4682,126,8,7.17,58.16,263.2,70,23
VID04394,2025-02-26,Easy Recipes #4394,Food,11264,792,73,8.7,43.3,284.9,83,19
VID04395,2025-02-26,Interview Preparation #4395,Education,4070,346,49,8.24,73.73,432.3,24,12
VID04396,2025-02-26,Street Food Tour #4396,Food,15445,1334,133,7.16,56.63,1696.6,105,19
VID04397,2025-02-26,Best Restaurants #4397,Food,11051,791,84,6.74,67.16,495.9,84,20
VID04398,2025-02-27,Parents Be Like #4398,Comedy,9389,444,94,7.69,59.0,767.4,193,21
VID04399,2025-02-27,Study Tips That Work #4399,Education,26517,1301,229,2.96,53.58,1692.5,295,10
VID04400,2025-02-27,Exam Preparation Guide #4400,Education,52850,2783,586,11.03,76.05,2268.7,787,16
VID04401,2025-02-27,Saving Money #4401,Finance,19961,1384,63,10.21,60.08,1251.8,221,21
VID04402,2025-02-27,Best Places to Visit #4402,Travel,791,59,2,9.76,64.16,95.9,14,16
VID04403,2025-02-27,Parents Be Like #4403,Comedy,28674,1318,399,7.07,47.17,1671.2,504,20
VID04404,2025-02-27,Best Friend Problems #4404,Comedy,26788,2611,120,8.31,53.92,2745.9,186,16
VID04405,2025-02-27,Relatable College Life #4405,Comedy,45767,3814,597,10.65,44.02,2321.4,447,21
VID04406,2025-02-27,Best Settings #4406,Gaming,5128,316,16,6.95,57.49,415.7,68,23
VID04407,2025-02-27,Best Places to Visit #4407,Travel,22239,855,104,2.33,41.69,1409.7,417,21
VID04408,2025-02-27,Relatable College Life #4408,Comedy,38577,2047,239,8.79,48.15,796.8,482,6
VID04409,2025-02-28,Parents Be Like #4409,Comedy,22219,1802,227,8.0,45.92,1164.2,327,23
VID04410,2025-02-28,AI Tools #4410,Tech,6948,322,29,8.42,51.47,348.1,136,22
VID04411,2025-02-28,Investment Basics #4411,Finance,6855,392,84,14.73,57.15,545.0,24,8
VID04412,2025-02-28,Career Tips #4412,Education,11699,889,73,9.38,40.34,645.1,157,21
VID04413,2025-02-28,Hidden Places #4413,Travel,15373,423,80,8.53,73.12,2175.3,372,18
VID04414,2025-02-28,Daily Routine #4414,Lifestyle,8816,759,82,4.33,67.49,481.4,200,12
VID04415,2025-02-28,Tech Hacks #4415,Tech,14671,1472,162,7.96,55.56,1561.1,307,21
VID04416,2025-02-28,Day In My Life #4416,Lifestyle,2984,281,23,11.52,65.17,270.1,18,20
VID04417,2025-02-28,Funny Family Moments #4417,Comedy,45475,2954,90,9.52,57.02,4090.4,812,19
VID04418,2025-02-28,Parents Be Like #4418,Comedy,4751,322,52,5.78,51.46,272.5,51,21
VID04419,2025-03-01,Laptop Buying Guide #4419,Tech,4365,339,13,7.92,58.47,150.3,22,6
VID04420,2025-03-01,Study Tips That Work #4420,Education,8529,924,103,8.54,66.42,902.1,120,20
VID04421,2025-03-01,Beginner Guide #4421,Gaming,10755,454,64,7.37,34.91,249.5,27,20
VID04422,2025-03-01,Travel Guide #4422,Travel,40133,4139,349,10.25,56.26,2770.3,747,20
VID04423,2025-03-01,Beginner Guide #4423,Gaming,4356,400,26,7.81,52.53,545.9,40,19
VID04424,2025-03-01,Travel Guide #4424,Travel,32401,2415,129,8.99,56.13,1268.8,337,22
VID04425,2025-03-01,Best Restaurants #4425,Food,23627,2537,273,7.62,66.91,2919.0,82,19
VID04426,2025-03-01,Best Friend Problems #4426,Comedy,8163,398,65,5.97,42.46,310.8,67,10
VID04427,2025-03-01,Weekend Vlog #4427,Lifestyle,16353,1759,50,1.88,46.44,285.1,116,19
VID04428,2025-03-01,Exam Preparation Guide #4428,Education,31343,2866,336,6.48,55.67,600.9,419,18
VID04429,2025-03-02,Travel Mistakes #4429,Travel,17441,818,87,10.54,69.75,1402.1,160,21
VID04430,2025-03-02,Best Friend Problems #4430,Comedy,2227,152,8,8.75,52.44,93.9,31,21
VID04431,2025-03-02,Best Restaurants #4431,Food,1391,130,4,8.16,61.68,48.2,11,16
VID04432,2025-03-02,Expectation vs Reality #4432,Comedy,3922,359,18,7.1,54.96,235.2,47,21
VID04433,2025-03-02,Best Restaurants #4433,Food,33277,1089,350,6.69,46.74,1499.8,363,20
VID04434,2025-03-02,Investment Basics #4434,Finance,33203,1899,103,8.36,67.89,1560.5,472,20
VID04435,2025-03-02,Beginner Guide #4435,Gaming,9485,387,85,9.9,61.89,1139.5,52,23
VID04436,2025-03-02,Parents Be Like #4436,Comedy,4550,253,62,5.81,60.3,239.4,67,23
VID04437,2025-03-02,Healthy Habits #4437,Lifestyle,3989,417,25,8.31,70.02,381.2,65,8
VID04438,2025-03-02,AI Tools #4438,Tech,22999,767,159,8.83,80.05,1828.2,145,16
VID04439,2025-03-02,Learning Strategies #4439,Education,4612,406,57,8.67,69.05,200.6,97,21
VID04440,2025-03-03,Easy Recipes #4440,Food,9279,566,24,5.75,76.12,1001.5,181,19
VID04441,2025-03-03,Parents Be Like #4441,Comedy,19570,752,273,8.03,62.59,815.6,388,20
VID04442,2025-03-03,Productivity Tips #4442,Education,34245,2149,450,9.25,59.8,3546.8,200,10
VID04443,2025-03-03,Food Review #4443,Food,5781,426,40,8.68,86.7,927.3,97,23
VID04444,2025-03-03,Daily Routine #4444,Lifestyle,6006,573,59,10.13,53.75,626.9,81,20
VID04445,2025-03-03,Learning Strategies #4445,Education,11967,590,70,6.89,47.88,436.3,61,16
VID04446,2025-03-03,Career Tips #4446,Education,7323,561,34,9.18,52.21,490.7,19,16
VID04447,2025-03-03,Expectation vs Reality #4447,Comedy,3288,270,16,8.3,43.88,312.0,34,20
VID04448,2025-03-03,Street Food Tour #4448,Food,38214,3781,519,7.9,74.4,4034.1,717,21
VID04449,2025-03-03,Parents Be Like #4449,Comedy,3990,288,49,6.91,69.72,471.2,72,22
VID04450,2025-03-04,Best Settings #4450,Gaming,18015,900,139,11.82,40.34,382.0,164,16
VID04451,2025-03-04,Funny Family Moments #4451,Comedy,17968,1103,131,5.56,74.97,1290.0,89,20
VID04452,2025-03-04,Relatable College Life #4452,Comedy,6842,740,68,7.82,43.55,375.0,54,20
VID04453,2025-03-04,Budget Travel Tips #4453,Travel,9720,1048,98,6.58,71.58,640.4,156,21
VID04454,2025-03-04,Daily Routine #4454,Lifestyle,3625,387,3,12.34,63.5,295.9,85,21
VID04455,2025-03-04,Expectation vs Reality #4455,Comedy,16770,1330,14,10.79,66.15,1009.9,155,22
VID04456,2025-03-04,Weekend Vlog #4456,Lifestyle,11077,847,43,6.91,74.03,943.8,230,18
VID04457,2025-03-04,Investment Basics #4457,Finance,6055,365,54,5.86,51.5,297.9,94,8
VID04458,2025-03-04,Parents Be Like #4458,Comedy,1891,52,7,5.88,76.87,253.6,29,16
VID04459,2025-03-04,Learning Strategies #4459,Education,3344,199,27,9.93,60.6,201.2,55,19
VID04460,2025-03-04,Laptop Buying Guide #4460,Tech,14112,1483,114,3.51,43.91,934.7,268,20
VID04461,2025-03-05,Laptop Buying Guide #4461,Tech,20929,961,290,7.98,63.89,2518.2,258,12
VID04462,2025-03-05,Credit Score Tips #4462,Finance,14487,397,117,10.72,77.82,510.5,121,18
VID04463,2025-03-05,Best Friend Problems #4463,Comedy,11552,547,90,7.5,80.47,1048.1,242,23
VID04464,2025-03-05,Exam Preparation Guide #4464,Education,16563,1321,212,7.65,37.06,535.3,258,18
VID04465,2025-03-05,Beginner Guide #4465,Gaming,16570,1164,33,9.12,55.33,1156.2,339,10
VID04466,2025-03-05,Weekend Travel Vlog #4466,Travel,8685,805,9,10.66,57.27,524.4,93,14
VID04467,2025-03-05,Travel Mistakes #4467,Travel,4505,255,62,8.25,61.82,356.4,24,21
VID04468,2025-03-05,Office Comedy #4468,Comedy,7660,247,30,11.54,70.09,936.3,78,20
VID04469,2025-03-05,Exam Preparation Guide #4469,Education,11748,379,101,8.61,52.6,395.6,132,20
VID04470,2025-03-05,Saving Money #4470,Finance,28588,3077,226,5.55,51.1,1595.6,297,21
VID04471,2025-03-06,Productivity Tips #4471,Education,7525,357,105,9.95,54.5,373.1,97,21
VID04472,2025-03-06,Relatable College Life #4472,Comedy,2615,95,23,7.01,49.64,181.9,46,22
VID04473,2025-03-06,Best Friend Problems #4473,Comedy,20951,1850,93,8.81,48.67,2015.4,342,19
VID04474,2025-03-06,Study Tips That Work #4474,Education,8181,383,50,7.04,73.13,524.4,104,19
VID04475,2025-03-06,Cooking Tips #4475,Food,141302,7042,430,4.55,75.35,20603.4,1590,18
VID04476,2025-03-06,Budget Meals #4476,Food,16891,1661,200,6.25,52.4,775.0,189,21
VID04477,2025-03-06,Exam Preparation Guide #4477,Education,25823,822,89,6.68,56.68,2260.2,568,22
VID04478,2025-03-06,Day In My Life #4478,Lifestyle,16000,875,64,7.35,38.3,350.1,280,19
VID04479,2025-03-06,Tech Hacks #4479,Tech,1737,144,3,7.36,66.0,231.9,36,18
VID04480,2025-03-06,Easy Recipes #4480,Food,15732,1512,60,4.83,82.09,552.9,258,14
VID04481,2025-03-07,Day In My Life #4481,Lifestyle,4597,311,58,12.51,81.59,604.2,112,20
VID04482,2025-03-07,Productivity Tips #4482,Education,7702,763,75,7.16,71.44,1183.0,158,10
VID04483,2025-03-07,Gaming Highlights #4483,Gaming,66003,4514,230,9.74,70.11,3486.7,1308,23
VID04484,2025-03-07,Office Comedy #4484,Comedy,13005,520,91,3.63,61.25,968.5,275,22
VID04485,2025-03-07,Expectation vs Reality #4485,Comedy,36743,1031,176,9.59,74.04,2635.1,686,18
VID04486,2025-03-07,Travel Mistakes #4486,Travel,12609,965,166,9.98,54.72,431.0,185,12
VID04487,2025-03-07,Personal Finance Tips #4487,Finance,1252,42,12,6.76,75.21,142.5,8,20
VID04488,2025-03-07,Healthy Habits #4488,Lifestyle,5885,521,31,5.74,46.5,192.3,41,22
VID04489,2025-03-07,Expectation vs Reality #4489,Comedy,19599,1770,104,13.38,68.05,2632.8,244,20
VID04490,2025-03-07,Study Tips That Work #4490,Education,1384,134,2,7.31,53.47,96.2,23,20
VID04491,2025-03-07,Travel Guide #4491,Travel,6926,638,58,4.67,70.37,530.1,153,8
VID04492,2025-03-08,Food Review #4492,Food,18489,1644,161,5.93,48.06,1923.5,125,19
VID04493,2025-03-08,Interview Preparation #4493,Education,18528,1752,165,10.02,70.38,1296.4,265,18
VID04494,2025-03-08,Best Places to Visit #4494,Travel,53451,3036,515,8.74,50.48,1605.9,1118,19
VID04495,2025-03-08,Productivity Tips #4495,Education,3741,120,28,8.52,42.3,319.8,52,12
VID04496,2025-03-08,Expectation vs Reality #4496,Comedy,16368,1625,134,7.66,50.18,839.3,347,21
VID04497,2025-03-08,Credit Score Tips #4497,Finance,10491,1131,32,6.47,66.47,595.5,125,16
VID04498,2025-03-08,Interview Preparation #4498,Education,36195,2132,273,9.73,65.75,2730.8,361,18
VID04499,2025-03-08,Cooking Tips #4499,Food,3988,433,25,7.92,66.88,421.7,44,22
VID04500,2025-03-08,Best Apps #4500,Tech,4563,263,32,7.59,39.83,201.2,23,20
VID04501,2025-03-08,Cooking Tips #4501,Food,45934,2877,393,9.13,55.71,1913.7,534,20
VID04502,2025-03-09,Budget Meals #4502,Food,2268,79,11,5.69,81.8,107.0,46,20
VID04503,2025-03-09,Tech Hacks #4503,Tech,1851,174,13,10.7,72.87,248.8,21,22
VID04504,2025-03-09,Weekend Vlog #4504,Lifestyle,4364,468,37,8.08,60.06,229.5,21,16
VID04505,2025-03-09,Budget Planning #4505,Finance,18563,1354,22,4.83,74.25,1343.8,449,21
VID04506,2025-03-09,Credit Score Tips #4506,Finance,10168,789,138,8.66,61.92,938.8,80,21
VID04507,2025-03-09,Weekend Vlog #4507,Lifestyle,3550,333,31,7.92,64.09,456.1,36,10
VID04508,2025-03-09,Expectation vs Reality #4508,Comedy,18254,1079,254,7.63,64.69,1084.5,350,22
VID04509,2025-03-09,Saving Money #4509,Finance,7711,478,59,9.4,72.77,608.4,171,18
VID04510,2025-03-09,Parents Be Like #4510,Comedy,7304,745,90,6.2,56.3,724.9,148,18
VID04511,2025-03-09,Expectation vs Reality #4511,Comedy,28170,3060,360,7.28,52.78,872.9,110,14
VID04512,2025-03-10,Budget Planning #4512,Finance,84538,4977,561,7.74,76.34,6629.5,898,21
VID04513,2025-03-10,Healthy Habits #4513,Lifestyle,6230,502,22,9.26,67.78,823.1,119,19
VID04514,2025-03-10,Productivity Tips #4514,Education,3431,96,25,8.23,60.15,311.6,47,16
VID04515,2025-03-10,Best Friend Problems #4515,Comedy,15194,1128,155,9.98,67.18,906.0,301,21
VID04516,2025-03-10,Top Games #4516,Gaming,10978,1135,8,7.82,74.57,797.9,170,16
VID04517,2025-03-10,Gaming Tips #4517,Gaming,1455,119,5,5.18,73.56,222.4,6,12
VID04518,2025-03-10,Relatable College Life #4518,Comedy,21195,930,96,8.69,68.52,2443.9,414,10
VID04519,2025-03-10,Funny Family Moments #4519,Comedy,1178,69,6,6.99,61.99,54.5,10,12
VID04520,2025-03-10,Funny Family Moments #4520,Comedy,18630,1704,36,10.84,47.89,979.8,388,12
VID04521,2025-03-10,Beginner Guide #4521,Gaming,61366,4010,820,7.88,65.82,3391.0,635,20
VID04522,2025-03-10,Game Challenge #4522,Gaming,51312,4721,68,4.13,49.71,5511.7,860,21
VID04523,2025-03-11,Weekend Travel Vlog #4523,Travel,119171,6026,109,8.15,69.99,11664.8,1652,19
VID04524,2025-03-11,Relatable College Life #4524,Comedy,21531,2107,296,8.09,40.97,1177.1,450,19
VID04525,2025-03-11,Best Settings #4525,Gaming,10314,492,131,10.37,70.15,573.6,199,23
VID04526,2025-03-11,Best Apps #4526,Tech,6582,475,63,6.9,61.84,721.1,96,16
VID04527,2025-03-11,Expectation vs Reality #4527,Comedy,129116,10365,782,6.14,39.45,10082.8,605,16
VID04528,2025-03-11,Healthy Habits #4528,Lifestyle,6132,161,14,8.9,59.95,489.4,110,14
VID04529,2025-03-11,Hidden Places #4529,Travel,10976,799,153,7.6,56.83,986.2,32,19
VID04530,2025-03-11,Hidden Places #4530,Travel,7578,595,94,3.14,63.34,285.2,144,19
VID04531,2025-03-11,Productivity Tips #4531,Education,11512,679,135,9.77,59.3,885.7,198,18
VID04532,2025-03-11,Gaming Highlights #4532,Gaming,5781,591,55,7.94,48.26,319.4,107,10
VID04533,2025-03-12,Morning Routine #4533,Lifestyle,5833,273,47,8.7,55.67,468.9,111,22
VID04534,2025-03-12,Investment Basics #4534,Finance,2271,240,3,11.34,75.29,295.6,25,14
VID04535,2025-03-12,Best Friend Problems #4535,Comedy,4165,224,44,5.47,55.96,384.9,26,19
VID04536,2025-03-12,Travel Mistakes #4536,Travel,10368,753,64,9.33,64.55,659.3,31,19
VID04537,2025-03-12,Learning Strategies #4537,Education,33037,2629,179,10.66,73.45,1175.0,570,23
VID04538,2025-03-12,Best Restaurants #4538,Food,10267,548,61,5.37,69.37,1511.5,87,19
VID04539,2025-03-12,Beginner Guide #4539,Gaming,2644,168,33,9.64,57.56,81.2,38,20
VID04540,2025-03-12,Healthy Habits #4540,Lifestyle,5841,182,23,4.38,80.81,932.7,100,21
VID04541,2025-03-12,Budget Lifestyle #4541,Lifestyle,2533,200,25,6.91,37.74,173.5,50,8
VID04542,2025-03-12,Weekend Vlog #4542,Lifestyle,4880,362,16,8.1,66.66,315.3,30,20
VID04543,2025-03-12,Investment Basics #4543,Finance,14314,1445,172,9.62,71.27,748.1,302,23
VID04544,2025-03-13,Gaming Highlights #4544,Gaming,4109,274,42,7.42,53.75,408.9,23,20
VID04545,2025-03-13,AI Tools #4545,Tech,35309,1674,446,3.77,63.8,1369.0,255,19
VID04546,2025-03-13,Food Review #4546,Food,2110,154,4,7.92,56.0,123.2,19,18
VID04547,2025-03-13,Travel Guide #4547,Travel,10836,786,97,4.27,73.3,1107.0,117,20
VID04548,2025-03-13,Laptop Buying Guide #4548,Tech,20493,1714,140,5.07,61.09,1063.2,294,18
VID04549,2025-03-13,Morning Routine #4549,Lifestyle,2995,160,39,8.19,50.05,276.8,56,23
VID04550,2025-03-13,Budget Planning #4550,Finance,2112,213,11,8.5,78.5,114.9,30,18
VID04551,2025-03-13,Saving Money #4551,Finance,2759,108,4,4.71,68.04,309.1,15,14
VID04552,2025-03-13,Exam Preparation Guide #4552,Education,28228,2414,298,10.04,53.9,1203.7,132,20
VID04553,2025-03-13,Healthy Habits #4553,Lifestyle,1900,85,20,7.21,48.01,202.0,34,14
VID04554,2025-03-14,Relatable College Life #4554,Comedy,14744,458,128,8.38,51.34,1494.4,267,16
VID04555,2025-03-14,Money Mistakes #4555,Finance,14251,1480,113,8.41,73.0,1436.9,322,18
VID04556,2025-03-14,Budget Lifestyle #4556,Lifestyle,14672,1327,122,5.87,53.59,473.4,137,14
VID04557,2025-03-14,Office Comedy #4557,Comedy,29406,1660,104,9.33,68.54,2409.8,263,21
VID04558,2025-03-14,AI Tools #4558,Tech,14200,1454,95,7.67,63.55,1220.7,177,16
VID04559,2025-03-14,Weekend Vlog #4559,Lifestyle,2433,202,31,5.57,66.33,343.9,47,12
VID04560,2025-03-14,Best Places to Visit #4560,Travel,23587,755,89,7.25,56.7,1842.2,202,14
VID04561,2025-03-14,Food Review #4561,Food,21478,1731,73,8.52,68.28,1520.0,408,22
VID04562,2025-03-14,Relatable College Life #4562,Comedy,87095,4881,399,10.34,57.69,7600.2,1116,20
VID04563,2025-03-14,Investment Basics #4563,Finance,4521,237,14,8.91,57.39,303.3,76,18
VID04564,2025-03-15,Best Places to Visit #4564,Travel,5822,568,12,8.98,42.14,310.1,48,20
VID04565,2025-03-15,Parents Be Like #4565,Comedy,3336,308,46,6.41,72.82,301.8,56,19
VID04566,2025-03-15,Office Comedy #4566,Comedy,10673,444,42,10.27,63.51,701.2,234,20
VID04567,2025-03-15,Best Settings #4567,Gaming,20354,1442,208,8.09,48.63,1934.0,404,20
VID04568,2025-03-15,Relatable College Life #4568,Comedy,3685,342,28,9.21,63.95,128.8,34,16
VID04569,2025-03-15,Street Food Tour #4569,Food,12104,484,113,9.34,37.75,816.6,188,12
VID04570,2025-03-15,Easy Recipes #4570,Food,16278,727,136,6.09,75.81,635.2,92,21
VID04571,2025-03-15,Personal Finance Tips #4571,Finance,23975,1387,287,6.43,57.22,1182.7,127,16
VID04572,2025-03-15,Parents Be Like #4572,Comedy,2781,248,27,7.42,62.82,308.3,28,20
VID04573,2025-03-15,Day In My Life #4573,Lifestyle,13226,1154,177,5.97,75.36,980.9,154,20
VID04574,2025-03-15,Best Places to Visit #4574,Travel,22575,571,70,7.39,66.14,1364.3,494,23
VID04575,2025-03-16,Gaming Highlights #4575,Gaming,3938,339,13,7.07,73.19,317.7,91,22
VID04576,2025-03-16,Phone Features You Missed #4576,Tech,7514,775,25,7.16,59.55,671.7,166,21
VID04577,2025-03-16,Weekend Travel Vlog #4577,Travel,2192,202,25,6.46,67.5,199.7,6,14
VID04578,2025-03-16,Best Restaurants #4578,Food,8623,641,29,8.35,69.09,955.9,95,8
VID04579,2025-03-16,Funny Family Moments #4579,Comedy,3330,112,26,6.63,57.21,264.2,12,21
VID04580,2025-03-16,Learning Strategies #4580,Education,47194,4537,148,7.68,47.98,1164.5,174,22
VID04581,2025-03-16,Personal Finance Tips #4581,Finance,5627,326,61,8.04,60.12,366.6,14,20
VID04582,2025-03-16,Study Tips That Work #4582,Education,9004,786,121,8.1,69.46,839.1,28,20
VID04583,2025-03-16,Budget Meals #4583,Food,10915,857,76,11.31,59.41,315.8,235,20
VID04584,2025-03-16,Study Tips That Work #4584,Education,984,54,6,7.4,60.46,38.1,14,19
VID04585,2025-03-17,Useful Tech Tips #4585,Tech,20258,1942,190,10.59,63.82,645.4,199,18
VID04586,2025-03-17,Food Review #4586,Food,15160,1555,13,10.63,73.44,951.3,205,19
VID04587,2025-03-17,Saving Money #4587,Finance,8204,396,51,7.86,64.78,792.9,88,12
VID04588,2025-03-17,Office Comedy #4588,Comedy,24146,1065,188,6.9,71.17,1780.0,467,22
VID04589,2025-03-17,Parents Be Like #4589,Comedy,4575,352,24,7.09,89.28,682.5,111,12
VID04590,2025-03-17,Best Settings #4590,Gaming,3410,271,5,10.65,58.1,214.1,47,16
VID04591,2025-03-17,Productivity Tips #4591,Education,6200,668,41,9.58,64.33,182.1,94,21
VID04592,2025-03-17,Best Friend Problems #4592,Comedy,13575,417,133,6.74,63.13,1895.9,65,8
VID04593,2025-03-17,Productivity Tips #4593,Education,7448,361,92,9.26,51.12,617.3,159,23
VID04594,2025-03-17,Best Friend Problems #4594,Comedy,14417,576,75,15.87,80.47,2319.8,196,23
VID04595,2025-03-17,Street Food Tour #4595,Food,5021,224,35,6.95,65.52,426.0,23,10
VID04596,2025-03-18,Best Places to Visit #4596,Travel,10077,740,79,6.81,58.1,1223.8,122,22
VID04597,2025-03-18,Credit Score Tips #4597,Finance,7543,576,40,6.49,56.51,280.2,157,21
VID04598,2025-03-18,Weekend Vlog #4598,Lifestyle,28051,872,93,8.45,53.96,1750.8,354,20
VID04599,2025-03-18,Best Friend Problems #4599,Comedy,7438,279,62,7.26,41.27,171.2,73,19
VID04600,2025-03-18,Travel Guide #4600,Travel,5416,413,17,7.64,52.85,462.6,29,10
VID04601,2025-03-18,Learning Strategies #4601,Education,5673,597,78,6.36,80.51,261.4,109,20
VID04602,2025-03-18,Best Settings #4602,Gaming,21946,602,100,6.1,68.84,905.0,137,19
VID04603,2025-03-18,Budget Meals #4603,Food,11789,405,28,7.35,52.52,326.4,144,18
VID04604,2025-03-18,Office Comedy #4604,Comedy,7890,683,10,6.26,43.58,301.2,20,12
VID04605,2025-03-18,Relatable College Life #4605,Comedy,54471,3488,599,12.08,55.26,5397.5,927,14
VID04606,2025-03-19,Useful Tech Tips #4606,Tech,7047,538,73,10.7,78.56,613.3,87,20
VID04607,2025-03-19,Gaming Tips #4607,Gaming,1407,103,14,9.23,59.76,39.9,17,20
VID04608,2025-03-19,Laptop Buying Guide #4608,Tech,8069,774,21,4.76,64.29,239.2,87,21
VID04609,2025-03-19,Healthy Habits #4609,Lifestyle,3439,120,21,7.47,38.13,77.8,18,21
VID04610,2025-03-19,Best Friend Problems #4610,Comedy,10161,569,71,5.1,50.47,747.8,129,10
VID04611,2025-03-19,Morning Routine #4611,Lifestyle,40079,3984,409,5.57,34.04,1645.1,307,14
VID04612,2025-03-19,Productivity Tips #4612,Education,2811,201,39,4.83,49.71,70.4,38,22
VID04613,2025-03-19,Day In My Life #4613,Lifestyle,12682,397,77,8.22,46.35,435.9,265,10
VID04614,2025-03-19,Best Restaurants #4614,Food,2730,124,2,6.39,26.59,40.4,35,19
VID04615,2025-03-19,Exam Preparation Guide #4615,Education,10175,363,136,7.91,90.0,1508.1,49,14
VID04616,2025-03-20,Personal Finance Tips #4616,Finance,3099,327,12,7.74,68.36,302.2,72,19
VID04617,2025-03-20,Gaming Highlights #4617,Gaming,34017,3006,447,5.37,51.0,2716.1,685,10
VID04618,2025-03-20,Productivity Tips #4618,Education,35647,2371,125,8.1,65.32,2170.1,473,20
VID04619,2025-03-20,Parents Be Like #4619,Comedy,36202,1014,98,8.38,73.42,2908.7,559,20
VID04620,2025-03-20,Budget Lifestyle #4620,Lifestyle,8999,537,43,4.14,42.21,183.1,155,16
VID04621,2025-03-20,Productivity Tips #4621,Education,902,63,3,6.35,40.78,65.1,4,22
VID04622,2025-03-20,Office Comedy #4622,Comedy,2329,107,32,10.51,56.05,138.5,50,23
VID04623,2025-03-20,Saving Money #4623,Finance,2151,149,28,7.79,49.66,42.0,25,12
VID04624,2025-03-20,Morning Routine #4624,Lifestyle,4608,344,42,9.48,80.63,681.3,13,23
VID04625,2025-03-20,Budget Planning #4625,Finance,31594,2646,145,6.65,48.49,3028.5,192,19
VID04626,2025-03-20,Relatable College Life #4626,Comedy,9263,724,70,7.24,45.18,570.0,102,19
VID04627,2025-03-21,Parents Be Like #4627,Comedy,2813,74,20,6.73,63.97,212.8,15,10
VID04628,2025-03-21,Parents Be Like #4628,Comedy,18741,928,173,5.41,59.44,1532.0,168,18
VID04629,2025-03-21,Day In My Life #4629,Lifestyle,53131,4321,132,11.88,53.98,5453.0,383,23
VID04630,2025-03-21,Personal Finance Tips #4630,Finance,12944,420,61,10.99,55.56,854.7,36,19
VID04631,2025-03-21,Budget Lifestyle #4631,Lifestyle,16289,796,183,9.02,78.72,1346.2,255,20
VID04632,2025-03-21,AI Tools #4632,Tech,40053,2429,348,5.71,79.53,5014.9,223,12
VID04633,2025-03-21,Phone Features You Missed #4633,Tech,69625,5205,288,9.14,65.17,4272.0,433,21
VID04634,2025-03-21,Budget Travel Tips #4634,Travel,22833,1593,196,10.3,80.1,3704.8,573,19
VID04635,2025-03-21,Easy Recipes #4635,Food,8555,866,88,9.24,89.59,1616.2,197,20
VID04636,2025-03-21,Expectation vs Reality #4636,Comedy,15246,524,118,7.97,71.64,1109.0,71,23
VID04637,2025-03-22,Best Restaurants #4637,Food,38541,2471,403,10.18,56.82,2884.1,310,20
VID04638,2025-03-22,Game Challenge #4638,Gaming,10151,407,49,8.06,62.39,423.9,233,12
VID04639,2025-03-22,Credit Score Tips #4639,Finance,28282,1937,46,7.52,71.17,3439.2,314,18
VID04640,2025-03-22,Career Tips #4640,Education,33028,1932,132,6.83,59.2,808.7,607,20
VID04641,2025-03-22,Best Friend Problems #4641,Comedy,67310,3521,869,10.67,61.61,8527.1,488,12
VID04642,2025-03-22,Productivity Tips #4642,Education,3695,320,38,8.91,75.31,268.9,74,16
VID04643,2025-03-22,Credit Score Tips #4643,Finance,34445,3173,233,7.7,50.81,1518.0,470,22
VID04644,2025-03-22,Learning Strategies #4644,Education,8323,616,70,11.67,67.81,834.0,30,16
VID04645,2025-03-22,Best Friend Problems #4645,Comedy,11331,1164,41,6.19,57.3,1198.0,182,12
VID04646,2025-03-22,Best Friend Problems #4646,Comedy,26616,1531,320,10.39,43.12,2070.4,133,21
VID04647,2025-03-22,Cooking Tips #4647,Food,3795,105,22,9.15,59.34,308.0,10,20
VID04648,2025-03-23,Budget Lifestyle #4648,Lifestyle,22705,756,276,6.06,60.25,1281.0,388,16
VID04649,2025-03-23,Laptop Buying Guide #4649,Tech,16221,1365,134,5.67,73.87,592.7,321,16
VID04650,2025-03-23,Best Restaurants #4650,Food,5691,415,73,7.35,63.4,532.1,110,18
VID04651,2025-03-23,Top Games #4651,Gaming,13476,1433,94,8.93,54.46,1095.6,143,20
VID04652,2025-03-23,Budget Travel Tips #4652,Travel,9467,291,131,11.69,79.48,1473.1,116,21
VID04653,2025-03-23,Expectation vs Reality #4653,Comedy,3379,159,41,7.96,77.53,374.1,14,20
VID04654,2025-03-23,Interview Preparation #4654,Education,17464,585,102,7.54,69.92,911.9,419,20
VID04655,2025-03-23,Budget Lifestyle #4655,Lifestyle,8174,502,101,9.5,67.59,709.7,168,19
VID04656,2025-03-23,Top Games #4656,Gaming,15414,939,16,8.44,72.04,1128.1,353,14
VID04657,2025-03-23,Parents Be Like #4657,Comedy,8000,438,12,7.76,65.75,563.9,165,18
VID04658,2025-03-24,Weekend Vlog #4658,Lifestyle,70377,6338,373,7.34,50.89,7442.7,1296,19
VID04659,2025-03-24,Weekend Travel Vlog #4659,Travel,116975,6544,736,6.85,72.82,11139.4,1949,18
VID04660,2025-03-24,Laptop Buying Guide #4660,Tech,6063,581,21,9.53,38.9,89.5,92,14
VID04661,2025-03-24,Gaming Highlights #4661,Gaming,19224,1683,113,8.79,38.87,1068.1,210,12
VID04662,2025-03-24,Parents Be Like #4662,Comedy,14681,1147,40,4.56,63.68,1023.5,48,20
VID04663,2025-03-24,Budget Travel Tips #4663,Travel,24240,2142,104,11.21,63.18,2397.0,233,14
VID04664,2025-03-24,Travel Mistakes #4664,Travel,4507,318,48,12.69,50.18,329.2,34,20
VID04665,2025-03-24,Best Restaurants #4665,Food,11908,556,67,7.11,63.24,533.8,105,19
VID04666,2025-03-24,Study Tips That Work #4666,Education,3859,233,34,4.31,70.51,378.8,61,19
VID04667,2025-03-24,Relatable College Life #4667,Comedy,41031,2340,351,10.04,64.33,2582.7,375,21
VID04668,2025-03-25,Top Games #4668,Gaming,36452,3372,483,6.08,77.59,1981.9,888,20
VID04669,2025-03-25,Hidden Places #4669,Travel,27056,1222,319,5.86,68.14,1438.7,594,21
VID04670,2025-03-25,Best Friend Problems #4670,Comedy,10911,596,138,9.7,67.26,848.8,182,18
VID04671,2025-03-25,Weekend Travel Vlog #4671,Travel,4115,360,18,10.39,63.23,398.5,14,16
VID04672,2025-03-25,Laptop Buying Guide #4672,Tech,17174,592,187,7.23,66.52,1615.5,294,21
VID04673,2025-03-25,Funny Family Moments #4673,Comedy,56502,2448,378,7.28,55.02,1805.8,424,18
VID04674,2025-03-25,Best Friend Problems #4674,Comedy,45105,3279,498,4.66,68.89,1899.9,503,23
VID04675,2025-03-25,Credit Score Tips #4675,Finance,7667,461,35,9.79,61.52,708.3,161,8
VID04676,2025-03-25,Hidden Places #4676,Travel,67986,6058,159,5.54,60.38,9254.9,1214,22
VID04677,2025-03-25,Weekend Travel Vlog #4677,Travel,8032,502,85,7.65,54.3,278.2,96,22
VID04678,2025-03-25,Interview Preparation #4678,Education,39225,1753,173,8.89,49.97,1539.5,483,6
VID04679,2025-03-26,Learning Strategies #4679,Education,4413,229,31,5.28,66.76,266.9,37,21
VID04680,2025-03-26,Phone Features You Missed #4680,Tech,11760,710,34,4.65,80.98,1531.8,166,10
VID04681,2025-03-26,Personal Finance Tips #4681,Finance,24031,1729,129,4.51,51.85,1482.8,190,19
VID04682,2025-03-26,Funny Family Moments #4682,Comedy,4132,243,50,2.64,49.84,117.7,84,12
VID04683,2025-03-26,Gaming Highlights #4683,Gaming,10780,487,56,11.24,69.54,1158.2,185,20
VID04684,2025-03-26,Laptop Buying Guide #4684,Tech,5162,251,33,12.15,53.78,355.8,45,10
VID04685,2025-03-26,AI Tools #4685,Tech,4587,177,13,4.86,55.16,362.0,64,16
VID04686,2025-03-26,Productivity Tips #4686,Education,10464,300,99,9.04,48.47,532.4,175,19
VID04687,2025-03-26,Street Food Tour #4687,Food,2838,178,17,4.7,53.36,157.9,8,20
VID04688,2025-03-26,Budget Planning #4688,Finance,33186,2660,53,7.17,67.2,1953.1,764,19
VID04689,2025-03-27,Best Apps #4689,Tech,7817,807,105,7.1,72.13,963.2,121,23
VID04690,2025-03-27,Interview Preparation #4690,Education,17281,945,141,4.74,53.29,1448.1,187,20
VID04691,2025-03-27,Game Challenge #4691,Gaming,9857,261,126,3.35,67.89,1491.2,60,19
VID04692,2025-03-27,Career Tips #4692,Education,2696,265,30,9.24,51.46,57.6,10,18
VID04693,2025-03-27,Best Friend Problems #4693,Comedy,4551,346,63,5.38,55.67,429.9,39,10
VID04694,2025-03-27,Funny Family Moments #4694,Comedy,4912,218,34,8.46,76.15,793.5,58,19
VID04695,2025-03-27,Funny Family Moments #4695,Comedy,69206,3667,653,4.99,61.61,4911.5,474,20
VID04696,2025-03-27,Productivity Tips #4696,Education,13172,732,58,7.43,78.39,1168.1,278,20
VID04697,2025-03-27,Hidden Places #4697,Travel,49253,4584,365,14.24,75.04,2965.9,645,19
VID04698,2025-03-27,Hidden Places #4698,Travel,2807,299,13,8.32,55.53,303.5,18,22
VID04699,2025-03-27,Daily Routine #4699,Lifestyle,60513,3374,201,3.77,33.06,1340.8,642,23
VID04700,2025-03-28,Study Tips That Work #4700,Education,41345,1042,372,6.6,69.52,3677.7,376,19
VID04701,2025-03-28,Street Food Tour #4701,Food,17160,470,83,8.23,75.33,1452.1,305,20
VID04702,2025-03-28,Laptop Buying Guide #4702,Tech,14035,424,37,6.23,51.43,1153.0,48,21
VID04703,2025-03-28,Best Places to Visit #4703,Travel,12427,1294,149,10.46,66.36,422.2,154,6
VID04704,2025-03-28,Gaming Highlights #4704,Gaming,27535,2273,264,10.02,81.83,1825.5,251,10
VID04705,2025-03-28,Phone Features You Missed #4705,Tech,17911,651,71,7.82,63.1,1117.3,252,14
VID04706,2025-03-28,Gaming Tips #4706,Gaming,7417,474,88,6.44,50.63,194.9,158,22
VID04707,2025-03-28,Tech Hacks #4707,Tech,10796,622,32,5.19,67.5,1165.5,35,22
VID04708,2025-03-28,Useful Tech Tips #4708,Tech,6116,243,46,8.6,63.95,646.1,117,19
VID04709,2025-03-28,AI Tools #4709,Tech,62891,3289,578,6.86,60.34,8894.2,542,20
VID04710,2025-03-29,Easy Recipes #4710,Food,3631,109,14,6.52,72.3,562.3,60,20
VID04711,2025-03-29,Weekend Travel Vlog #4711,Travel,112824,3888,973,10.26,69.57,6281.9,2640,20
VID04712,2025-03-29,Relatable College Life #4712,Comedy,1856,120,21,9.27,44.77,44.5,24,12
VID04713,2025-03-29,Money Mistakes #4713,Finance,12472,824,28,8.11,64.83,1146.4,142,18
VID04714,2025-03-29,Best Apps #4714,Tech,10854,1033,79,6.28,29.84,371.5,194,20
VID04715,2025-03-29,Weekend Vlog #4715,Lifestyle,13214,1261,21,7.25,42.03,276.6,128,19
VID04716,2025-03-29,Budget Meals #4716,Food,2781,235,37,4.68,48.07,188.4,36,21
VID04717,2025-03-29,Interview Preparation #4717,Education,4561,346,23,3.26,69.73,586.9,102,19
VID04718,2025-03-29,Best Places to Visit #4718,Travel,50566,2430,215,10.58,78.39,7350.4,741,16
VID04719,2025-03-29,Useful Tech Tips #4719,Tech,8453,288,52,7.79,43.85,661.5,122,20
VID04720,2025-03-30,Useful Tech Tips #4720,Tech,13524,671,119,7.15,56.16,404.7,169,16
VID04721,2025-03-30,Morning Routine #4721,Lifestyle,5675,409,76,9.53,59.22,381.1,38,22
VID04722,2025-03-30,Phone Features You Missed #4722,Tech,17783,1456,154,5.09,76.26,1880.0,255,12
VID04723,2025-03-30,Relatable College Life #4723,Comedy,22292,1496,85,6.93,83.89,762.7,263,19
VID04724,2025-03-30,Travel Mistakes #4724,Travel,19246,1513,146,11.35,41.08,952.4,67,20
VID04725,2025-03-30,Learning Strategies #4725,Education,6094,294,73,9.53,57.77,556.5,34,18
VID04726,2025-03-30,Best Settings #4726,Gaming,3441,166,10,7.6,60.81,202.8,27,21
VID04727,2025-03-30,Budget Meals #4727,Food,4604,372,61,8.57,60.43,491.8,87,21
VID04728,2025-03-30,Investment Basics #4728,Finance,19364,1232,193,7.99,72.1,1786.4,223,22
VID04729,2025-03-30,Tech Hacks #4729,Tech,6727,489,17,9.86,59.75,339.7,150,18
VID04730,2025-03-30,Funny Family Moments #4730,Comedy,4350,121,55,5.98,64.77,362.1,31,12
VID04731,2025-03-31,Easy Recipes #4731,Food,803,69,1,9.75,61.14,65.6,16,21
VID04732,2025-03-31,Exam Preparation Guide #4732,Education,26967,2870,50,6.34,63.58,2278.9,623,12
VID04733,2025-03-31,Daily Routine #4733,Lifestyle,35469,3688,297,8.95,50.05,2579.2,134,21
VID04734,2025-03-31,Gaming Tips #4734,Gaming,8109,774,92,8.31,54.12,799.1,54,19
VID04735,2025-03-31,Travel Mistakes #4735,Travel,12491,1204,27,7.1,43.55,801.1,57,12
VID04736,2025-03-31,Best Places to Visit #4736,Travel,14337,869,63,4.2,42.73,432.1,173,21
VID04737,2025-03-31,Parents Be Like #4737,Comedy,2837,259,32,7.35,68.28,377.6,34,19
VID04738,2025-03-31,Parents Be Like #4738,Comedy,887,89,7,8.05,56.47,56.5,10,21
VID04739,2025-03-31,Relatable College Life #4739,Comedy,847,47,3,8.52,53.56,27.5,18,20
VID04740,2025-03-31,Investment Basics #4740,Finance,1068,97,6,8.54,64.66,45.2,11,20
VID04741,2025-04-01,Expectation vs Reality #4741,Comedy,6738,320,85,6.36,77.11,577.1,43,12
VID04742,2025-04-01,Healthy Habits #4742,Lifestyle,32831,2658,75,5.92,75.19,2951.3,610,22
VID04743,2025-04-01,Exam Preparation Guide #4743,Education,4475,240,36,7.81,52.41,209.7,74,20
VID04744,2025-04-01,Daily Routine #4744,Lifestyle,15141,733,46,9.49,80.06,1634.8,344,8
VID04745,2025-04-01,Hidden Places #4745,Travel,7060,637,89,9.81,50.51,637.5,61,18
VID04746,2025-04-01,Beginner Guide #4746,Gaming,7491,485,53,9.02,48.1,544.1,133,14
VID04747,2025-04-01,Easy Recipes #4747,Food,6499,192,54,7.59,61.29,558.7,46,21
VID04748,2025-04-01,Office Comedy #4748,Comedy,2963,85,13,8.16,71.62,157.6,12,19
VID04749,2025-04-01,Productivity Tips #4749,Education,15162,1452,198,6.57,64.51,1506.3,96,18
VID04750,2025-04-01,Healthy Habits #4750,Lifestyle,32896,2332,138,8.25,66.4,1361.2,226,22
VID04751,2025-04-01,Street Food Tour #4751,Food,16000,1003,105,9.38,42.64,466.7,240,20
VID04752,2025-04-02,Relatable College Life #4752,Comedy,137395,12044,1084,10.26,44.91,7879.9,2337,18
VID04753,2025-04-02,Investment Basics #4753,Finance,7279,351,62,11.0,61.87,240.8,25,14
VID04754,2025-04-02,Tech Hacks #4754,Tech,23653,1952,49,7.15,55.75,1090.7,157,21
VID04755,2025-04-02,Gaming Highlights #4755,Gaming,9966,982,51,8.35,65.56,1096.5,42,10
VID04756,2025-04-02,Money Mistakes #4756,Finance,1846,54,19,7.5,56.92,82.2,20,21
VID04757,2025-04-02,Interview Preparation #4757,Education,15402,1069,51,10.55,52.27,770.1,137,19
VID04758,2025-04-02,Laptop Buying Guide #4758,Tech,9846,744,15,11.19,48.24,484.3,149,14
VID04759,2025-04-02,Morning Routine #4759,Lifestyle,23528,1938,94,7.57,63.05,1807.2,423,12
VID04760,2025-04-02,Office Comedy #4760,Comedy,24578,626,147,3.74,62.79,2967.3,443,22
VID04761,2025-04-02,Expectation vs Reality #4761,Comedy,15769,1562,36,6.52,65.44,1219.0,371,19
VID04762,2025-04-03,Career Tips #4762,Education,23912,1214,111,8.3,47.58,1849.6,112,10
VID04763,2025-04-03,Study Tips That Work #4763,Education,22835,1701,67,9.63,60.99,498.9,212,20
VID04764,2025-04-03,Useful Tech Tips #4764,Tech,24771,2221,220,6.27,38.02,1641.4,331,20
VID04765,2025-04-03,Street Food Tour #4765,Food,3039,76,7,6.76,36.09,216.1,31,16
VID04766,2025-04-03,Budget Lifestyle #4766,Lifestyle,11900,998,18,5.34,65.67,1252.6,279,18
VID04767,2025-04-03,Budget Lifestyle #4767,Lifestyle,5218,311,4,9.72,65.22,552.6,58,21
VID04768,2025-04-03,Daily Routine #4768,Lifestyle,26691,2608,214,13.27,47.37,2156.6,309,22
VID04769,2025-04-03,AI Tools #4769,Tech,14533,953,137,7.06,64.62,869.1,70,10
VID04770,2025-04-03,Budget Planning #4770,Finance,250131,19918,2936,11.83,64.93,15147.3,4159,6
VID04771,2025-04-03,Productivity Tips #4771,Education,14155,630,11,7.96,64.95,1039.0,142,16
VID04772,2025-04-04,Credit Score Tips #4772,Finance,13584,1000,99,11.11,49.16,657.5,117,19
VID04773,2025-04-04,Exam Preparation Guide #4773,Education,20133,992,156,7.52,56.67,723.5,332,20
VID04774,2025-04-04,Weekend Vlog #4774,Lifestyle,12322,886,91,11.64,51.29,904.6,62,21
VID04775,2025-04-04,Budget Meals #4775,Food,1285,51,5,6.68,56.41,46.3,7,10
VID04776,2025-04-04,Parents Be Like #4776,Comedy,6430,496,77,12.92,87.01,581.8,64,10
VID04777,2025-04-04,Weekend Travel Vlog #4777,Travel,53840,4570,143,10.26,62.26,5395.2,591,18
VID04778,2025-04-04,Gaming Highlights #4778,Gaming,20033,2130,140,6.91,67.05,2598.5,403,19
VID04779,2025-04-04,Best Friend Problems #4779,Comedy,1908,140,8,8.86,66.18,240.8,40,20
VID04780,2025-04-04,Phone Features You Missed #4780,Tech,54935,2791,273,5.76,75.14,5063.3,1323,19
VID04781,2025-04-04,Budget Travel Tips #4781,Travel,26552,2300,331,5.52,39.19,1741.2,433,18
VID04782,2025-04-04,Gaming Highlights #4782,Gaming,23648,1885,105,9.55,55.18,1034.0,234,20
VID04783,2025-04-05,Budget Travel Tips #4783,Travel,9661,366,51,9.11,64.31,1103.8,142,6
VID04784,2025-04-05,Tech Hacks #4784,Tech,117735,12234,108,8.33,67.46,13822.0,638,8
VID04785,2025-04-05,Day In My Life #4785,Lifestyle,7567,203,46,7.51,47.0,630.5,131,20
VID04786,2025-04-05,Travel Mistakes #4786,Travel,10444,372,113,9.37,55.13,313.3,30,14
VID04787,2025-04-05,Best Friend Problems #4787,Comedy,39908,4220,338,7.21,50.38,2076.2,368,19
VID04788,2025-04-05,Career Tips #4788,Education,112227,3007,847,8.62,51.57,4712.9,979,21
VID04789,2025-04-05,Parents Be Like #4789,Comedy,8051,328,106,6.87,76.95,858.4,84,19
VID04790,2025-04-05,Parents Be Like #4790,Comedy,35572,3138,240,5.71,72.31,5065.6,429,12
VID04791,2025-04-05,Weekend Vlog #4791,Lifestyle,6301,683,18,7.67,57.79,264.6,131,20
VID04792,2025-04-05,Productivity Tips #4792,Education,7560,325,86,3.96,69.74,756.1,84,20
VID04793,2025-04-06,Personal Finance Tips #4793,Finance,1997,118,9,9.87,58.11,153.1,26,6
VID04794,2025-04-06,Cooking Tips #4794,Food,12201,1277,94,6.2,42.98,799.7,96,22
VID04795,2025-04-06,Travel Guide #4795,Travel,11253,752,140,10.44,87.32,1413.0,34,16
VID04796,2025-04-06,Career Tips #4796,Education,10238,933,141,6.61,46.08,176.5,160,10
VID04797,2025-04-06,Street Food Tour #4797,Food,1310,66,8,6.88,51.75,40.4,8,16
VID04798,2025-04-06,Funny Family Moments #4798,Comedy,1348,118,11,8.66,61.55,122.5,17,21
VID04799,2025-04-06,AI Tools #4799,Tech,36961,2701,209,6.88,81.25,2210.9,340,12
VID04800,2025-04-06,Easy Recipes #4800,Food,4270,420,7,10.89,55.37,316.6,18,12
VID04801,2025-04-06,Budget Lifestyle #4801,Lifestyle,2460,177,9,10.71,31.77,82.2,13,12
VID04802,2025-04-06,Learning Strategies #4802,Education,9249,781,126,8.73,90.0,1220.6,178,6
VID04803,2025-04-06,Exam Preparation Guide #4803,Education,3436,97,12,7.38,48.0,149.4,62,21
VID04804,2025-04-07,Game Challenge #4804,Gaming,4283,115,30,8.26,59.57,516.3,68,12
VID04805,2025-04-07,Best Restaurants #4805,Food,2587,199,5,10.23,55.14,70.4,42,19
VID04806,2025-04-07,Interview Preparation #4806,Education,5725,612,5,6.65,72.32,250.0,112,20
VID04807,2025-04-07,Office Comedy #4807,Comedy,46509,3897,393,10.05,82.51,6789.6,987,21
VID04808,2025-04-07,Food Review #4808,Food,10786,1121,27,9.0,67.17,443.5,54,18
VID04809,2025-04-07,Healthy Habits #4809,Lifestyle,16365,719,31,8.68,47.73,1356.6,314,22
VID04810,2025-04-07,Funny Family Moments #4810,Comedy,1670,43,9,7.72,56.75,165.4,21,10
VID04811,2025-04-07,Budget Planning #4811,Finance,500,27,2,5.91,44.53,16.0,4,14
VID04812,2025-04-07,Morning Routine #4812,Lifestyle,2447,102,4,10.04,52.06,168.5,21,20
VID04813,2025-04-07,Cooking Tips #4813,Food,4769,157,55,10.56,49.86,197.6,58,19
VID04814,2025-04-08,Budget Planning #4814,Finance,60999,2664,82,6.33,43.93,2663.1,884,21
VID04815,2025-04-08,Investment Basics #4815,Finance,5776,500,73,1.5,61.84,485.7,87,14
VID04816,2025-04-08,Best Friend Problems #4816,Comedy,12913,486,145,8.02,70.71,992.9,95,20
VID04817,2025-04-08,Expectation vs Reality #4817,Comedy,9662,1037,70,8.11,80.54,557.6,102,10
VID04818,2025-04-08,Best Apps #4818,Tech,22644,1873,219,6.93,66.24,2162.0,360,19
VID04819,2025-04-08,Expectation vs Reality #4819,Comedy,10028,362,36,6.38,68.11,434.9,90,8
VID04820,2025-04-08,Money Mistakes #4820,Finance,18433,1255,53,8.56,76.89,1864.4,334,19
VID04821,2025-04-08,Cooking Tips #4821,Food,2476,188,8,9.87,88.76,203.7,28,20
VID04822,2025-04-08,Exam Preparation Guide #4822,Education,9464,595,21,4.27,53.77,1121.0,174,21
VID04823,2025-04-08,Productivity Tips #4823,Education,47520,4239,160,12.98,53.83,1568.5,550,16
VID04824,2025-04-09,Office Comedy #4824,Comedy,22564,1896,231,9.28,50.21,1887.2,365,21
VID04825,2025-04-09,Hidden Places #4825,Travel,3604,301,32,10.84,58.47,336.6,12,20
VID04826,2025-04-09,Top Games #4826,Gaming,6968,633,36,8.41,68.76,593.0,38,21
VID04827,2025-04-09,Hidden Places #4827,Travel,14311,1252,94,9.31,57.58,995.0,95,12
VID04828,2025-04-09,Office Comedy #4828,Comedy,10123,1095,92,9.29,53.84,460.3,195,18
VID04829,2025-04-09,Game Challenge #4829,Gaming,29821,2954,123,7.25,79.24,1088.9,249,16
VID04830,2025-04-09,Beginner Guide #4830,Gaming,13955,365,137,9.71,73.66,1014.0,110,20
VID04831,2025-04-09,Travel Mistakes #4831,Travel,3352,133,39,10.64,62.0,313.0,49,20
VID04832,2025-04-09,Expectation vs Reality #4832,Comedy,19688,697,238,8.5,48.49,2007.0,198,19
VID04833,2025-04-09,Money Mistakes #4833,Finance,10805,397,35,6.76,66.49,975.2,238,20
VID04834,2025-04-09,Phone Features You Missed #4834,Tech,6559,367,25,10.91,43.98,586.3,19,10
VID04835,2025-04-10,Best Places to Visit #4835,Travel,28819,2360,303,7.41,68.52,2763.2,339,21
VID04836,2025-04-10,Office Comedy #4836,Comedy,62275,5475,416,10.53,50.13,5506.7,793,23
VID04837,2025-04-10,Productivity Tips #4837,Education,2752,138,22,6.01,54.4,157.5,18,10
VID04838,2025-04-10,Gaming Tips #4838,Gaming,58541,3866,294,8.93,62.12,5200.6,385,6
VID04839,2025-04-10,Personal Finance Tips #4839,Finance,3826,173,21,6.54,76.41,529.4,48,19
VID04840,2025-04-10,Expectation vs Reality #4840,Comedy,4350,125,18,10.39,73.09,473.0,103,19
VID04841,2025-04-10,Relatable College Life #4841,Comedy,7649,617,14,6.66,82.72,808.3,179,14
VID04842,2025-04-10,Travel Mistakes #4842,Travel,12441,1078,104,6.63,58.87,1561.7,41,8
VID04843,2025-04-10,Best Friend Problems #4843,Comedy,18266,1980,132,9.15,60.47,482.7,214,12
VID04844,2025-04-10,Day In My Life #4844,Lifestyle,5524,170,37,10.3,72.2,825.5,57,20
VID04845,2025-04-11,Weekend Travel Vlog #4845,Travel,2195,118,14,7.84,44.8,158.3,14,18
VID04846,2025-04-11,Study Tips That Work #4846,Education,2373,230,11,10.5,52.84,82.1,29,22
VID04847,2025-04-11,Weekend Vlog #4847,Lifestyle,5430,533,12,6.79,55.42,517.6,37,18
VID04848,2025-04-11,Credit Score Tips #4848,Finance,5322,184,60,11.94,67.14,704.1,90,19
VID04849,2025-04-11,Budget Meals #4849,Food,4906,223,68,8.63,66.41,342.1,35,6
VID04850,2025-04-11,Tech Hacks #4850,Tech,6932,230,50,8.24,46.7,521.7,49,22
VID04851,2025-04-11,Travel Guide #4851,Travel,21734,1905,239,6.58,63.39,627.7,200,19
VID04852,2025-04-11,Gaming Tips #4852,Gaming,42488,1910,159,6.9,54.99,3850.7,929,21
VID04853,2025-04-11,Study Tips That Work #4853,Education,4992,450,32,10.71,55.99,237.6,35,16
VID04854,2025-04-11,Laptop Buying Guide #4854,Tech,35458,2960,361,5.95,56.92,3525.8,255,12
VID04855,2025-04-12,Money Mistakes #4855,Finance,6814,382,47,11.22,56.78,260.9,66,20
VID04856,2025-04-12,Morning Routine #4856,Lifestyle,56996,4948,751,7.16,34.31,1991.9,556,21
VID04857,2025-04-12,Best Settings #4857,Gaming,3237,258,27,7.29,63.04,84.7,16,22
VID04858,2025-04-12,Best Settings #4858,Gaming,2496,92,5,8.82,74.87,424.9,51,14
VID04859,2025-04-12,Funny Family Moments #4859,Comedy,79065,5390,304,9.33,48.9,5237.7,1512,16
VID04860,2025-04-12,Hidden Places #4860,Travel,3811,151,36,7.45,65.54,385.0,82,12
VID04861,2025-04-12,Personal Finance Tips #4861,Finance,31503,2957,423,10.77,28.64,836.0,133,14
VID04862,2025-04-12,Interview Preparation #4862,Education,22239,1075,219,9.39,76.52,1970.4,285,21
VID04863,2025-04-12,Travel Guide #4863,Travel,50758,2651,193,8.25,50.94,1070.9,541,14
VID04864,2025-04-12,Travel Guide #4864,Travel,997,74,6,10.75,74.31,84.8,14,12
VID04865,2025-04-12,Weekend Travel Vlog #4865,Travel,7811,611,69,5.48,72.24,955.4,115,22
VID04866,2025-04-13,Saving Money #4866,Finance,2213,130,26,5.25,71.65,177.0,27,8
VID04867,2025-04-13,Gaming Tips #4867,Gaming,1963,109,6,7.18,57.81,167.1,41,20
VID04868,2025-04-13,Parents Be Like #4868,Comedy,4454,341,38,9.7,61.89,621.7,67,10
VID04869,2025-04-13,Expectation vs Reality #4869,Comedy,10518,472,116,5.53,73.22,1255.6,244,10
VID04870,2025-04-13,Learning Strategies #4870,Education,4169,390,3,11.87,65.66,543.0,57,20
VID04871,2025-04-13,Exam Preparation Guide #4871,Education,16417,1353,143,5.77,47.76,964.9,78,19
VID04872,2025-04-13,Daily Routine #4872,Lifestyle,16880,1379,69,5.34,56.12,454.8,290,20
VID04873,2025-04-13,Study Tips That Work #4873,Education,5353,533,10,9.99,69.19,507.0,19,19
VID04874,2025-04-13,Interview Preparation #4874,Education,16291,1651,222,4.97,56.47,429.1,79,20
VID04875,2025-04-13,Career Tips #4875,Education,2378,246,15,5.16,52.37,49.6,28,18
VID04876,2025-04-14,Best Apps #4876,Tech,12784,989,176,7.09,61.89,563.9,290,19
VID04877,2025-04-14,Day In My Life #4877,Lifestyle,9670,644,44,6.59,62.17,370.4,45,19
VID04878,2025-04-14,Expectation vs Reality #4878,Comedy,26834,1876,50,8.74,65.35,3653.4,479,20
VID04879,2025-04-14,Productivity Tips #4879,Education,22833,1692,186,6.5,53.84,2299.0,144,19
VID04880,2025-04-14,Money Mistakes #4880,Finance,10975,500,79,5.31,65.61,1457.6,122,12
VID04881,2025-04-14,Personal Finance Tips #4881,Finance,5195,177,41,11.76,70.75,350.3,67,19
VID04882,2025-04-14,Gaming Tips #4882,Gaming,23500,1142,182,9.23,83.85,739.0,359,18
VID04883,2025-04-14,Best Places to Visit #4883,Travel,9056,550,69,1.63,64.92,323.9,149,18
VID04884,2025-04-14,Morning Routine #4884,Lifestyle,9507,684,111,7.12,63.93,863.6,100,16
VID04885,2025-04-14,Daily Routine #4885,Lifestyle,12468,729,108,6.16,73.46,1642.6,222,19
VID04886,2025-04-14,Day In My Life #4886,Lifestyle,22261,1389,208,9.45,53.84,1432.3,105,6
VID04887,2025-04-15,Expectation vs Reality #4887,Comedy,9162,730,19,12.37,51.71,393.8,28,20
VID04888,2025-04-15,Best Apps #4888,Tech,7223,571,66,7.14,63.11,910.4,86,14
VID04889,2025-04-15,Gaming Highlights #4889,Gaming,16760,830,17,9.38,81.39,1500.0,271,21
VID04890,2025-04-15,Expectation vs Reality #4890,Comedy,8260,654,50,7.75,57.34,831.2,103,21
VID04891,2025-04-15,AI Tools #4891,Tech,14974,1026,24,9.47,60.2,825.6,191,12
VID04892,2025-04-15,Money Mistakes #4892,Finance,24773,1142,121,7.34,48.66,972.6,461,19
VID04893,2025-04-15,Cooking Tips #4893,Food,40560,2443,69,10.19,46.43,1580.9,678,18
VID04894,2025-04-15,Expectation vs Reality #4894,Comedy,7215,191,42,8.28,45.79,211.5,46,18
VID04895,2025-04-15,Useful Tech Tips #4895,Tech,23163,1080,170,5.91,84.54,3718.4,446,12
VID04896,2025-04-15,Best Friend Problems #4896,Comedy,2470,93,24,8.32,72.71,171.0,24,19
VID04897,2025-04-16,Travel Mistakes #4897,Travel,8325,468,36,9.26,68.45,585.0,185,16
VID04898,2025-04-16,Beginner Guide #4898,Gaming,8005,741,45,9.68,62.55,531.7,50,21
VID04899,2025-04-16,Morning Routine #4899,Lifestyle,7169,692,33,8.88,77.94,1033.4,131,20
VID04900,2025-04-16,Tech Hacks #4900,Tech,7475,495,97,7.64,49.06,650.7,123,22
VID04901,2025-04-16,Personal Finance Tips #4901,Finance,15907,1106,24,5.87,66.28,2251.3,266,22
VID04902,2025-04-16,Learning Strategies #4902,Education,1256,45,9,7.13,62.57,108.6,13,21
VID04903,2025-04-16,Laptop Buying Guide #4903,Tech,58697,5709,141,4.34,53.34,5307.1,315,20
VID04904,2025-04-16,Best Restaurants #4904,Food,24780,1332,140,7.9,46.05,892.7,372,20
VID04905,2025-04-16,Exam Preparation Guide #4905,Education,1284,34,11,5.03,76.51,109.2,24,18
VID04906,2025-04-16,Career Tips #4906,Education,31437,2108,79,8.25,54.53,1962.8,509,18
VID04907,2025-04-17,Useful Tech Tips #4907,Tech,5924,593,30,8.53,59.84,580.4,132,22
VID04908,2025-04-17,Best Restaurants #4908,Food,6162,382,77,10.82,71.17,560.0,146,18
VID04909,2025-04-17,Relatable College Life #4909,Comedy,24441,2110,260,2.84,40.42,1041.6,92,20
VID04910,2025-04-17,Best Apps #4910,Tech,16810,1720,22,9.2,55.59,1300.7,226,18
VID04911,2025-04-17,Tech Hacks #4911,Tech,56877,5041,284,8.31,69.06,8204.0,382,10
VID04912,2025-04-17,Weekend Vlog #4912,Lifestyle,11102,437,16,6.53,69.73,841.4,180,12
VID04913,2025-04-17,Career Tips #4913,Education,21679,899,249,8.59,41.4,1901.1,112,16
VID04914,2025-04-17,Best Friend Problems #4914,Comedy,23174,841,130,6.25,56.53,1276.6,386,21
VID04915,2025-04-17,Office Comedy #4915,Comedy,4864,174,32,9.85,75.2,202.0,50,19
VID04916,2025-04-17,Weekend Travel Vlog #4916,Travel,36396,3414,401,6.63,75.5,4525.4,183,19
VID04917,2025-04-17,Budget Meals #4917,Food,15726,1578,19,7.62,56.18,550.0,54,20
VID04918,2025-04-18,Best Friend Problems #4918,Comedy,6401,241,12,6.04,61.53,730.2,48,20
VID04919,2025-04-18,Phone Features You Missed #4919,Tech,2934,312,6,6.35,84.88,600.4,30,18
VID04920,2025-04-18,Relatable College Life #4920,Comedy,16974,1156,158,13.88,58.33,487.2,167,18
VID04921,2025-04-18,Personal Finance Tips #4921,Finance,23088,1786,182,3.24,73.63,3073.4,123,10
VID04922,2025-04-18,Learning Strategies #4922,Education,13945,1285,85,7.7,63.22,1356.2,241,16
VID04923,2025-04-18,Budget Planning #4923,Finance,13229,747,135,5.57,66.62,966.7,175,19
VID04924,2025-04-18,Easy Recipes #4924,Food,4744,281,62,8.5,59.09,429.8,36,20
VID04925,2025-04-18,Best Apps #4925,Tech,10009,751,93,12.28,76.84,401.1,64,12
VID04926,2025-04-18,Relatable College Life #4926,Comedy,25735,1032,271,9.88,77.93,1819.1,305,21
VID04927,2025-04-18,Food Review #4927,Food,5725,285,51,5.72,83.07,1037.9,69,18
VID04928,2025-04-19,Gaming Tips #4928,Gaming,19258,1814,99,7.54,67.24,694.2,306,21
VID04929,2025-04-19,Gaming Highlights #4929,Gaming,2019,179,12,9.55,54.52,96.4,28,19
VID04930,2025-04-19,Money Mistakes #4930,Finance,9593,545,66,11.09,54.58,319.6,179,14
VID04931,2025-04-19,Gaming Highlights #4931,Gaming,5395,388,71,11.95,78.87,400.1,38,21
VID04932,2025-04-19,Budget Meals #4932,Food,1619,138,22,9.55,69.1,131.5,33,20
VID04933,2025-04-19,Saving Money #4933,Finance,9240,399,109,8.97,68.5,691.7,55,20
VID04934,2025-04-19,Best Friend Problems #4934,Comedy,1549,166,20,7.1,38.12,20.6,5,18
VID04935,2025-04-19,Career Tips #4935,Education,12970,1399,142,12.63,59.14,636.6,37,12
VID04936,2025-04-19,Career Tips #4936,Education,1030,59,7,7.31,58.85,99.0,7,22
VID04937,2025-04-19,Study Tips That Work #4937,Education,15853,1682,53,12.38,35.26,752.9,89,19
VID04938,2025-04-19,Food Review #4938,Food,3982,177,49,8.34,77.25,341.7,23,18
VID04939,2025-04-20,Funny Family Moments #4939,Comedy,35343,3174,388,7.95,74.39,2786.2,772,19
VID04940,2025-04-20,Gaming Tips #4940,Gaming,4530,219,11,6.23,69.8,215.4,16,19
VID04941,2025-04-20,Interview Preparation #4941,Education,22591,1358,73,7.41,51.89,1644.0,249,22
VID04942,2025-04-20,Useful Tech Tips #4942,Tech,5531,155,57,8.74,62.76,517.1,76,21
VID04943,2025-04-20,Weekend Vlog #4943,Lifestyle,24362,1289,113,9.33,73.39,2451.4,358,21
VID04944,2025-04-20,Investment Basics #4944,Finance,19800,1518,121,8.56,54.58,525.1,276,10
VID04945,2025-04-20,Funny Family Moments #4945,Comedy,5750,630,24,5.83,52.72,192.8,71,18
VID04946,2025-04-20,AI Tools #4946,Tech,42321,4555,227,7.32,62.8,2316.4,458,6
VID04947,2025-04-20,Weekend Vlog #4947,Lifestyle,22802,892,287,6.03,52.86,1195.1,99,10
VID04948,2025-04-20,Career Tips #4948,Education,16191,1157,123,8.98,58.26,568.8,320,20
VID04949,2025-04-21,Best Apps #4949,Tech,1853,148,1,6.65,62.13,54.9,26,18
VID04950,2025-04-21,Best Friend Problems #4950,Comedy,7200,785,48,9.25,63.1,303.7,150,12
VID04951,2025-04-21,AI Tools #4951,Tech,36067,3966,480,9.2,81.69,3306.5,149,19
VID04952,2025-04-21,Best Apps #4952,Tech,8342,596,93,7.61,56.54,533.5,109,23
VID04953,2025-04-21,Parents Be Like #4953,Comedy,31122,806,231,5.45,48.24,2316.1,310,16
VID04954,2025-04-21,Productivity Tips #4954,Education,35685,1730,453,4.38,71.65,1861.0,243,14
VID04955,2025-04-21,Laptop Buying Guide #4955,Tech,6561,477,80,7.55,53.68,477.1,94,22
VID04956,2025-04-21,Tech Hacks #4956,Tech,25388,2173,160,5.86,67.29,759.3,560,23
VID04957,2025-04-21,Travel Guide #4957,Travel,2716,201,27,5.95,26.87,53.0,20,18
VID04958,2025-04-21,Morning Routine #4958,Lifestyle,7364,699,12,8.46,43.42,147.3,65,21
VID04959,2025-04-22,Study Tips That Work #4959,Education,56515,2100,218,9.15,54.45,4106.6,1005,16
VID04960,2025-04-22,Travel Guide #4960,Travel,6676,253,41,6.24,70.86,358.4,36,20
VID04961,2025-04-22,Learning Strategies #4961,Education,9167,342,46,8.94,33.52,327.4,169,14
VID04962,2025-04-22,Easy Recipes #4962,Food,4165,390,45,8.62,48.03,156.5,57,12
VID04963,2025-04-22,Travel Guide #4963,Travel,11722,612,101,8.88,65.66,1232.5,207,20
VID04964,2025-04-22,Funny Family Moments #4964,Comedy,10413,876,85,9.71,61.61,432.5,89,21
VID04965,2025-04-22,Credit Score Tips #4965,Finance,21075,1253,235,9.29,59.73,660.5,163,6
VID04966,2025-04-22,Funny Family Moments #4966,Comedy,11884,1222,137,7.28,34.39,310.1,215,20
VID04967,2025-04-22,Office Comedy #4967,Comedy,1987,141,14,12.12,50.78,171.4,43,18
VID04968,2025-04-22,Cooking Tips #4968,Food,14531,828,39,9.83,46.93,330.8,155,20
VID04969,2025-04-22,Budget Travel Tips #4969,Travel,772,54,5,9.22,53.74,51.2,4,18
VID04970,2025-04-23,Productivity Tips #4970,Education,11347,776,115,7.79,48.02,548.7,86,21
VID04971,2025-04-23,Saving Money #4971,Finance,8845,392,99,4.65,81.71,1084.6,68,18
VID04972,2025-04-23,Best Places to Visit #4972,Travel,15619,554,92,8.11,59.67,569.3,141,20
VID04973,2025-04-23,Career Tips #4973,Education,8550,464,19,7.22,81.56,1276.0,61,14
VID04974,2025-04-23,Healthy Habits #4974,Lifestyle,60246,4388,767,6.65,83.2,6391.3,710,20
VID04975,2025-04-23,Budget Lifestyle #4975,Lifestyle,12845,321,40,8.91,54.98,566.9,91,6
VID04976,2025-04-23,Best Friend Problems #4976,Comedy,14089,1229,14,9.06,38.76,326.3,116,16
VID04977,2025-04-23,Interview Preparation #4977,Education,23191,2153,217,5.1,49.84,712.4,145,14
VID04978,2025-04-23,Office Comedy #4978,Comedy,22385,1206,200,6.83,53.43,1245.3,448,16
VID04979,2025-04-23,Useful Tech Tips #4979,Tech,7062,722,28,8.01,62.97,518.5,139,16
VID04980,2025-04-24,Gaming Tips #4980,Gaming,35049,1103,54,4.79,64.69,1496.0,426,21
VID04981,2025-04-24,Budget Lifestyle #4981,Lifestyle,500,37,1,8.97,37.73,41.4,8,18
VID04982,2025-04-24,Useful Tech Tips #4982,Tech,2713,100,33,5.71,64.13,172.9,50,18
VID04983,2025-04-24,Parents Be Like #4983,Comedy,5900,559,76,7.42,44.94,514.3,100,18
VID04984,2025-04-24,Travel Mistakes #4984,Travel,12056,1003,46,9.61,51.23,525.1,118,14
VID04985,2025-04-24,Career Tips #4985,Education,19099,1143,22,6.8,69.22,903.1,88,14
VID04986,2025-04-24,Funny Family Moments #4986,Comedy,18646,885,35,9.17,57.58,603.3,317,18
VID04987,2025-04-24,Morning Routine #4987,Lifestyle,2270,90,26,7.47,70.8,90.8,54,18
VID04988,2025-04-24,Personal Finance Tips #4988,Finance,920,40,2,6.15,68.08,99.7,11,12
VID04989,2025-04-24,Parents Be Like #4989,Comedy,49802,1597,664,8.03,55.45,2798.5,812,20
VID04990,2025-04-24,Budget Lifestyle #4990,Lifestyle,33059,3283,199,7.8,53.82,2186.5,474,20
VID04991,2025-04-25,Tech Hacks #4991,Tech,22313,1094,311,11.69,66.63,3487.3,115,20
VID04992,2025-04-25,Learning Strategies #4992,Education,2819,120,11,11.82,52.12,207.6,49,6
VID04993,2025-04-25,Budget Lifestyle #4993,Lifestyle,15144,425,185,9.54,66.73,695.5,250,20
VID04994,2025-04-25,Best Apps #4994,Tech,18157,1525,14,10.17,55.04,1107.5,386,12
VID04995,2025-04-25,Best Apps #4995,Tech,2364,88,26,6.85,36.7,168.2,7,18
VID04996,2025-04-25,AI Tools #4996,Tech,10367,833,90,8.97,66.04,931.1,66,19
VID04997,2025-04-25,Study Tips That Work #4997,Education,4784,521,63,5.69,82.16,459.5,39,19
VID04998,2025-04-25,Hidden Places #4998,Travel,70985,3003,636,10.6,73.1,5928.8,686,20
VID04999,2025-04-25,AI Tools #4999,Tech,3270,190,41,5.54,67.78,208.5,67,20
VID05000,2025-04-25,Cooking Tips #5000,Food,15047,855,29,9.22,65.3,877.4,46,22
VID05001,2025-04-26,Career Tips #5001,Education,21372,2201,49,7.18,61.5,1519.2,345,18
VID05002,2025-04-26,Productivity Tips #5002,Education,14035,363,106,5.34,33.7,857.2,39,22
VID05003,2025-04-26,Morning Routine #5003,Lifestyle,5894,363,7,7.9,50.78,352.5,67,14
VID05004,2025-04-26,Weekend Vlog #5004,Lifestyle,1737,158,23,7.5,62.17,63.5,6,22
VID05005,2025-04-26,Gaming Highlights #5005,Gaming,155660,6932,1634,8.93,49.31,14487.3,2009,20
VID05006,2025-04-26,Best Restaurants #5006,Food,10873,822,102,7.35,41.95,317.7,67,10
VID05007,2025-04-26,Personal Finance Tips #5007,Finance,6627,718,25,9.55,47.25,321.7,33,22
VID05008,2025-04-26,Parents Be Like #5008,Comedy,59628,3539,496,7.14,71.87,4345.9,738,21
VID05009,2025-04-26,Productivity Tips #5009,Education,4287,206,34,8.27,57.62,325.7,87,14
VID05010,2025-04-26,Interview Preparation #5010,Education,11679,750,28,8.33,70.8,1176.5,281,18
VID05011,2025-04-27,Office Comedy #5011,Comedy,11429,765,102,9.15,60.37,436.5,76,20
VID05012,2025-04-27,Learning Strategies #5012,Education,23307,906,275,6.04,64.99,1377.8,213,18
VID05013,2025-04-27,Game Challenge #5013,Gaming,3510,129,30,7.21,63.63,370.1,59,20
VID05014,2025-04-27,Laptop Buying Guide #5014,Tech,56665,3840,122,4.5,66.97,5794.9,744,20
VID05015,2025-04-27,Best Places to Visit #5015,Travel,3351,151,40,4.78,80.53,150.3,84,16
VID05016,2025-04-27,Study Tips That Work #5016,Education,8018,543,99,5.76,60.26,432.3,93,20
VID05017,2025-04-27,Food Review #5017,Food,3122,156,37,8.49,37.05,175.4,52,14
VID05018,2025-04-27,Learning Strategies #5018,Education,16488,936,118,10.71,64.53,993.8,377,21
VID05019,2025-04-27,Office Comedy #5019,Comedy,9273,834,92,8.23,69.92,408.4,176,21
VID05020,2025-04-27,Investment Basics #5020,Finance,11214,1207,98,9.71,74.0,425.6,243,20
VID05021,2025-04-27,Travel Mistakes #5021,Travel,23102,1467,250,5.33,53.67,2796.9,171,14
VID05022,2025-04-28,Parents Be Like #5022,Comedy,42700,2515,118,10.8,59.94,2872.6,887,20
VID05023,2025-04-28,Saving Money #5023,Finance,19442,904,270,9.51,45.11,1642.4,104,19
VID05024,2025-04-28,Funny Family Moments #5024,Comedy,42089,1860,199,7.52,63.72,2798.8,140,8
VID05025,2025-04-28,Weekend Vlog #5025,Lifestyle,3010,265,10,6.32,46.34,264.4,41,10
VID05026,2025-04-28,Study Tips That Work #5026,Education,18308,1968,194,6.87,69.79,698.5,437,16
VID05027,2025-04-28,Saving Money #5027,Finance,46986,3613,185,3.42,70.4,2462.7,265,12
VID05028,2025-04-28,Credit Score Tips #5028,Finance,3621,393,25,6.09,71.91,327.0,55,12
VID05029,2025-04-28,Useful Tech Tips #5029,Tech,3615,365,17,7.45,51.86,215.8,24,20
VID05030,2025-04-28,Gaming Tips #5030,Gaming,5133,206,27,8.71,54.95,357.4,103,10
VID05031,2025-04-28,Weekend Vlog #5031,Lifestyle,14194,1398,31,5.88,64.15,1000.7,59,10
VID05032,2025-04-29,Weekend Travel Vlog #5032,Travel,21521,1532,132,7.55,52.41,2252.1,409,14
VID05033,2025-04-29,Travel Guide #5033,Travel,8757,477,82,6.49,68.35,566.9,170,8
VID05034,2025-04-29,Top Games #5034,Gaming,16488,1633,66,6.23,66.54,1810.3,305,12
VID05035,2025-04-29,Funny Family Moments #5035,Comedy,7807,673,76,4.42,69.39,490.4,101,20
VID05036,2025-04-29,Daily Routine #5036,Lifestyle,29469,2031,246,5.47,61.17,2548.6,433,18
VID05037,2025-04-29,Investment Basics #5037,Finance,12584,915,148,4.24,45.2,581.8,247,23
VID05038,2025-04-29,Easy Recipes #5038,Food,12098,1265,162,10.6,77.32,659.4,80,19
VID05039,2025-04-29,Weekend Vlog #5039,Lifestyle,6838,179,38,10.63,56.62,762.0,105,20
VID05040,2025-04-29,Top Games #5040,Gaming,25902,1362,219,5.15,64.08,3039.6,235,6
VID05041,2025-04-29,Beginner Guide #5041,Gaming,24296,2559,263,8.93,34.1,1785.3,250,23
VID05042,2025-04-29,Weekend Vlog #5042,Lifestyle,7526,792,53,4.4,64.59,777.5,107,22
VID05043,2025-04-30,AI Tools #5043,Tech,37555,942,346,4.5,72.56,3162.9,747,12
VID05044,2025-04-30,Best Places to Visit #5044,Travel,29508,1607,72,9.55,51.99,1946.0,136,19
VID05045,2025-04-30,Office Comedy #5045,Comedy,34943,2170,423,9.86,69.52,2671.5,733,18
VID05046,2025-04-30,Daily Routine #5046,Lifestyle,17413,1374,44,4.14,59.18,1192.9,358,16
VID05047,2025-04-30,Personal Finance Tips #5047,Finance,8563,678,9,9.25,65.83,1026.6,194,19
VID05048,2025-04-30,Parents Be Like #5048,Comedy,1006,45,11,6.74,66.11,125.0,20,21
VID05049,2025-04-30,Parents Be Like #5049,Comedy,20681,2064,282,11.47,64.25,1343.6,76,20
VID05050,2025-04-30,Game Challenge #5050,Gaming,6399,609,77,7.98,76.3,888.0,125,20
VID05051,2025-04-30,Study Tips That Work #5051,Education,39210,1166,478,9.1,57.8,2974.3,127,16
VID05052,2025-04-30,Expectation vs Reality #5052,Comedy,14867,889,44,9.14,61.88,1879.7,321,18
VID05053,2025-05-01,Personal Finance Tips #5053,Finance,72069,6787,1001,9.58,52.28,5967.3,325,19
VID05054,2025-05-01,Gaming Highlights #5054,Gaming,15121,1065,55,5.84,59.84,525.9,199,20
VID05055,2025-05-01,Cooking Tips #5055,Food,31036,1006,344,8.96,62.72,1937.3,685,19
VID05056,2025-05-01,Interview Preparation #5056,Education,13261,1370,182,10.12,64.76,791.3,63,20
VID05057,2025-05-01,Study Tips That Work #5057,Education,4430,233,44,4.07,66.78,364.2,78,12
VID05058,2025-05-01,Exam Preparation Guide #5058,Education,53625,5551,465,3.78,48.25,1502.0,193,22
VID05059,2025-05-01,Weekend Vlog #5059,Lifestyle,3682,223,30,8.74,66.93,121.5,64,16
VID05060,2025-05-01,Laptop Buying Guide #5060,Tech,11054,1041,151,10.44,68.7,672.3,235,16
VID05061,2025-05-01,Best Settings #5061,Gaming,6640,423,64,7.11,54.64,498.1,141,6
VID05062,2025-05-01,Daily Routine #5062,Lifestyle,10360,866,66,4.96,57.75,309.9,127,18
VID05063,2025-05-02,Day In My Life #5063,Lifestyle,27745,1695,359,3.95,42.78,1271.2,470,22
VID05064,2025-05-02,Exam Preparation Guide #5064,Education,42405,4348,301,9.26,83.94,3615.3,874,14
VID05065,2025-05-02,Healthy Habits #5065,Lifestyle,1641,91,16,11.42,50.24,130.9,13,18
VID05066,2025-05-02,Top Games #5066,Gaming,13583,758,68,6.62,72.07,431.8,280,12
VID05067,2025-05-02,Hidden Places #5067,Travel,14790,1605,131,7.36,65.55,1150.4,208,21
VID05068,2025-05-02,Laptop Buying Guide #5068,Tech,5104,154,56,7.28,73.46,209.4,123,14
VID05069,2025-05-02,Office Comedy #5069,Comedy,13547,1133,128,7.06,77.81,688.9,281,20
VID05070,2025-05-02,Day In My Life #5070,Lifestyle,23823,903,47,12.28,90.0,3181.7,105,21
VID05071,2025-05-02,Relatable College Life #5071,Comedy,8103,380,35,8.91,72.87,511.9,114,20
VID05072,2025-05-02,Laptop Buying Guide #5072,Tech,20728,1165,230,9.21,69.3,984.5,426,18
VID05073,2025-05-02,Investment Basics #5073,Finance,4261,213,51,13.66,77.27,269.6,104,18
VID05074,2025-05-03,Best Restaurants #5074,Food,41984,3306,389,9.94,71.27,5969.3,533,16
VID05075,2025-05-03,Parents Be Like #5075,Comedy,4267,217,48,3.46,64.16,336.1,23,19
VID05076,2025-05-03,Healthy Habits #5076,Lifestyle,5622,293,5,5.88,49.01,167.3,92,19
VID05077,2025-05-03,Office Comedy #5077,Comedy,5144,445,10,7.04,55.92,246.0,73,21
VID05078,2025-05-03,Useful Tech Tips #5078,Tech,6818,556,26,8.81,64.11,401.7,35,21
VID05079,2025-05-03,Weekend Travel Vlog #5079,Travel,22220,1827,205,8.39,51.81,1574.3,134,20
VID05080,2025-05-03,Gaming Tips #5080,Gaming,45101,3979,370,5.91,64.69,3100.0,327,23
VID05081,2025-05-03,Relatable College Life #5081,Comedy,7317,683,15,7.9,45.71,762.0,155,21
VID05082,2025-05-03,Expectation vs Reality #5082,Comedy,24873,1821,244,3.19,47.88,877.4,257,20
VID05083,2025-05-03,Top Games #5083,Gaming,1213,46,13,2.42,53.86,100.3,13,10
VID05084,2025-05-04,Daily Routine #5084,Lifestyle,10780,513,53,6.35,60.31,315.7,42,19
VID05085,2025-05-04,Productivity Tips #5085,Education,13175,1310,36,7.17,75.41,559.9,299,16
VID05086,2025-05-04,Best Places to Visit #5086,Travel,92265,9473,1240,8.72,65.55,9573.2,2126,12
VID05087,2025-05-04,Top Games #5087,Gaming,11281,740,154,6.19,71.94,1219.1,226,19
VID05088,2025-05-04,Weekend Travel Vlog #5088,Travel,13340,1056,119,8.31,69.45,376.2,318,21
VID05089,2025-05-04,Interview Preparation #5089,Education,4190,134,55,8.75,66.77,358.4,32,14
VID05090,2025-05-04,Beginner Guide #5090,Gaming,41502,1076,326,9.63,35.21,2026.1,844,21
VID05091,2025-05-04,Travel Mistakes #5091,Travel,1438,133,9,8.12,46.81,52.5,28,16
VID05092,2025-05-04,Best Apps #5092,Tech,17552,879,74,9.35,70.31,1733.4,278,12
VID05093,2025-05-04,Game Challenge #5093,Gaming,35740,2903,273,12.07,59.86,2014.3,232,19
VID05094,2025-05-04,Gaming Highlights #5094,Gaming,2450,139,28,6.03,72.76,268.7,35,22
VID05095,2025-05-05,Best Places to Visit #5095,Travel,3328,334,41,10.71,56.49,180.4,51,16
VID05096,2025-05-05,Weekend Vlog #5096,Lifestyle,105312,2913,1183,11.59,46.47,5433.0,1827,14
VID05097,2025-05-05,Phone Features You Missed #5097,Tech,2133,158,7,5.55,84.45,210.2,44,16
VID05098,2025-05-05,Funny Family Moments #5098,Comedy,3264,280,33,9.44,66.78,121.8,14,19
VID05099,2025-05-05,Parents Be Like #5099,Comedy,30579,921,187,8.74,62.71,1619.4,322,21
VID05100,2025-05-05,Weekend Travel Vlog #5100,Travel,24189,1807,201,8.04,44.06,1257.3,190,10
VID05101,2025-05-05,Learning Strategies #5101,Education,43280,4278,386,3.53,49.37,1382.5,911,12
VID05102,2025-05-05,AI Tools #5102,Tech,8676,529,23,8.57,43.16,535.8,137,19
VID05103,2025-05-05,Food Review #5103,Food,10909,976,15,9.99,35.68,444.8,72,20
VID05104,2025-05-05,Best Places to Visit #5104,Travel,8914,917,64,1.5,42.07,866.8,109,21
VID05105,2025-05-06,Interview Preparation #5105,Education,7651,650,104,7.48,70.47,408.2,109,20
VID05106,2025-05-06,Useful Tech Tips #5106,Tech,20525,775,117,6.86,55.92,2239.7,286,12
VID05107,2025-05-06,Morning Routine #5107,Lifestyle,4210,351,42,9.75,57.84,98.1,69,20
VID05108,2025-05-06,Exam Preparation Guide #5108,Education,7073,375,90,6.92,69.52,264.1,127,12
VID05109,2025-05-06,Budget Travel Tips #5109,Travel,7337,249,60,8.02,67.55,920.0,101,18
VID05110,2025-05-06,Budget Travel Tips #5110,Travel,5367,149,23,11.12,68.35,192.2,103,14
VID05111,2025-05-06,Hidden Places #5111,Travel,2635,205,18,7.78,45.7,250.9,41,20
VID05112,2025-05-06,Day In My Life #5112,Lifestyle,2083,174,22,10.75,60.6,114.9,16,23
VID05113,2025-05-06,Budget Planning #5113,Finance,7104,553,31,8.03,68.06,510.3,86,18
VID05114,2025-05-06,Funny Family Moments #5114,Comedy,13898,1281,104,7.14,88.12,1331.5,259,19
VID05115,2025-05-07,Career Tips #5115,Education,2200,154,5,6.59,49.98,127.4,44,8
VID05116,2025-05-07,Money Mistakes #5116,Finance,7622,573,55,10.14,63.54,613.6,164,12
VID05117,2025-05-07,Parents Be Like #5117,Comedy,16773,817,231,9.62,62.21,1197.7,263,20
VID05118,2025-05-07,Personal Finance Tips #5118,Finance,33136,3183,331,8.7,66.87,2997.9,557,8
VID05119,2025-05-07,Best Friend Problems #5119,Comedy,839,87,2,5.46,64.33,69.9,8,19
VID05120,2025-05-07,Best Friend Problems #5120,Comedy,9605,956,83,9.94,64.57,581.0,35,16
VID05121,2025-05-07,Healthy Habits #5121,Lifestyle,9517,1031,105,12.93,59.62,369.8,106,12
VID05122,2025-05-07,Gaming Highlights #5122,Gaming,8696,362,97,11.03,43.4,500.3,82,18
VID05123,2025-05-07,Best Friend Problems #5123,Comedy,3858,249,50,11.32,43.49,256.7,65,23
VID05124,2025-05-07,Street Food Tour #5124,Food,4676,117,37,8.87,44.07,357.7,67,21
VID05125,2025-05-07,Phone Features You Missed #5125,Tech,15572,1162,125,5.56,42.95,638.3,306,20
VID05126,2025-05-08,Money Mistakes #5126,Finance,1541,152,5,9.97,65.29,61.5,33,21
VID05127,2025-05-08,Morning Routine #5127,Lifestyle,23020,1852,75,4.0,69.18,2270.5,186,12
VID05128,2025-05-08,Day In My Life #5128,Lifestyle,3533,133,39,7.34,55.17,323.3,12,23
VID05129,2025-05-08,Healthy Habits #5129,Lifestyle,53866,4317,362,8.16,59.65,5603.8,308,20
VID05130,2025-05-08,Budget Planning #5130,Finance,17484,1312,23,6.62,75.23,2219.1,74,14
VID05131,2025-05-08,Useful Tech Tips #5131,Tech,16941,1710,224,11.68,51.22,1340.8,168,23
VID05132,2025-05-08,Useful Tech Tips #5132,Tech,5749,455,61,9.82,67.58,556.9,22,21
VID05133,2025-05-08,Useful Tech Tips #5133,Tech,6949,466,68,7.51,61.93,780.1,57,12
VID05134,2025-05-08,Daily Routine #5134,Lifestyle,5316,233,39,6.39,65.92,312.8,59,20
VID05135,2025-05-08,Office Comedy #5135,Comedy,16676,1609,28,10.55,52.35,1444.2,287,12
VID05136,2025-05-09,Game Challenge #5136,Gaming,12229,493,25,7.73,73.71,1232.6,104,22
VID05137,2025-05-09,Office Comedy #5137,Comedy,10869,712,123,5.77,59.19,935.7,187,21
VID05138,2025-05-09,Office Comedy #5138,Comedy,6338,477,44,8.42,59.44,197.2,22,10
VID05139,2025-05-09,Game Challenge #5139,Gaming,7646,353,18,6.64,64.38,983.9,39,20
VID05140,2025-05-09,Food Review #5140,Food,23601,2535,242,8.13,72.06,2474.7,198,20
VID05141,2025-05-09,Money Mistakes #5141,Finance,3192,338,17,7.36,42.51,111.4,55,16
VID05142,2025-05-09,Career Tips #5142,Education,30200,1839,55,7.2,39.1,1217.2,593,10
VID05143,2025-05-09,Productivity Tips #5143,Education,3335,102,18,6.6,56.88,174.2,30,18
VID05144,2025-05-09,Best Restaurants #5144,Food,9455,503,40,6.45,52.21,347.8,154,10
VID05145,2025-05-09,Best Friend Problems #5145,Comedy,37770,2569,319,8.56,58.89,4805.8,444,12
VID05146,2025-05-09,Expectation vs Reality #5146,Comedy,4663,211,43,8.51,55.12,160.7,97,18
VID05147,2025-05-10,Investment Basics #5147,Finance,9539,596,56,5.23,69.23,1164.1,79,18
VID05148,2025-05-10,Funny Family Moments #5148,Comedy,9613,622,76,11.04,69.02,1254.9,37,22
VID05149,2025-05-10,Daily Routine #5149,Lifestyle,15908,1277,159,8.01,44.35,1636.9,184,10
VID05150,2025-05-10,Healthy Habits #5150,Lifestyle,17455,1602,103,8.88,53.58,596.2,326,6
VID05151,2025-05-10,Weekend Vlog #5151,Lifestyle,16255,452,140,5.09,63.41,415.9,214,18
VID05152,2025-05-10,Daily Routine #5152,Lifestyle,113992,5558,1430,11.85,73.55,17357.5,1722,10
VID05153,2025-05-10,Gaming Highlights #5153,Gaming,28519,2342,90,6.61,57.48,1296.7,476,10
VID05154,2025-05-10,Tech Hacks #5154,Tech,30915,1211,276,10.4,63.13,4064.8,707,22
VID05155,2025-05-10,Phone Features You Missed #5155,Tech,2068,204,24,5.96,46.84,176.6,26,21
VID05156,2025-05-10,Productivity Tips #5156,Education,2815,125,37,8.23,57.92,126.7,50,20
VID05157,2025-05-11,Gaming Highlights #5157,Gaming,17665,555,35,7.79,74.19,2056.3,280,20
VID05158,2025-05-11,Parents Be Like #5158,Comedy,1503,43,15,11.49,64.19,42.5,29,23
VID05159,2025-05-11,Personal Finance Tips #5159,Finance,11544,645,102,8.96,65.11,1242.8,221,23
VID05160,2025-05-11,Exam Preparation Guide #5160,Education,5773,633,47,9.83,54.28,457.8,35,21
VID05161,2025-05-11,Street Food Tour #5161,Food,1444,42,7,10.21,68.06,119.7,28,21
VID05162,2025-05-11,Study Tips That Work #5162,Education,798,40,1,5.42,60.28,18.8,12,20
VID05163,2025-05-11,Budget Planning #5163,Finance,9089,887,106,7.28,81.16,1562.7,47,10
VID05164,2025-05-11,Daily Routine #5164,Lifestyle,8860,453,60,10.27,60.49,724.8,31,20
VID05165,2025-05-11,Best Places to Visit #5165,Travel,25829,1974,78,7.5,38.61,751.9,340,16
VID05166,2025-05-11,Laptop Buying Guide #5166,Tech,5325,552,54,9.52,53.27,186.5,114,19
VID05167,2025-05-12,Best Settings #5167,Gaming,7114,211,91,5.72,48.04,163.8,44,18
VID05168,2025-05-12,Healthy Habits #5168,Lifestyle,10261,655,95,6.78,80.55,461.2,145,12
VID05169,2025-05-12,Office Comedy #5169,Comedy,13640,1230,131,5.75,51.33,496.5,78,12
VID05170,2025-05-12,Learning Strategies #5170,Education,17777,1079,88,6.49,62.41,2069.5,289,21
VID05171,2025-05-12,Useful Tech Tips #5171,Tech,45667,2454,75,6.76,73.78,3479.2,937,10
VID05172,2025-05-12,Weekend Travel Vlog #5172,Travel,15449,1645,155,10.14,58.21,684.2,249,20
VID05173,2025-05-12,Personal Finance Tips #5173,Finance,13635,960,31,9.91,53.65,508.0,290,20
VID05174,2025-05-12,Travel Mistakes #5174,Travel,4781,234,17,9.25,65.14,355.2,98,18
VID05175,2025-05-12,Office Comedy #5175,Comedy,8537,664,19,5.57,74.55,1249.7,137,22
VID05176,2025-05-12,Best Apps #5176,Tech,16281,1093,154,10.05,48.85,1065.1,135,8
VID05177,2025-05-12,Game Challenge #5177,Gaming,20655,2166,64,8.14,66.84,1976.2,317,10
VID05178,2025-05-13,Daily Routine #5178,Lifestyle,12193,865,97,7.7,79.34,458.1,59,20
VID05179,2025-05-13,Parents Be Like #5179,Comedy,3068,316,9,9.38,64.0,142.0,30,19
VID05180,2025-05-13,Weekend Vlog #5180,Lifestyle,3996,107,50,8.38,61.26,412.1,77,19
VID05181,2025-05-13,Money Mistakes #5181,Finance,29249,2427,99,9.17,64.21,702.7,106,21
VID05182,2025-05-13,Best Apps #5182,Tech,6932,392,32,8.29,80.69,999.1,126,20
VID05183,2025-05-13,Best Apps #5183,Tech,15462,1010,167,7.09,50.83,1378.0,285,19
VID05184,2025-05-13,Investment Basics #5184,Finance,10963,704,118,7.34,68.97,826.4,183,18
VID05185,2025-05-13,Food Review #5185,Food,3246,278,38,6.7,65.78,354.4,9,18
VID05186,2025-05-13,Weekend Travel Vlog #5186,Travel,7188,229,78,6.64,67.81,729.0,44,23
VID05187,2025-05-13,Office Comedy #5187,Comedy,9991,671,94,9.69,41.0,584.7,74,16
VID05188,2025-05-14,AI Tools #5188,Tech,54316,2601,594,8.73,44.03,2446.6,1131,21
VID05189,2025-05-14,Saving Money #5189,Finance,7756,280,27,5.88,68.11,384.5,103,22
VID05190,2025-05-14,Budget Lifestyle #5190,Lifestyle,10120,920,10,12.88,73.89,536.0,222,12
VID05191,2025-05-14,Expectation vs Reality #5191,Comedy,28699,2076,40,7.36,66.11,1018.3,637,18
VID05192,2025-05-14,Healthy Habits #5192,Lifestyle,4360,233,52,10.99,56.99,117.0,50,22
VID05193,2025-05-14,Career Tips #5193,Education,5738,523,26,10.12,55.3,522.5,85,19
VID05194,2025-05-14,Tech Hacks #5194,Tech,16785,1493,208,9.42,75.02,2026.3,279,19
VID05195,2025-05-14,Funny Family Moments #5195,Comedy,9390,630,23,9.07,48.71,891.6,104,18
VID05196,2025-05-14,Game Challenge #5196,Gaming,76198,2347,1044,15.02,61.07,3256.4,334,14
VID05197,2025-05-14,Best Friend Problems #5197,Comedy,4232,267,48,9.46,62.12,290.3,19,21
VID05198,2025-05-15,Day In My Life #5198,Lifestyle,13220,1154,42,5.12,59.81,791.6,134,21
VID05199,2025-05-15,Interview Preparation #5199,Education,19444,1376,246,6.56,53.43,1302.5,356,20
VID05200,2025-05-15,Credit Score Tips #5200,Finance,141087,9846,333,7.39,50.1,8483.4,809,16
VID05201,2025-05-15,Investment Basics #5201,Finance,42487,1398,524,9.5,25.0,816.3,395,23
VID05202,2025-05-15,Travel Mistakes #5202,Travel,2409,120,29,4.74,65.38,314.5,46,20
VID05203,2025-05-15,Relatable College Life #5203,Comedy,8440,765,74,9.81,69.66,288.2,106,18
VID05204,2025-05-15,Top Games #5204,Gaming,13773,423,117,6.9,77.22,991.5,95,19
VID05205,2025-05-15,Budget Travel Tips #5205,Travel,13753,1216,87,6.34,61.03,1831.1,121,12
VID05206,2025-05-15,Money Mistakes #5206,Finance,58770,5251,96,6.66,66.26,1830.5,947,8
VID05207,2025-05-15,Gaming Tips #5207,Gaming,6491,217,46,6.4,78.21,378.8,88,19
VID05208,2025-05-15,Travel Mistakes #5208,Travel,111184,9900,1134,9.59,48.03,6191.4,1563,8
VID05209,2025-05-16,Phone Features You Missed #5209,Tech,19006,1104,212,8.3,63.05,2005.2,213,12
VID05210,2025-05-16,Study Tips That Work #5210,Education,28025,762,316,4.97,36.07,2094.4,529,21
VID05211,2025-05-16,Game Challenge #5211,Gaming,5701,173,27,5.16,54.64,724.4,104,18
VID05212,2025-05-16,Exam Preparation Guide #5212,Education,44668,3211,543,11.94,64.5,1444.7,153,16
VID05213,2025-05-16,Daily Routine #5213,Lifestyle,18848,1993,158,8.47,58.96,1367.3,233,14
VID05214,2025-05-16,Day In My Life #5214,Lifestyle,11586,745,18,8.4,52.25,699.8,226,22
VID05215,2025-05-16,Travel Guide #5215,Travel,1630,143,7,6.19,65.38,155.5,20,21
VID05216,2025-05-16,Office Comedy #5216,Comedy,48445,3311,214,7.61,57.19,3002.4,385,18
VID05217,2025-05-16,Learning Strategies #5217,Education,1456,52,14,2.71,63.86,166.4,4,12
VID05218,2025-05-16,Best Settings #5218,Gaming,10845,1044,51,6.36,49.23,921.6,178,18
VID05219,2025-05-17,Weekend Travel Vlog #5219,Travel,13639,768,121,7.84,66.88,930.2,251,18
VID05220,2025-05-17,Best Apps #5220,Tech,2648,238,15,9.32,60.57,73.1,26,19
VID05221,2025-05-17,Relatable College Life #5221,Comedy,20234,752,204,8.86,70.64,1141.1,203,18
VID05222,2025-05-17,Budget Planning #5222,Finance,9086,927,19,8.83,78.45,834.4,86,10
VID05223,2025-05-17,Best Places to Visit #5223,Travel,217116,7456,2443,10.25,79.28,14339.1,1573,19
VID05224,2025-05-17,Relatable College Life #5224,Comedy,2137,72,28,8.36,65.41,207.4,28,12
VID05225,2025-05-17,Daily Routine #5225,Lifestyle,50283,2139,463,9.57,60.36,2488.5,723,22
VID05226,2025-05-17,Best Settings #5226,Gaming,2525,69,26,13.03,64.97,227.7,29,10
VID05227,2025-05-17,Relatable College Life #5227,Comedy,3841,202,20,7.68,78.12,112.1,49,14
VID05228,2025-05-17,Exam Preparation Guide #5228,Education,9781,528,72,4.15,65.88,986.0,177,18
VID05229,2025-05-17,Laptop Buying Guide #5229,Tech,3834,249,40,6.83,62.18,500.6,75,20
VID05230,2025-05-18,AI Tools #5230,Tech,14317,738,200,8.67,62.75,1064.1,177,10
VID05231,2025-05-18,Interview Preparation #5231,Education,12159,485,87,9.25,60.41,1562.6,186,20
VID05232,2025-05-18,Gaming Highlights #5232,Gaming,6548,414,9,12.01,62.34,425.7,120,21
VID05233,2025-05-18,Best Settings #5233,Gaming,33817,986,301,6.06,56.15,3166.4,88,20
VID05234,2025-05-18,Expectation vs Reality #5234,Comedy,24770,2526,44,4.95,85.82,3678.7,131,19
VID05235,2025-05-18,Street Food Tour #5235,Food,9906,345,23,6.42,67.83,280.9,36,12
VID05236,2025-05-18,Relatable College Life #5236,Comedy,19673,890,206,6.57,49.3,503.7,199,22
VID05237,2025-05-18,Credit Score Tips #5237,Finance,2474,111,12,9.56,54.68,68.8,40,20
VID05238,2025-05-18,Funny Family Moments #5238,Comedy,11723,374,143,10.34,46.69,683.0,171,19
VID05239,2025-05-18,Funny Family Moments #5239,Comedy,3840,254,20,10.75,59.78,215.1,66,21
VID05240,2025-05-19,Credit Score Tips #5240,Finance,11075,362,94,7.02,60.14,1007.6,235,22
VID05241,2025-05-19,Learning Strategies #5241,Education,14465,447,125,4.71,49.7,1051.5,228,8
VID05242,2025-05-19,Useful Tech Tips #5242,Tech,12074,712,137,5.07,73.33,747.4,48,18
VID05243,2025-05-19,Credit Score Tips #5243,Finance,2882,185,6,8.56,59.44,218.9,62,20
VID05244,2025-05-19,Exam Preparation Guide #5244,Education,4736,166,16,7.39,55.87,235.2,62,18
VID05245,2025-05-19,Exam Preparation Guide #5245,Education,24876,1193,112,7.33,57.46,2944.8,475,23
VID05246,2025-05-19,Personal Finance Tips #5246,Finance,15946,668,155,10.81,58.86,1347.0,331,20
VID05247,2025-05-19,Cooking Tips #5247,Food,6905,385,89,8.46,57.96,583.5,122,21
VID05248,2025-05-19,Laptop Buying Guide #5248,Tech,2169,110,28,7.54,59.62,53.5,46,16
VID05249,2025-05-19,Expectation vs Reality #5249,Comedy,45492,1367,623,8.22,74.68,5585.7,335,10
VID05250,2025-05-20,Laptop Buying Guide #5250,Tech,53894,5865,237,10.01,72.13,5888.6,202,18
VID05251,2025-05-20,Budget Meals #5251,Food,15800,519,126,5.0,48.05,1233.2,340,8
VID05252,2025-05-20,Investment Basics #5252,Finance,20894,671,105,6.03,51.41,2003.3,440,19
VID05253,2025-05-20,Expectation vs Reality #5253,Comedy,2903,86,20,13.26,70.73,107.1,40,19
VID05254,2025-05-20,Useful Tech Tips #5254,Tech,1773,193,15,10.01,71.28,189.5,40,21
VID05255,2025-05-20,Expectation vs Reality #5255,Comedy,57438,5420,582,9.71,55.45,2343.9,1250,14
VID05256,2025-05-20,Office Comedy #5256,Comedy,22790,2002,301,7.8,90.0,3202.2,231,12
VID05257,2025-05-20,Saving Money #5257,Finance,2000,142,22,8.09,54.95,79.5,31,21
VID05258,2025-05-20,Hidden Places #5258,Travel,14726,1399,98,8.07,65.9,1418.9,315,18
VID05259,2025-05-20,Credit Score Tips #5259,Finance,2363,237,5,5.57,64.59,182.5,28,12
VID05260,2025-05-20,Best Apps #5260,Tech,4768,362,18,8.25,50.37,206.7,90,20
VID05261,2025-05-21,Phone Features You Missed #5261,Tech,30399,2352,191,12.39,61.56,1017.1,704,21
VID05262,2025-05-21,Useful Tech Tips #5262,Tech,8870,331,68,5.63,65.65,1038.9,39,14
VID05263,2025-05-21,Useful Tech Tips #5263,Tech,7288,566,67,6.63,63.93,515.0,126,22
VID05264,2025-05-21,Top Games #5264,Gaming,49747,1790,210,6.71,55.02,5211.5,1100,22
VID05265,2025-05-21,Investment Basics #5265,Finance,6335,420,8,6.08,59.21,147.9,103,16
VID05266,2025-05-21,Office Comedy #5266,Comedy,77305,8171,1011,10.09,39.32,2334.9,1340,22
VID05267,2025-05-21,Phone Features You Missed #5267,Tech,10545,285,86,7.91,42.71,468.3,148,14
VID05268,2025-05-21,Funny Family Moments #5268,Comedy,12051,918,24,11.73,52.39,425.6,156,16
VID05269,2025-05-21,Relatable College Life #5269,Comedy,4289,404,53,8.91,77.95,255.8,73,23
VID05270,2025-05-21,Interview Preparation #5270,Education,5152,417,25,4.46,60.02,475.6,118,8
VID05271,2025-05-22,Budget Travel Tips #5271,Travel,16750,1437,205,4.55,62.0,661.5,158,10
VID05272,2025-05-22,Useful Tech Tips #5272,Tech,16826,1421,137,9.47,61.99,993.6,102,18
VID05273,2025-05-22,Funny Family Moments #5273,Comedy,13904,1142,139,6.98,53.84,526.6,244,18
VID05274,2025-05-22,Study Tips That Work #5274,Education,158388,6118,1585,7.2,62.9,12803.8,2969,20
VID05275,2025-05-22,Funny Family Moments #5275,Comedy,6641,497,66,6.04,75.87,328.4,141,18
VID05276,2025-05-22,Hidden Places #5276,Travel,9044,527,38,7.14,51.7,802.9,43,10
VID05277,2025-05-22,Study Tips That Work #5277,Education,6528,667,30,9.49,47.08,363.0,46,20
VID05278,2025-05-22,Laptop Buying Guide #5278,Tech,25357,2201,207,7.71,71.62,2505.4,418,22
VID05279,2025-05-22,Exam Preparation Guide #5279,Education,15348,833,206,5.17,80.2,2086.3,63,14
VID05280,2025-05-22,Investment Basics #5280,Finance,4625,291,56,6.86,58.67,338.9,101,22
VID05281,2025-05-22,Funny Family Moments #5281,Comedy,8429,743,78,10.41,39.47,452.3,22,19
VID05282,2025-05-23,Easy Recipes #5282,Food,12051,806,46,7.9,48.15,784.6,128,21
VID05283,2025-05-23,Expectation vs Reality #5283,Comedy,3880,158,44,6.58,65.44,238.9,23,22
VID05284,2025-05-23,Game Challenge #5284,Gaming,26935,1575,197,8.77,63.12,2579.1,185,22
VID05285,2025-05-23,Funny Family Moments #5285,Comedy,145082,11899,1867,5.55,47.77,8762.6,2040,10
VID05286,2025-05-23,AI Tools #5286,Tech,38684,3981,501,3.24,67.35,4162.4,135,20
VID05287,2025-05-23,Best Friend Problems #5287,Comedy,5150,370,9,8.57,70.25,217.0,47,18
VID05288,2025-05-23,Budget Lifestyle #5288,Lifestyle,10767,1059,108,2.17,60.12,494.9,160,19
VID05289,2025-05-23,Personal Finance Tips #5289,Finance,10477,661,23,7.15,67.38,1119.5,31,14
VID05290,2025-05-23,Expectation vs Reality #5290,Comedy,1755,46,6,6.16,79.05,112.1,30,23
VID05291,2025-05-23,Best Apps #5291,Tech,3235,106,31,7.08,63.35,239.7,73,20
VID05292,2025-05-24,Best Settings #5292,Gaming,26625,1806,57,10.22,61.03,1482.7,87,22
VID05293,2025-05-24,Top Games #5293,Gaming,9237,1000,110,5.6,62.39,368.8,152,23
VID05294,2025-05-24,Beginner Guide #5294,Gaming,19849,886,129,9.15,55.45,1356.9,166,21
VID05295,2025-05-24,Learning Strategies #5295,Education,15909,1389,195,9.04,42.6,784.3,283,22
VID05296,2025-05-24,Money Mistakes #5296,Finance,9501,285,9,7.19,62.89,676.5,58,20
VID05297,2025-05-24,Parents Be Like #5297,Comedy,3009,256,25,9.46,61.06,218.4,9,23
VID05298,2025-05-24,Food Review #5298,Food,14039,986,90,5.9,25.0,162.4,198,18
VID05299,2025-05-24,Relatable College Life #5299,Comedy,21283,2048,117,7.86,79.12,2266.4,125,18
VID05300,2025-05-24,Travel Guide #5300,Travel,1013,72,6,7.56,47.65,22.7,16,19
VID05301,2025-05-24,Tech Hacks #5301,Tech,63372,6683,767,8.05,58.01,3146.7,545,20
VID05302,2025-05-25,Food Review #5302,Food,16159,1150,101,8.35,70.76,805.4,156,20
VID05303,2025-05-25,Funny Family Moments #5303,Comedy,35976,1923,152,9.4,52.56,2938.5,532,18
VID05304,2025-05-25,Budget Meals #5304,Food,16028,968,208,7.87,85.49,1075.1,395,12
VID05305,2025-05-25,Hidden Places #5305,Travel,1049,33,14,7.77,55.57,131.0,14,19
VID05306,2025-05-25,Cooking Tips #5306,Food,24949,795,185,3.99,60.36,3167.6,168,10
VID05307,2025-05-25,AI Tools #5307,Tech,7736,469,15,6.54,71.8,409.0,52,19
VID05308,2025-05-25,Best Places to Visit #5308,Travel,15192,404,160,5.77,55.45,768.1,72,18
VID05309,2025-05-25,Best Apps #5309,Tech,25215,1158,313,8.9,56.89,1766.3,371,22
VID05310,2025-05-25,Best Settings #5310,Gaming,20533,1862,247,5.74,73.0,3340.2,213,21
VID05311,2025-05-25,Game Challenge #5311,Gaming,2546,156,24,7.91,86.46,130.8,52,21
VID05312,2025-05-25,Best Restaurants #5312,Food,9014,958,88,6.35,61.25,514.2,163,18
VID05313,2025-05-26,Daily Routine #5313,Lifestyle,6334,678,59,11.57,69.91,403.2,58,20
VID05314,2025-05-26,Healthy Habits #5314,Lifestyle,2283,141,9,9.63,51.48,157.4,32,21
VID05315,2025-05-26,Budget Meals #5315,Food,45783,1299,168,6.48,62.71,3199.7,124,21
VID05316,2025-05-26,Best Restaurants #5316,Food,7765,521,40,8.76,60.45,256.8,166,14
VID05317,2025-05-26,Beginner Guide #5317,Gaming,6246,649,49,5.11,80.35,693.8,104,12
VID05318,2025-05-26,Best Friend Problems #5318,Comedy,17737,915,74,8.78,63.33,2033.8,341,6
VID05319,2025-05-26,Tech Hacks #5319,Tech,1616,167,13,8.49,51.22,78.4,16,8
VID05320,2025-05-26,Gaming Tips #5320,Gaming,5213,408,59,5.48,55.68,213.1,63,20
VID05321,2025-05-26,AI Tools #5321,Tech,52221,2657,90,6.25,53.76,4247.6,224,21
VID05322,2025-05-26,Healthy Habits #5322,Lifestyle,61222,4407,222,5.05,73.46,6017.2,638,10
VID05323,2025-05-27,Travel Guide #5323,Travel,38771,4030,437,5.92,66.79,1088.1,502,19
VID05324,2025-05-27,Travel Guide #5324,Travel,12653,1339,31,8.82,67.71,1268.2,163,20
VID05325,2025-05-27,Productivity Tips #5325,Education,2839,187,5,7.19,61.43,129.9,48,22
VID05326,2025-05-27,Expectation vs Reality #5326,Comedy,5099,251,15,5.98,86.88,741.6,105,22
VID05327,2025-05-27,Budget Meals #5327,Food,10276,711,119,7.65,55.39,725.8,70,16
VID05328,2025-05-27,Gaming Tips #5328,Gaming,9269,782,29,8.69,56.02,272.7,149,18
VID05329,2025-05-27,Budget Planning #5329,Finance,5055,291,60,10.55,46.01,179.5,35,10
VID05330,2025-05-27,Laptop Buying Guide #5330,Tech,828,45,4,5.19,49.05,17.5,2,23
VID05331,2025-05-27,Useful Tech Tips #5331,Tech,4371,346,60,6.05,55.59,117.2,72,21
VID05332,2025-05-27,Beginner Guide #5332,Gaming,38858,3323,368,11.17,50.3,2873.7,221,10
VID05333,2025-05-27,Best Places to Visit #5333,Travel,20622,814,284,14.41,61.16,1522.2,199,21
VID05334,2025-05-28,Budget Lifestyle #5334,Lifestyle,18132,470,244,6.3,70.9,1827.3,359,22
VID05335,2025-05-28,Exam Preparation Guide #5335,Education,30144,1630,189,4.48,68.32,3162.0,375,21
VID05336,2025-05-28,Budget Lifestyle #5336,Lifestyle,7599,416,33,3.68,73.48,562.6,88,12
VID05337,2025-05-28,Beginner Guide #5337,Gaming,15985,1312,152,5.85,50.83,417.9,320,14
VID05338,2025-05-28,Money Mistakes #5338,Finance,4547,381,30,4.67,57.2,475.4,80,22
VID05339,2025-05-28,Useful Tech Tips #5339,Tech,22823,1156,300,9.23,73.44,2759.2,269,8
VID05340,2025-05-28,Morning Routine #5340,Lifestyle,7779,846,69,6.46,60.33,429.1,78,21
VID05341,2025-05-28,Laptop Buying Guide #5341,Tech,6894,335,56,9.34,53.12,385.7,61,20
VID05342,2025-05-28,Laptop Buying Guide #5342,Tech,27294,1955,163,6.02,69.86,2503.2,159,19
VID05343,2025-05-28,Personal Finance Tips #5343,Finance,43327,4065,379,6.53,68.24,3098.1,685,20
VID05344,2025-05-29,Hidden Places #5344,Travel,21022,667,112,6.0,58.48,1863.1,253,19
VID05345,2025-05-29,Budget Lifestyle #5345,Lifestyle,30459,1129,35,6.08,57.87,2377.1,210,20
VID05346,2025-05-29,Travel Mistakes #5346,Travel,12626,805,145,7.8,65.57,550.7,36,19
VID05347,2025-05-29,Relatable College Life #5347,Comedy,4977,165,45,11.07,47.92,335.6,13,20
VID05348,2025-05-29,Expectation vs Reality #5348,Comedy,13980,616,29,7.77,40.21,232.5,33,22
VID05349,2025-05-29,Day In My Life #5349,Lifestyle,26663,1055,23,5.25,81.46,2082.6,595,16
VID05350,2025-05-29,Exam Preparation Guide #5350,Education,1943,171,2,7.15,37.27,40.9,11,12
VID05351,2025-05-29,Learning Strategies #5351,Education,8283,441,24,5.85,44.04,522.4,110,19
VID05352,2025-05-29,Easy Recipes #5352,Food,1294,78,1,9.88,65.75,73.9,24,20
VID05353,2025-05-29,Best Restaurants #5353,Food,15142,1665,151,7.43,54.5,1981.2,64,19
VID05354,2025-05-30,Office Comedy #5354,Comedy,1739,180,6,9.74,43.86,115.9,30,18
VID05355,2025-05-30,Gaming Highlights #5355,Gaming,14345,1235,107,8.91,56.42,974.6,155,8
VID05356,2025-05-30,Parents Be Like #5356,Comedy,11902,773,21,7.76,61.63,1456.0,62,20
VID05357,2025-05-30,Credit Score Tips #5357,Finance,21185,1643,193,3.86,65.82,2599.2,102,21
VID05358,2025-05-30,Career Tips #5358,Education,2992,114,14,7.0,45.5,124.6,19,16
VID05359,2025-05-30,Expectation vs Reality #5359,Comedy,6564,549,43,9.45,66.8,641.0,151,19
VID05360,2025-05-30,Travel Mistakes #5360,Travel,16898,1650,45,9.38,53.35,992.5,316,10
VID05361,2025-05-30,Interview Preparation #5361,Education,5729,205,17,9.28,52.42,351.5,124,16
VID05362,2025-05-30,Office Comedy #5362,Comedy,10713,610,49,4.72,76.93,472.5,90,22
VID05363,2025-05-30,Office Comedy #5363,Comedy,46614,1773,132,10.53,62.82,5269.6,641,20
VID05364,2025-05-30,Day In My Life #5364,Lifestyle,4760,275,45,6.49,63.87,359.0,98,18
VID05365,2025-05-31,Best Friend Problems #5365,Comedy,8789,490,85,6.49,41.84,457.4,85,19
VID05366,2025-05-31,Study Tips That Work #5366,Education,5353,481,25,9.48,76.71,461.3,132,22
VID05367,2025-05-31,Best Settings #5367,Gaming,64646,4148,292,2.5,67.58,6368.2,1228,22
VID05368,2025-05-31,Investment Basics #5368,Finance,35836,1636,291,7.05,62.88,1855.2,681,19
VID05369,2025-05-31,Relatable College Life #5369,Comedy,6817,347,76,5.48,70.87,1049.3,81,21
VID05370,2025-05-31,Learning Strategies #5370,Education,34251,3368,349,7.73,44.56,1638.6,350,22
VID05371,2025-05-31,Useful Tech Tips #5371,Tech,1005,97,5,6.41,61.98,106.3,14,14
VID05372,2025-05-31,Gaming Tips #5372,Gaming,12039,1299,20,8.02,65.26,1077.8,280,21
VID05373,2025-05-31,Phone Features You Missed #5373,Tech,27595,1869,148,8.79,67.83,2861.6,613,20
VID05374,2025-05-31,Saving Money #5374,Finance,6867,180,17,7.1,50.75,294.5,67,10
VID05375,2025-06-01,Best Settings #5375,Gaming,34486,3219,133,12.06,54.51,1301.2,190,19
VID05376,2025-06-01,Budget Planning #5376,Finance,1480,86,17,4.05,50.08,127.4,17,20
VID05377,2025-06-01,Beginner Guide #5377,Gaming,26954,1715,200,9.19,54.56,3445.5,298,12
VID05378,2025-06-01,Daily Routine #5378,Lifestyle,39072,3661,408,5.76,70.35,1804.0,308,10
VID05379,2025-06-01,Learning Strategies #5379,Education,31980,3307,130,11.6,34.3,598.6,306,6
VID05380,2025-06-01,Expectation vs Reality #5380,Comedy,29489,2707,218,9.26,61.37,2968.7,346,22
VID05381,2025-06-01,Weekend Vlog #5381,Lifestyle,15764,652,117,5.96,67.64,2130.5,77,8
VID05382,2025-06-01,Interview Preparation #5382,Education,18397,1861,93,6.46,52.08,1266.5,322,8
VID05383,2025-06-01,Funny Family Moments #5383,Comedy,4783,488,61,6.43,63.61,333.9,26,20
VID05384,2025-06-01,Office Comedy #5384,Comedy,21454,1913,90,5.31,51.96,1467.8,196,16
VID05385,2025-06-01,Morning Routine #5385,Lifestyle,7038,458,37,8.86,69.92,678.9,63,21
VID05386,2025-06-02,Hidden Places #5386,Travel,6750,680,92,9.9,55.4,150.2,135,20
VID05387,2025-06-02,Weekend Vlog #5387,Lifestyle,4611,224,18,6.3,66.49,334.8,95,12
VID05388,2025-06-02,Best Places to Visit #5388,Travel,18442,1338,15,9.8,41.92,1485.2,121,20
VID05389,2025-06-02,Budget Meals #5389,Food,4954,518,39,6.71,48.7,114.4,89,21
VID05390,2025-06-02,Best Places to Visit #5390,Travel,9021,699,14,9.3,54.42,618.4,32,8
VID05391,2025-06-02,Study Tips That Work #5391,Education,4046,309,45,9.68,36.07,195.2,29,20
VID05392,2025-06-02,Learning Strategies #5392,Education,10984,855,111,8.28,57.92,867.3,116,10
VID05393,2025-06-02,Learning Strategies #5393,Education,11364,784,28,9.9,53.18,537.4,181,21
VID05394,2025-06-02,Travel Guide #5394,Travel,5369,204,15,8.0,87.48,830.5,49,21
VID05395,2025-06-02,Daily Routine #5395,Lifestyle,24897,1847,175,7.84,51.65,1915.8,443,20
VID05396,2025-06-03,Food Review #5396,Food,19929,685,118,9.03,81.21,1594.8,176,8
VID05397,2025-06-03,Travel Mistakes #5397,Travel,18638,1540,191,5.38,69.25,2243.0,420,20
VID05398,2025-06-03,AI Tools #5398,Tech,10795,739,99,7.71,71.91,380.3,101,20
VID05399,2025-06-03,Budget Travel Tips #5399,Travel,7573,652,38,8.38,54.12,779.8,73,14
VID05400,2025-06-03,Career Tips #5400,Education,13809,761,154,7.86,59.36,480.5,61,16
VID05401,2025-06-03,Budget Planning #5401,Finance,3910,268,20,3.48,67.63,355.6,93,18
VID05402,2025-06-03,Phone Features You Missed #5402,Tech,24902,1276,241,9.94,57.91,2075.1,460,23
VID05403,2025-06-03,Budget Meals #5403,Food,17644,1671,220,9.56,71.27,631.8,377,8
VID05404,2025-06-03,Interview Preparation #5404,Education,2677,281,33,2.99,71.51,398.1,26,18
VID05405,2025-06-03,Gaming Tips #5405,Gaming,50054,1312,606,8.54,56.07,4131.9,925,20
VID05406,2025-06-04,Relatable College Life #5406,Comedy,29205,1248,152,8.46,66.31,2432.3,494,16
VID05407,2025-06-04,Relatable College Life #5407,Comedy,6810,308,69,6.15,51.09,397.7,114,18
VID05408,2025-06-04,Weekend Travel Vlog #5408,Travel,11807,489,62,7.58,60.21,811.2,145,16
VID05409,2025-06-04,Saving Money #5409,Finance,26272,1919,363,9.57,57.29,2624.1,131,22
VID05410,2025-06-04,Exam Preparation Guide #5410,Education,9798,885,84,7.88,75.78,1597.0,217,18
VID05411,2025-06-04,Travel Mistakes #5411,Travel,100904,6782,1287,7.1,51.96,7106.0,1684,21
VID05412,2025-06-04,Saving Money #5412,Finance,3434,231,43,10.59,52.19,247.6,15,14
VID05413,2025-06-04,Best Settings #5413,Gaming,5422,594,57,7.73,68.71,636.4,118,19
VID05414,2025-06-04,Best Settings #5414,Gaming,23735,1149,120,9.06,53.26,1185.7,156,19
VID05415,2025-06-04,Travel Mistakes #5415,Travel,10850,335,90,5.06,54.31,1133.0,155,16
VID05416,2025-06-04,Interview Preparation #5416,Education,5146,263,42,6.36,52.61,347.1,52,6
VID05417,2025-06-05,Best Friend Problems #5417,Comedy,33483,1929,66,10.03,58.56,3467.9,145,22
VID05418,2025-06-05,Best Apps #5418,Tech,19235,686,96,11.18,64.64,1670.5,438,18
VID05419,2025-06-05,Tech Hacks #5419,Tech,3147,241,24,3.75,54.14,139.1,8,16
VID05420,2025-06-05,Laptop Buying Guide #5420,Tech,22097,2105,158,7.67,76.4,1776.5,299,8
VID05421,2025-06-05,Beginner Guide #5421,Gaming,15980,591,80,7.9,60.23,614.9,285,20
VID05422,2025-06-05,Weekend Vlog #5422,Lifestyle,2239,173,11,9.39,58.8,257.9,31,8
VID05423,2025-06-05,Money Mistakes #5423,Finance,8744,715,89,9.72,54.28,368.6,121,23
VID05424,2025-06-05,Funny Family Moments #5424,Comedy,2971,220,5,7.97,65.77,301.3,10,16
VID05425,2025-06-05,Gaming Tips #5425,Gaming,13869,548,78,8.46,62.11,417.3,256,14
VID05426,2025-06-05,Parents Be Like #5426,Comedy,32414,1632,128,6.74,86.17,2252.4,549,18
VID05427,2025-06-06,Game Challenge #5427,Gaming,34195,2475,443,7.22,53.73,3939.9,749,18
VID05428,2025-06-06,Useful Tech Tips #5428,Tech,8691,386,115,10.24,61.77,886.4,178,21
VID05429,2025-06-06,Career Tips #5429,Education,27646,2332,323,7.51,55.36,2052.4,528,23
VID05430,2025-06-06,Best Friend Problems #5430,Comedy,19029,504,100,7.18,41.74,1685.0,260,14
VID05431,2025-06-06,Best Places to Visit #5431,Travel,4723,438,46,7.32,66.93,223.5,47,14
VID05432,2025-06-06,Day In My Life #5432,Lifestyle,11301,1131,51,8.14,54.46,622.2,95,18
VID05433,2025-06-06,Office Comedy #5433,Comedy,18290,1255,104,6.74,66.19,2558.9,389,6
VID05434,2025-06-06,Funny Family Moments #5434,Comedy,3864,121,32,3.52,70.87,614.5,48,20
VID05435,2025-06-06,Funny Family Moments #5435,Comedy,24148,1502,24,6.72,56.23,1967.0,511,16
VID05436,2025-06-06,Morning Routine #5436,Lifestyle,8221,805,8,5.18,62.99,954.6,167,18
VID05437,2025-06-06,Weekend Vlog #5437,Lifestyle,63333,2504,809,6.9,53.2,5856.5,1269,20
VID05438,2025-06-07,Relatable College Life #5438,Comedy,5645,422,57,10.96,60.9,237.5,16,19
VID05439,2025-06-07,Food Review #5439,Food,9209,565,101,8.76,64.81,935.1,134,10
VID05440,2025-06-07,Food Review #5440,Food,1971,114,14,4.86,69.65,233.0,24,20
VID05441,2025-06-07,Daily Routine #5441,Lifestyle,5499,473,59,7.38,61.94,157.6,59,14
VID05442,2025-06-07,Parents Be Like #5442,Comedy,28387,2309,37,4.41,49.66,569.8,172,18
VID05443,2025-06-07,Interview Preparation #5443,Education,9751,571,106,9.4,39.97,319.4,78,21
VID05444,2025-06-07,Office Comedy #5444,Comedy,3537,184,37,10.05,50.86,174.0,41,19
VID05445,2025-06-07,Saving Money #5445,Finance,17926,1340,216,6.51,64.51,1605.3,101,14
VID05446,2025-06-07,Office Comedy #5446,Comedy,27201,768,83,4.85,74.83,3734.0,169,12
VID05447,2025-06-07,Parents Be Like #5447,Comedy,2002,100,24,7.19,64.17,247.9,38,22
VID05448,2025-06-08,Credit Score Tips #5448,Finance,18457,1999,74,6.29,83.13,2388.8,70,12
VID05449,2025-06-08,Best Friend Problems #5449,Comedy,10240,1080,65,10.46,64.89,632.1,70,18
VID05450,2025-06-08,Best Settings #5450,Gaming,3459,356,5,4.71,73.86,261.0,38,12
VID05451,2025-06-08,Cooking Tips #5451,Food,4443,146,18,11.03,46.23,370.0,38,12
VID05452,2025-06-08,Study Tips That Work #5452,Education,9891,322,11,7.97,59.44,737.1,209,20
VID05453,2025-06-08,Useful Tech Tips #5453,Tech,8330,536,89,6.08,50.81,439.0,85,19
VID05454,2025-06-08,Budget Lifestyle #5454,Lifestyle,21731,1863,90,10.09,59.15,2303.2,351,22
VID05455,2025-06-08,Beginner Guide #5455,Gaming,2231,154,15,11.73,52.06,241.7,10,19
VID05456,2025-06-08,Learning Strategies #5456,Education,4214,146,40,7.45,46.96,318.6,58,20
VID05457,2025-06-08,Exam Preparation Guide #5457,Education,8293,892,13,6.33,56.02,276.9,65,23
VID05458,2025-06-09,Weekend Travel Vlog #5458,Travel,2008,54,15,7.49,55.31,187.1,13,20
VID05459,2025-06-09,Morning Routine #5459,Lifestyle,7982,274,20,6.93,34.28,525.1,42,19
VID05460,2025-06-09,Office Comedy #5460,Comedy,15485,1674,86,5.29,41.84,1081.2,66,20
VID05461,2025-06-09,Beginner Guide #5461,Gaming,18843,1571,258,6.68,56.33,500.4,61,22
VID05462,2025-06-09,Office Comedy #5462,Comedy,23221,2387,86,7.31,72.54,2950.2,137,10
VID05463,2025-06-09,Saving Money #5463,Finance,6602,439,52,6.68,59.78,691.7,71,18
VID05464,2025-06-09,Relatable College Life #5464,Comedy,46957,2408,540,9.35,58.55,3435.3,483,20
VID05465,2025-06-09,Day In My Life #5465,Lifestyle,65278,2458,235,8.78,56.63,3901.9,669,20
VID05466,2025-06-09,Weekend Travel Vlog #5466,Travel,5986,491,7,5.58,42.64,222.5,62,20
VID05467,2025-06-09,Cooking Tips #5467,Food,992,98,3,9.45,71.91,143.7,12,20
VID05468,2025-06-09,Personal Finance Tips #5468,Finance,16211,1219,88,8.24,67.75,551.4,153,22
VID05469,2025-06-10,Parents Be Like #5469,Comedy,9256,736,22,7.96,45.88,870.6,105,21
VID05470,2025-06-10,Budget Travel Tips #5470,Travel,4341,385,32,4.59,68.8,531.5,20,18
VID05471,2025-06-10,Top Games #5471,Gaming,17540,1601,20,5.74,66.33,2390.1,222,23
VID05472,2025-06-10,Useful Tech Tips #5472,Tech,8861,868,22,8.9,72.01,333.6,40,12
VID05473,2025-06-10,Budget Travel Tips #5473,Travel,17222,829,52,4.6,42.6,1011.3,293,21
VID05474,2025-06-10,Expectation vs Reality #5474,Comedy,8000,765,12,9.94,70.04,811.7,27,12
VID05475,2025-06-10,Best Apps #5475,Tech,74521,2020,758,6.61,65.54,3709.8,1213,20
VID05476,2025-06-10,Phone Features You Missed #5476,Tech,23372,1058,112,7.44,81.97,1612.4,551,20
VID05477,2025-06-10,Day In My Life #5477,Lifestyle,18126,1597,168,9.83,70.05,940.4,288,19
VID05478,2025-06-10,Phone Features You Missed #5478,Tech,12967,858,81,10.16,54.66,1101.6,224,23
VID05479,2025-06-11,Study Tips That Work #5479,Education,4755,514,38,4.55,68.7,735.6,80,12
VID05480,2025-06-11,Saving Money #5480,Finance,20556,930,80,8.74,62.21,2011.7,137,19
VID05481,2025-06-11,Learning Strategies #5481,Education,2407,103,16,7.16,62.66,82.6,7,19
VID05482,2025-06-11,AI Tools #5482,Tech,20360,1888,164,8.12,70.33,1878.9,184,21
VID05483,2025-06-11,Personal Finance Tips #5483,Finance,98551,7172,404,7.2,62.45,5779.7,1125,18
VID05484,2025-06-11,Learning Strategies #5484,Education,12458,944,98,9.22,55.78,908.6,61,10
VID05485,2025-06-11,Budget Meals #5485,Food,12773,724,158,5.19,81.23,561.0,133,22
VID05486,2025-06-11,Exam Preparation Guide #5486,Education,3032,266,3,8.47,75.29,337.3,40,21
VID05487,2025-06-11,Weekend Travel Vlog #5487,Travel,22498,912,246,6.85,46.02,965.5,279,16
VID05488,2025-06-11,Healthy Habits #5488,Lifestyle,52518,1820,87,5.63,70.03,1630.8,596,21
VID05489,2025-06-11,Parents Be Like #5489,Comedy,26161,1112,159,3.21,69.22,1709.0,213,19
VID05490,2025-06-12,Budget Meals #5490,Food,16420,468,105,4.24,57.74,2102.9,330,22
VID05491,2025-06-12,Gaming Highlights #5491,Gaming,4347,413,40,10.15,71.11,389.7,102,21
VID05492,2025-06-12,AI Tools #5492,Tech,6755,600,81,9.53,63.06,305.1,21,22
VID05493,2025-06-12,Easy Recipes #5493,Food,16013,1189,107,3.8,69.93,1647.3,239,16
VID05494,2025-06-12,Relatable College Life #5494,Comedy,46764,4701,204,5.29,75.34,5465.6,613,20
VID05495,2025-06-12,Daily Routine #5495,Lifestyle,18242,999,174,6.31,60.76,581.1,264,21
VID05496,2025-06-12,Best Friend Problems #5496,Comedy,47828,1236,602,7.85,55.84,1268.0,769,20
VID05497,2025-06-12,Top Games #5497,Gaming,7955,317,69,7.22,55.95,585.6,126,16
VID05498,2025-06-12,Easy Recipes #5498,Food,6752,389,26,9.5,74.8,746.8,74,19
VID05499,2025-06-12,Expectation vs Reality #5499,Comedy,5172,380,54,5.49,59.41,171.3,112,21
VID05500,2025-06-13,Money Mistakes #5500,Finance,21553,560,160,11.42,63.47,920.6,178,8
VID05501,2025-06-13,Laptop Buying Guide #5501,Tech,12323,375,32,8.58,61.7,606.3,102,20
VID05502,2025-06-13,Money Mistakes #5502,Finance,10395,694,62,6.17,50.53,413.4,176,19
VID05503,2025-06-13,Study Tips That Work #5503,Education,1071,67,2,3.87,84.56,80.6,12,14
VID05504,2025-06-13,Healthy Habits #5504,Lifestyle,4444,249,45,11.02,53.53,250.9,73,19
VID05505,2025-06-13,Day In My Life #5505,Lifestyle,19059,1189,96,6.34,58.36,549.8,143,18
VID05506,2025-06-13,Beginner Guide #5506,Gaming,22897,1031,243,8.8,63.83,1583.8,359,22
VID05507,2025-06-13,Best Friend Problems #5507,Comedy,7502,262,51,6.02,69.74,249.1,122,10
VID05508,2025-06-13,Phone Features You Missed #5508,Tech,3624,245,21,7.98,55.41,272.4,40,16
VID05509,2025-06-13,Money Mistakes #5509,Finance,47024,2531,339,1.5,62.78,4022.4,808,22
VID05510,2025-06-14,Best Apps #5510,Tech,27362,2941,284,6.32,55.24,701.0,161,16
VID05511,2025-06-14,Investment Basics #5511,Finance,4122,247,48,6.07,62.15,395.1,65,10
VID05512,2025-06-14,Personal Finance Tips #5512,Finance,7391,386,41,10.36,66.95,793.4,86,18
VID05513,2025-06-14,Top Games #5513,Gaming,13537,809,96,6.71,73.97,1714.9,249,20
VID05514,2025-06-14,Relatable College Life #5514,Comedy,10828,719,150,4.12,67.81,700.2,65,21
VID05515,2025-06-14,Funny Family Moments #5515,Comedy,9508,857,13,8.24,75.19,408.4,221,20
VID05516,2025-06-14,Gaming Highlights #5516,Gaming,2644,125,22,8.15,74.84,297.8,27,14
VID05517,2025-06-14,Career Tips #5517,Education,19715,1990,32,6.88,60.5,1333.7,264,22
VID05518,2025-06-14,Laptop Buying Guide #5518,Tech,5141,224,62,6.5,65.6,366.7,101,18
VID05519,2025-06-14,Credit Score Tips #5519,Finance,20267,1900,279,8.14,65.19,770.3,301,19
VID05520,2025-06-14,AI Tools #5520,Tech,24595,1033,31,8.33,51.11,2104.5,151,21
VID05521,2025-06-15,Productivity Tips #5521,Education,19587,525,233,11.56,42.38,911.4,183,20
VID05522,2025-06-15,Tech Hacks #5522,Tech,4980,499,6,5.16,65.75,664.4,79,21
VID05523,2025-06-15,Healthy Habits #5523,Lifestyle,4885,329,12,10.29,50.24,201.5,70,8
VID05524,2025-06-15,Office Comedy #5524,Comedy,11424,514,44,5.16,47.59,325.0,69,20
VID05525,2025-06-15,Learning Strategies #5525,Education,14281,712,88,7.79,63.52,1606.5,81,20
VID05526,2025-06-15,Top Games #5526,Gaming,3481,127,42,6.9,70.12,254.4,13,19
VID05527,2025-06-15,Parents Be Like #5527,Comedy,8022,349,87,5.08,66.39,975.9,67,19
VID05528,2025-06-15,Best Apps #5528,Tech,4977,383,32,7.48,67.4,629.7,118,12
VID05529,2025-06-15,Best Friend Problems #5529,Comedy,22920,2299,48,8.7,71.8,3488.1,405,20
VID05530,2025-06-15,Top Games #5530,Gaming,1906,90,22,10.56,53.09,189.0,16,20
VID05531,2025-06-16,Budget Meals #5531,Food,9139,696,117,11.77,57.71,492.4,60,19
VID05532,2025-06-16,Best Apps #5532,Tech,16316,1671,112,9.66,71.88,1003.5,165,16
VID05533,2025-06-16,Travel Mistakes #5533,Travel,18562,1488,201,7.95,64.11,1278.7,56,10
VID05534,2025-06-16,Career Tips #5534,Education,11071,387,116,6.69,47.8,456.8,147,12
VID05535,2025-06-16,Travel Guide #5535,Travel,17963,1770,220,4.36,50.92,1882.4,320,18
VID05536,2025-06-16,Relatable College Life #5536,Comedy,23252,1952,223,9.08,70.45,1099.1,260,21
VID05537,2025-06-16,Exam Preparation Guide #5537,Education,20324,979,253,8.45,62.74,2219.6,397,18
VID05538,2025-06-16,Study Tips That Work #5538,Education,1995,107,13,9.49,70.54,117.5,38,20
VID05539,2025-06-16,Day In My Life #5539,Lifestyle,17092,1203,212,8.11,84.91,2730.6,111,19
VID05540,2025-06-16,AI Tools #5540,Tech,2504,105,25,8.15,57.61,91.3,16,18
VID05541,2025-06-17,Career Tips #5541,Education,12809,939,41,9.54,46.08,839.9,65,21
VID05542,2025-06-17,Day In My Life #5542,Lifestyle,63790,2763,383,9.91,65.76,1826.5,838,18
VID05543,2025-06-17,Career Tips #5543,Education,2783,155,7,6.0,54.45,193.7,15,12
VID05544,2025-06-17,Street Food Tour #5544,Food,3583,306,38,6.59,57.06,137.2,50,20
VID05545,2025-06-17,Phone Features You Missed #5545,Tech,56112,3913,91,7.52,90.0,10457.9,860,20
VID05546,2025-06-17,Morning Routine #5546,Lifestyle,10641,788,71,5.32,67.0,1116.8,142,20
VID05547,2025-06-17,Interview Preparation #5547,Education,4514,277,44,10.02,55.55,347.9,96,20
VID05548,2025-06-17,Game Challenge #5548,Gaming,115243,10561,1510,9.4,72.71,5645.8,605,20
VID05549,2025-06-17,Street Food Tour #5549,Food,8316,769,19,8.37,61.39,649.4,25,12
VID05550,2025-06-17,Cooking Tips #5550,Food,15229,446,50,6.84,71.09,1690.6,90,8
VID05551,2025-06-17,Career Tips #5551,Education,4166,359,37,9.1,54.03,330.5,43,16
VID05552,2025-06-18,Budget Travel Tips #5552,Travel,10924,1099,102,10.32,67.26,664.1,154,10
VID05553,2025-06-18,Gaming Tips #5553,Gaming,22383,1246,65,6.15,72.38,1027.7,279,10
VID05554,2025-06-18,Relatable College Life #5554,Comedy,8931,293,21,11.66,64.4,644.3,194,18
VID05555,2025-06-18,Relatable College Life #5555,Comedy,5526,176,8,6.46,62.9,332.0,89,19
VID05556,2025-06-18,Healthy Habits #5556,Lifestyle,10878,1114,126,9.84,76.9,702.8,171,22
VID05557,2025-06-18,Gaming Tips #5557,Gaming,60829,4218,584,6.34,62.66,6088.6,1314,10
VID05558,2025-06-18,Productivity Tips #5558,Education,14833,1403,74,7.36,57.32,809.9,336,21
VID05559,2025-06-18,Travel Mistakes #5559,Travel,9849,1011,130,8.82,53.01,1046.7,111,10
VID05560,2025-06-18,Study Tips That Work #5560,Education,9472,624,9,9.15,47.78,670.9,113,18
VID05561,2025-06-18,Hidden Places #5561,Travel,62820,6134,543,7.31,60.01,4587.4,1307,19
VID05562,2025-06-19,Phone Features You Missed #5562,Tech,11196,1186,134,10.16,68.37,956.6,256,20
VID05563,2025-06-19,Interview Preparation #5563,Education,23179,685,217,8.46,65.84,1346.5,423,18
VID05564,2025-06-19,Budget Meals #5564,Food,11033,474,131,9.21,47.35,665.3,202,14
VID05565,2025-06-19,Best Friend Problems #5565,Comedy,4245,382,13,5.92,48.46,120.2,23,20
VID05566,2025-06-19,Office Comedy #5566,Comedy,13090,1152,154,10.74,49.86,440.6,218,21
VID05567,2025-06-19,Expectation vs Reality #5567,Comedy,4214,130,31,11.28,57.56,291.0,13,18
VID05568,2025-06-19,Cooking Tips #5568,Food,2955,95,37,9.18,63.98,199.6,59,22
VID05569,2025-06-19,Exam Preparation Guide #5569,Education,8741,535,100,5.18,56.7,953.2,180,12
VID05570,2025-06-19,Morning Routine #5570,Lifestyle,7334,596,58,6.73,74.6,282.6,60,19
VID05571,2025-06-19,Funny Family Moments #5571,Comedy,1104,102,6,7.35,72.55,90.0,5,22
VID05572,2025-06-19,Phone Features You Missed #5572,Tech,36004,1417,281,11.42,66.37,1212.4,805,22
VID05573,2025-06-20,Hidden Places #5573,Travel,20048,1663,70,8.87,56.81,540.5,100,19
VID05574,2025-06-20,Study Tips That Work #5574,Education,714,64,6,10.28,59.91,35.6,9,21
VID05575,2025-06-20,Beginner Guide #5575,Gaming,15053,605,75,7.62,62.76,638.6,247,10
VID05576,2025-06-20,Parents Be Like #5576,Comedy,3220,296,43,8.7,55.99,306.9,39,19
VID05577,2025-06-20,Daily Routine #5577,Lifestyle,18558,1196,157,6.7,56.32,1245.1,385,20
VID05578,2025-06-20,Food Review #5578,Food,26243,1228,349,7.38,66.26,1782.2,369,22
VID05579,2025-06-20,Healthy Habits #5579,Lifestyle,2374,78,7,8.01,64.95,213.7,38,16
VID05580,2025-06-20,Tech Hacks #5580,Tech,17572,624,20,7.88,67.05,1260.9,184,16
VID05581,2025-06-20,Phone Features You Missed #5581,Tech,1651,111,1,6.21,63.55,235.8,38,19
VID05582,2025-06-20,Beginner Guide #5582,Gaming,15390,782,95,10.02,64.0,590.6,289,18
VID05583,2025-06-21,Phone Features You Missed #5583,Tech,11610,807,160,7.08,55.42,1288.4,250,14
VID05584,2025-06-21,Productivity Tips #5584,Education,28384,2237,297,9.13,60.57,1725.4,486,12
VID05585,2025-06-21,Useful Tech Tips #5585,Tech,4000,120,38,4.64,80.12,663.7,19,12
VID05586,2025-06-21,Top Games #5586,Gaming,14594,1200,89,8.79,59.51,697.2,85,19
VID05587,2025-06-21,Laptop Buying Guide #5587,Tech,10629,896,13,9.24,51.93,305.1,95,21
VID05588,2025-06-21,Relatable College Life #5588,Comedy,21677,1363,127,8.84,45.37,949.3,148,14
VID05589,2025-06-21,Travel Mistakes #5589,Travel,61200,6220,228,8.59,63.03,4775.4,852,10
VID05590,2025-06-21,Healthy Habits #5590,Lifestyle,14292,457,85,6.44,67.02,904.9,138,22
VID05591,2025-06-21,Relatable College Life #5591,Comedy,7827,516,52,6.01,59.31,624.6,42,18
VID05592,2025-06-21,Food Review #5592,Food,5322,532,6,9.89,73.25,588.7,94,19
VID05593,2025-06-22,Budget Meals #5593,Food,3433,223,14,8.51,80.78,332.7,39,12
VID05594,2025-06-22,Useful Tech Tips #5594,Tech,12030,1106,80,14.62,70.61,1192.0,51,14
VID05595,2025-06-22,Relatable College Life #5595,Comedy,18003,855,203,6.2,57.84,2469.1,268,21
VID05596,2025-06-22,Best Friend Problems #5596,Comedy,90573,6926,683,7.96,40.79,3653.3,604,10
VID05597,2025-06-22,Weekend Travel Vlog #5597,Travel,3939,337,22,9.14,65.24,356.7,42,21
VID05598,2025-06-22,Weekend Travel Vlog #5598,Travel,15894,563,94,7.53,63.86,1265.6,292,20
VID05599,2025-06-22,Relatable College Life #5599,Comedy,26829,678,41,7.46,59.25,1650.8,517,19
VID05600,2025-06-22,Budget Planning #5600,Finance,8954,913,117,4.83,48.33,619.3,93,21
VID05601,2025-06-22,Daily Routine #5601,Lifestyle,860,88,10,8.89,72.2,32.1,7,22
VID05602,2025-06-22,Personal Finance Tips #5602,Finance,9454,300,84,7.21,48.34,211.7,133,19
VID05603,2025-06-22,Game Challenge #5603,Gaming,4901,328,28,9.75,53.02,297.0,81,20
VID05604,2025-06-23,Laptop Buying Guide #5604,Tech,12504,932,162,8.33,63.55,1773.4,111,16
VID05605,2025-06-23,Interview Preparation #5605,Education,16318,1359,205,6.22,49.94,812.1,296,8
VID05606,2025-06-23,Funny Family Moments #5606,Comedy,2070,173,19,5.64,67.01,126.7,34,23
VID05607,2025-06-23,Beginner Guide #5607,Gaming,9645,471,75,6.42,64.66,721.9,98,18
VID05608,2025-06-23,Tech Hacks #5608,Tech,4730,471,53,4.9,50.53,415.9,99,22
VID05609,2025-06-23,Best Places to Visit #5609,Travel,12431,1037,65,6.75,60.23,909.0,108,18
VID05610,2025-06-23,Beginner Guide #5610,Gaming,16230,820,127,9.97,60.4,1266.5,237,14
VID05611,2025-06-23,Gaming Tips #5611,Gaming,13472,849,125,8.47,72.37,614.4,314,21
VID05612,2025-06-23,Relatable College Life #5612,Comedy,22183,2235,130,6.42,39.31,1350.7,458,18
VID05613,2025-06-23,Exam Preparation Guide #5613,Education,6210,411,52,5.76,68.36,220.9,28,22
VID05614,2025-06-24,Budget Travel Tips #5614,Travel,6437,227,6,8.21,82.69,848.8,163,8
VID05615,2025-06-24,Personal Finance Tips #5615,Finance,16194,586,217,8.91,67.31,2157.9,99,19
VID05616,2025-06-24,Expectation vs Reality #5616,Comedy,6656,453,9,7.81,34.59,332.7,110,23
VID05617,2025-06-24,Food Review #5617,Food,6819,582,42,9.46,52.09,224.9,39,19
VID05618,2025-06-24,Exam Preparation Guide #5618,Education,9156,803,121,5.95,64.92,407.0,103,21
VID05619,2025-06-24,Office Comedy #5619,Comedy,17430,1418,60,9.56,67.52,1969.8,298,20
VID05620,2025-06-24,Hidden Places #5620,Travel,5052,463,35,3.05,64.25,149.4,59,18
VID05621,2025-06-24,Exam Preparation Guide #5621,Education,49553,3906,414,7.61,81.86,4344.9,946,12
VID05622,2025-06-24,Food Review #5622,Food,47589,4409,73,9.6,61.89,4094.6,926,12
VID05623,2025-06-24,Game Challenge #5623,Gaming,3394,288,7,6.39,66.73,406.8,60,22
VID05624,2025-06-24,Tech Hacks #5624,Tech,3322,83,16,10.17,65.38,486.2,24,20
VID05625,2025-06-25,Study Tips That Work #5625,Education,10411,430,96,8.52,90.0,1238.6,226,21
VID05626,2025-06-25,Productivity Tips #5626,Education,10930,792,13,5.45,62.46,1041.5,42,22
VID05627,2025-06-25,Best Restaurants #5627,Food,4041,255,46,8.44,63.19,150.5,30,19
VID05628,2025-06-25,Daily Routine #5628,Lifestyle,1738,65,18,7.38,68.27,236.8,37,12
VID05629,2025-06-25,Phone Features You Missed #5629,Tech,8532,837,54,7.61,68.83,288.6,161,21
VID05630,2025-06-25,Travel Mistakes #5630,Travel,59336,4766,228,7.51,48.28,5393.1,745,20
VID05631,2025-06-25,Investment Basics #5631,Finance,18583,1279,45,10.31,84.81,1227.1,474,14
VID05632,2025-06-25,Expectation vs Reality #5632,Comedy,10479,1050,127,8.25,66.23,1084.1,78,22
VID05633,2025-06-25,Best Apps #5633,Tech,3462,335,8,8.08,47.33,151.1,29,19
VID05634,2025-06-25,Travel Mistakes #5634,Travel,17055,972,188,10.02,65.81,877.2,156,19
VID05635,2025-06-26,Cooking Tips #5635,Food,6353,475,35,8.7,58.02,404.7,24,6
VID05636,2025-06-26,Expectation vs Reality #5636,Comedy,27677,1918,97,5.84,61.43,2098.6,574,16
VID05637,2025-06-26,Relatable College Life #5637,Comedy,14109,1347,118,10.08,42.05,1107.3,92,20
VID05638,2025-06-26,Best Apps #5638,Tech,4479,439,28,9.94,61.24,133.0,44,19
VID05639,2025-06-26,Weekend Travel Vlog #5639,Travel,5952,322,79,8.61,73.2,510.8,40,23
VID05640,2025-06-26,Best Friend Problems #5640,Comedy,11236,972,60,9.75,66.04,1535.0,50,6
VID05641,2025-06-26,Budget Travel Tips #5641,Travel,13566,955,87,8.35,66.94,1524.1,118,19
VID05642,2025-06-26,Productivity Tips #5642,Education,5840,479,29,8.61,35.24,131.5,86,20
VID05643,2025-06-26,AI Tools #5643,Tech,5277,134,64,6.21,63.44,230.1,15,18
VID05644,2025-06-26,Best Friend Problems #5644,Comedy,9148,645,45,9.21,67.36,415.6,134,19
VID05645,2025-06-27,Best Restaurants #5645,Food,7696,308,30,13.5,48.45,283.8,54,19
VID05646,2025-06-27,Office Comedy #5646,Comedy,4021,300,43,5.99,63.44,178.7,58,21
VID05647,2025-06-27,Relatable College Life #5647,Comedy,9615,503,134,9.1,55.2,678.3,94,16
VID05648,2025-06-27,Useful Tech Tips #5648,Tech,5962,413,23,6.43,49.88,453.4,82,22
VID05649,2025-06-27,Productivity Tips #5649,Education,28174,2132,290,9.33,49.54,2835.4,467,8
VID05650,2025-06-27,Healthy Habits #5650,Lifestyle,18670,754,67,8.35,51.17,1606.6,141,12
VID05651,2025-06-27,Travel Mistakes #5651,Travel,6528,229,37,9.49,90.0,434.1,60,12
VID05652,2025-06-27,Expectation vs Reality #5652,Comedy,51614,2919,584,2.88,59.66,3900.5,903,14
VID05653,2025-06-27,Weekend Vlog #5653,Lifestyle,2991,230,26,10.53,67.03,224.0,43,21
VID05654,2025-06-27,Game Challenge #5654,Gaming,5500,555,68,8.42,63.64,677.8,86,19
VID05655,2025-06-27,AI Tools #5655,Tech,8175,361,62,7.66,66.66,1283.7,99,21
VID05656,2025-06-28,Study Tips That Work #5656,Education,19999,2136,270,6.5,53.71,2256.2,111,20
VID05657,2025-06-28,Phone Features You Missed #5657,Tech,181663,8330,2428,9.46,71.29,16355.6,1005,22
VID05658,2025-06-28,Relatable College Life #5658,Comedy,19522,1478,194,7.98,55.25,867.0,367,20
VID05659,2025-06-28,Budget Travel Tips #5659,Travel,32787,1604,180,5.58,50.06,695.1,210,23
VID05660,2025-06-28,Weekend Travel Vlog #5660,Travel,1211,77,6,5.34,66.87,81.6,26,18
VID05661,2025-06-28,Tech Hacks #5661,Tech,20529,635,211,4.24,64.71,2239.2,193,19
VID05662,2025-06-28,Game Challenge #5662,Gaming,56041,6141,137,7.17,55.08,5092.8,669,16
VID05663,2025-06-28,Gaming Tips #5663,Gaming,30317,1284,385,8.48,58.51,1091.8,243,19
VID05664,2025-06-28,Travel Guide #5664,Travel,3358,269,17,8.31,41.37,257.2,9,21
VID05665,2025-06-28,Tech Hacks #5665,Tech,35399,3560,400,9.84,41.25,1463.2,369,23
VID05666,2025-06-29,Productivity Tips #5666,Education,48219,2531,143,8.86,73.13,1728.5,410,19
VID05667,2025-06-29,AI Tools #5667,Tech,4875,145,33,10.94,72.28,665.8,17,18
VID05668,2025-06-29,Gaming Highlights #5668,Gaming,26647,1548,273,5.32,78.88,933.5,594,21
VID05669,2025-06-29,Street Food Tour #5669,Food,7943,328,60,8.21,58.53,778.5,171,14
VID05670,2025-06-29,Office Comedy #5670,Comedy,8798,852,117,6.36,52.64,660.2,96,20
VID05671,2025-06-29,Expectation vs Reality #5671,Comedy,17061,1240,206,7.93,58.93,1687.2,127,20
VID05672,2025-06-29,Exam Preparation Guide #5672,Education,185899,9581,869,8.12,66.6,24521.0,2981,22
VID05673,2025-06-29,Study Tips That Work #5673,Education,19069,1489,170,7.19,65.69,933.5,59,19
VID05674,2025-06-29,Easy Recipes #5674,Food,20944,1579,185,12.17,68.2,574.0,365,18
VID05675,2025-06-29,Best Friend Problems #5675,Comedy,5748,470,37,9.74,60.92,290.3,59,10
VID05676,2025-06-29,Budget Meals #5676,Food,16896,517,213,6.07,68.31,505.1,229,16
VID05677,2025-06-30,Healthy Habits #5677,Lifestyle,6455,444,79,8.04,62.56,248.7,91,20
VID05678,2025-06-30,Top Games #5678,Gaming,6995,395,64,12.3,66.32,650.8,95,20
VID05679,2025-06-30,Gaming Tips #5679,Gaming,24646,977,228,5.76,77.83,1672.1,344,20
VID05680,2025-06-30,Phone Features You Missed #5680,Tech,7236,576,30,6.82,73.2,863.3,89,22
VID05681,2025-06-30,AI Tools #5681,Tech,1974,125,5,11.75,36.32,60.3,38,23
VID05682,2025-06-30,Best Friend Problems #5682,Comedy,5528,371,36,6.32,64.23,503.6,72,18
VID05683,2025-06-30,Weekend Vlog #5683,Lifestyle,5488,252,22,8.75,55.69,668.4,108,18
VID05684,2025-06-30,Personal Finance Tips #5684,Finance,2743,276,3,6.95,64.59,167.9,7,18
VID05685,2025-06-30,Office Comedy #5685,Comedy,8857,345,95,9.2,48.19,493.1,56,16
VID05686,2025-06-30,Funny Family Moments #5686,Comedy,27234,2220,249,10.48,70.81,2129.1,293,16
VID05687,2025-07-01,Office Comedy #5687,Comedy,7601,384,66,7.63,67.19,700.8,44,18
VID05688,2025-07-01,Top Games #5688,Gaming,19380,1427,48,9.18,61.8,538.7,177,20
VID05689,2025-07-01,Travel Guide #5689,Travel,11389,407,31,6.24,54.15,678.6,49,21
VID05690,2025-07-01,Laptop Buying Guide #5690,Tech,32686,3404,371,2.98,74.92,5380.6,152,18
VID05691,2025-07-01,Healthy Habits #5691,Lifestyle,59138,2311,677,10.0,78.38,9301.0,1033,21
VID05692,2025-07-01,Best Friend Problems #5692,Comedy,9029,915,68,9.06,45.84,324.3,55,19
VID05693,2025-07-01,Interview Preparation #5693,Education,2431,144,2,7.84,48.46,264.3,18,12
VID05694,2025-07-01,Street Food Tour #5694,Food,2580,264,11,7.17,55.47,211.2,11,18
VID05695,2025-07-01,Game Challenge #5695,Gaming,25733,2455,98,8.0,58.11,646.4,549,16
VID05696,2025-07-01,Tech Hacks #5696,Tech,11961,978,143,6.82,69.47,753.3,259,20
VID05697,2025-07-02,Funny Family Moments #5697,Comedy,35331,3193,216,4.6,46.24,1058.3,404,8
VID05698,2025-07-02,Gaming Highlights #5698,Gaming,35616,1551,260,6.28,65.51,1541.1,842,8
VID05699,2025-07-02,Top Games #5699,Gaming,8348,395,13,10.95,41.44,406.5,154,21
VID05700,2025-07-02,Learning Strategies #5700,Education,33051,1614,168,10.46,59.29,2996.2,559,14
VID05701,2025-07-02,Travel Mistakes #5701,Travel,7707,508,46,8.91,63.31,974.8,71,21
VID05702,2025-07-02,Top Games #5702,Gaming,3977,124,32,6.57,61.72,450.2,11,18
VID05703,2025-07-02,Phone Features You Missed #5703,Tech,37277,3583,182,6.45,73.04,2089.0,837,14
VID05704,2025-07-02,Office Comedy #5704,Comedy,18313,1711,104,9.24,69.47,1671.5,254,18
VID05705,2025-07-02,AI Tools #5705,Tech,10230,744,132,5.33,67.06,1245.7,122,8
VID05706,2025-07-02,Learning Strategies #5706,Education,7464,607,56,3.87,66.85,420.9,81,23
VID05707,2025-07-02,Parents Be Like #5707,Comedy,29633,748,206,8.58,46.17,826.1,545,19
VID05708,2025-07-03,Daily Routine #5708,Lifestyle,8522,455,110,9.26,79.14,948.9,49,19
VID05709,2025-07-03,Best Places to Visit #5709,Travel,2608,209,19,11.37,77.99,272.4,21,21
VID05710,2025-07-03,Morning Routine #5710,Lifestyle,97107,3533,670,8.9,58.26,2470.5,1812,10
VID05711,2025-07-03,Morning Routine #5711,Lifestyle,5617,345,18,5.94,53.02,316.0,98,14
VID05712,2025-07-03,Best Friend Problems #5712,Comedy,6423,223,74,7.13,67.3,460.5,31,21
VID05713,2025-07-03,Best Apps #5713,Tech,19885,1043,155,11.85,55.3,1882.9,202,22
VID05714,2025-07-03,Weekend Travel Vlog #5714,Travel,35979,2700,162,6.1,58.29,3327.5,516,10
VID05715,2025-07-03,Learning Strategies #5715,Education,5107,203,59,7.84,49.63,151.3,61,6
VID05716,2025-07-03,Study Tips That Work #5716,Education,14494,914,23,11.37,56.88,754.9,322,16
VID05717,2025-07-03,Best Apps #5717,Tech,74831,4601,322,13.64,62.19,6185.7,890,10
VID05718,2025-07-04,Food Review #5718,Food,32468,1578,326,6.07,46.22,1676.5,517,6
VID05719,2025-07-04,Useful Tech Tips #5719,Tech,59021,1484,623,9.88,79.66,2440.7,1463,20
VID05720,2025-07-04,Productivity Tips #5720,Education,3204,328,17,9.36,51.9,295.1,53,12
VID05721,2025-07-04,Game Challenge #5721,Gaming,6094,373,32,6.07,57.88,682.0,108,16
VID05722,2025-07-04,Phone Features You Missed #5722,Tech,35734,1387,95,7.01,61.49,1490.6,710,20
VID05723,2025-07-04,Best Places to Visit #5723,Travel,7534,416,29,3.65,62.34,311.7,124,14
VID05724,2025-07-04,Parents Be Like #5724,Comedy,2863,206,20,8.83,74.09,336.8,57,21
VID05725,2025-07-04,Learning Strategies #5725,Education,14172,1468,71,5.5,78.79,535.3,128,14
VID05726,2025-07-04,AI Tools #5726,Tech,10636,1015,47,9.24,54.12,1036.3,123,20
VID05727,2025-07-04,Interview Preparation #5727,Education,38454,4200,331,5.79,49.88,2725.9,460,21
VID05728,2025-07-04,Expectation vs Reality #5728,Comedy,3188,222,41,6.33,59.53,90.9,9,20
VID05729,2025-07-05,Money Mistakes #5729,Finance,4578,368,33,4.49,89.1,627.2,95,18
VID05730,2025-07-05,Street Food Tour #5730,Food,10687,891,110,10.97,61.77,1229.5,78,14
VID05731,2025-07-05,Laptop Buying Guide #5731,Tech,7344,586,23,4.54,68.45,863.1,112,12
VID05732,2025-07-05,Budget Lifestyle #5732,Lifestyle,7883,457,43,5.11,58.1,602.7,23,12
VID05733,2025-07-05,Best Apps #5733,Tech,6139,552,82,11.28,74.36,266.6,140,21
VID05734,2025-07-05,Parents Be Like #5734,Comedy,7498,495,19,6.94,51.94,264.9,51,22
VID05735,2025-07-05,Weekend Vlog #5735,Lifestyle,14563,1274,125,7.06,51.83,1404.1,200,16
VID05736,2025-07-05,Gaming Tips #5736,Gaming,10756,1043,112,5.93,58.88,252.4,239,20
VID05737,2025-07-05,Career Tips #5737,Education,57773,3956,123,8.13,54.21,5920.4,291,14
VID05738,2025-07-05,Credit Score Tips #5738,Finance,9883,1032,50,10.42,65.99,360.7,84,19
VID05739,2025-07-06,Productivity Tips #5739,Education,27694,1627,328,9.85,43.52,1132.4,375,21
VID05740,2025-07-06,Career Tips #5740,Education,5005,128,22,9.7,63.49,396.2,93,20
VID05741,2025-07-06,Funny Family Moments #5741,Comedy,1817,134,9,7.13,37.53,96.6,32,22
VID05742,2025-07-06,Budget Planning #5742,Finance,5992,203,33,8.14,38.39,399.1,37,6
VID05743,2025-07-06,Expectation vs Reality #5743,Comedy,2597,109,17,6.66,63.17,137.7,15,19
VID05744,2025-07-06,Best Restaurants #5744,Food,19065,1010,139,9.14,57.93,636.9,129,14
VID05745,2025-07-06,Street Food Tour #5745,Food,10096,981,63,2.51,58.75,1150.1,129,8
VID05746,2025-07-06,Saving Money #5746,Finance,9705,540,99,7.22,69.65,1253.4,136,18
VID05747,2025-07-06,Exam Preparation Guide #5747,Education,13735,1028,44,9.14,62.97,1118.9,124,20
VID05748,2025-07-06,Travel Guide #5748,Travel,1077,38,3,7.59,52.23,24.7,21,20
VID05749,2025-07-07,Travel Mistakes #5749,Travel,4341,273,4,7.95,77.52,213.9,34,20
VID05750,2025-07-07,Easy Recipes #5750,Food,32316,2176,193,9.56,48.48,751.6,423,22
VID05751,2025-07-07,Cooking Tips #5751,Food,23910,2135,19,7.38,60.25,924.6,468,20
VID05752,2025-07-07,Gaming Tips #5752,Gaming,8492,732,83,8.68,48.27,454.0,177,12
VID05753,2025-07-07,Exam Preparation Guide #5753,Education,7153,670,97,5.26,55.85,516.3,94,20
VID05754,2025-07-07,Parents Be Like #5754,Comedy,230614,15797,222,6.71,60.62,8838.0,4548,21
VID05755,2025-07-07,Budget Planning #5755,Finance,4840,494,66,9.07,39.45,138.8,64,20
VID05756,2025-07-07,Relatable College Life #5756,Comedy,10072,521,114,7.86,57.97,330.3,168,20
VID05757,2025-07-07,Gaming Tips #5757,Gaming,21093,1304,137,7.5,59.72,583.4,452,6
VID05758,2025-07-07,Credit Score Tips #5758,Finance,28512,3079,197,5.55,57.17,1660.9,572,16
VID05759,2025-07-07,Budget Planning #5759,Finance,32663,1656,77,7.85,46.63,3192.2,522,20
VID05760,2025-07-08,Easy Recipes #5760,Food,7055,561,56,9.4,61.63,211.4,51,10
VID05761,2025-07-08,Healthy Habits #5761,Lifestyle,4029,382,27,6.26,80.35,610.2,35,20
VID05762,2025-07-08,Travel Mistakes #5762,Travel,40219,4321,127,12.5,82.83,4533.1,684,10
VID05763,2025-07-08,Tech Hacks #5763,Tech,9596,677,89,5.65,68.17,676.1,119,21
VID05764,2025-07-08,Useful Tech Tips #5764,Tech,27708,1990,387,5.66,60.42,969.8,444,16
VID05765,2025-07-08,Best Friend Problems #5765,Comedy,4673,247,56,7.73,58.4,267.8,31,20
VID05766,2025-07-08,Best Friend Problems #5766,Comedy,3379,320,19,5.36,55.62,407.0,68,20
VID05767,2025-07-08,Exam Preparation Guide #5767,Education,9539,875,43,7.61,61.79,566.9,159,20
VID05768,2025-07-08,Credit Score Tips #5768,Finance,4980,301,64,4.1,63.15,258.7,107,10
VID05769,2025-07-08,Investment Basics #5769,Finance,2875,235,15,8.0,53.84,255.0,48,19
VID05770,2025-07-09,Funny Family Moments #5770,Comedy,37428,1061,49,5.51,61.46,2883.1,719,19
VID05771,2025-07-09,Game Challenge #5771,Gaming,20044,721,34,11.44,73.11,3112.8,474,23
VID05772,2025-07-09,Weekend Vlog #5772,Lifestyle,17574,1450,210,11.63,61.78,908.0,409,21
VID05773,2025-07-09,Phone Features You Missed #5773,Tech,46343,3626,160,9.7,78.35,7673.2,553,20
VID05774,2025-07-09,AI Tools #5774,Tech,15685,1428,52,13.63,62.65,1599.3,239,23
VID05775,2025-07-09,Relatable College Life #5775,Comedy,3479,209,45,7.15,64.42,411.9,35,16
VID05776,2025-07-09,Exam Preparation Guide #5776,Education,8475,299,18,6.76,61.53,779.1,76,14
VID05777,2025-07-09,Learning Strategies #5777,Education,17021,1573,221,8.03,37.37,1077.0,92,20
VID05778,2025-07-09,Saving Money #5778,Finance,6673,639,89,7.8,55.57,499.1,98,22
VID05779,2025-07-09,Parents Be Like #5779,Comedy,7533,271,72,7.12,56.87,710.8,134,22
VID05780,2025-07-09,Weekend Travel Vlog #5780,Travel,18528,799,224,8.65,60.72,625.9,157,21
VID05781,2025-07-10,Gaming Tips #5781,Gaming,18459,1212,120,6.65,76.67,919.2,83,19
VID05782,2025-07-10,Budget Travel Tips #5782,Travel,21752,681,119,6.67,60.6,962.4,113,12
VID05783,2025-07-10,Credit Score Tips #5783,Finance,11267,1073,134,3.8,48.15,1119.9,205,22
VID05784,2025-07-10,Funny Family Moments #5784,Comedy,10625,346,102,9.91,61.56,1053.2,212,22
VID05785,2025-07-10,Parents Be Like #5785,Comedy,7677,751,48,10.75,57.0,553.5,163,20
VID05786,2025-07-10,Useful Tech Tips #5786,Tech,7759,551,77,8.05,58.49,321.5,169,8
VID05787,2025-07-10,Game Challenge #5787,Gaming,42460,4623,509,7.16,48.79,1007.1,690,21
VID05788,2025-07-10,Top Games #5788,Gaming,1672,110,3,5.66,55.82,53.2,34,18
VID05789,2025-07-10,Office Comedy #5789,Comedy,4815,395,5,4.68,90.0,496.9,55,16
VID05790,2025-07-10,Expectation vs Reality #5790,Comedy,4795,428,16,14.66,44.11,240.4,16,19
VID05791,2025-07-11,Exam Preparation Guide #5791,Education,8767,250,71,9.34,53.65,847.4,187,21
VID05792,2025-07-11,Gaming Highlights #5792,Gaming,23905,783,204,7.56,60.84,2132.9,317,14
VID05793,2025-07-11,Career Tips #5793,Education,14174,833,41,7.01,69.56,1077.7,144,18
VID05794,2025-07-11,Cooking Tips #5794,Food,8443,866,103,4.18,57.79,244.5,191,18
VID05795,2025-07-11,Parents Be Like #5795,Comedy,6992,188,36,8.98,70.93,1010.5,149,16
VID05796,2025-07-11,Investment Basics #5796,Finance,16865,1386,124,6.48,51.01,1410.0,279,16
VID05797,2025-07-11,Morning Routine #5797,Lifestyle,3697,351,24,6.19,70.1,178.3,31,20
VID05798,2025-07-11,Learning Strategies #5798,Education,3626,120,13,9.74,61.93,274.3,82,18
VID05799,2025-07-11,Credit Score Tips #5799,Finance,11430,653,96,6.88,71.48,837.4,195,19
VID05800,2025-07-11,Day In My Life #5800,Lifestyle,3140,81,33,6.58,55.8,137.6,22,18
VID05801,2025-07-12,Productivity Tips #5801,Education,11767,904,38,9.31,57.58,1142.5,88,21
VID05802,2025-07-12,Relatable College Life #5802,Comedy,7845,534,47,7.33,58.34,543.4,67,18
VID05803,2025-07-12,Funny Family Moments #5803,Comedy,15041,684,90,7.62,64.27,760.5,148,22
VID05804,2025-07-12,Daily Routine #5804,Lifestyle,11298,1030,102,8.39,56.95,653.7,238,10
VID05805,2025-07-12,Cooking Tips #5805,Food,2140,76,14,6.93,63.27,64.9,42,20
VID05806,2025-07-12,Expectation vs Reality #5806,Comedy,5791,205,16,5.94,43.72,257.5,29,20
VID05807,2025-07-12,Easy Recipes #5807,Food,41557,3901,337,7.18,58.85,3945.1,866,21
VID05808,2025-07-12,Day In My Life #5808,Lifestyle,14531,442,192,8.53,65.49,957.1,222,8
VID05809,2025-07-12,Money Mistakes #5809,Finance,14152,662,188,8.14,36.58,576.9,283,21
VID05810,2025-07-12,Day In My Life #5810,Lifestyle,9700,652,83,5.71,64.23,994.1,200,18
VID05811,2025-07-12,Personal Finance Tips #5811,Finance,10246,769,90,6.53,62.11,831.2,198,14
VID05812,2025-07-13,Parents Be Like #5812,Comedy,39750,3780,147,6.28,53.18,4056.9,468,21
VID05813,2025-07-13,Travel Mistakes #5813,Travel,36459,2996,488,8.47,63.38,4491.9,577,16
VID05814,2025-07-13,Productivity Tips #5814,Education,7282,652,28,7.27,64.8,305.7,46,20
VID05815,2025-07-13,Interview Preparation #5815,Education,158170,11073,1146,9.13,73.74,8128.8,3359,20
VID05816,2025-07-13,Budget Lifestyle #5816,Lifestyle,14424,447,55,9.21,52.11,565.7,177,19
VID05817,2025-07-13,Best Restaurants #5817,Food,16719,1373,92,8.84,61.98,838.1,372,19
VID05818,2025-07-13,Productivity Tips #5818,Education,6638,657,74,3.95,68.3,634.4,29,19
VID05819,2025-07-13,Study Tips That Work #5819,Education,4669,467,38,7.8,79.64,651.0,60,19
VID05820,2025-07-13,Gaming Highlights #5820,Gaming,21178,1972,62,6.04,52.62,607.9,81,20
VID05821,2025-07-13,Interview Preparation #5821,Education,10846,581,106,5.08,65.12,1294.1,128,16
VID05822,2025-07-14,Phone Features You Missed #5822,Tech,1929,190,11,5.25,60.39,209.3,30,20
VID05823,2025-07-14,Relatable College Life #5823,Comedy,12159,1336,141,9.33,66.02,861.6,240,20
VID05824,2025-07-14,Best Settings #5824,Gaming,30412,2389,285,11.28,66.39,3757.0,91,21
VID05825,2025-07-14,Study Tips That Work #5825,Education,36852,2651,436,4.86,66.89,4877.0,141,22
VID05826,2025-07-14,Healthy Habits #5826,Lifestyle,24558,1197,253,6.13,54.89,3016.8,347,19
VID05827,2025-07-14,Weekend Travel Vlog #5827,Travel,6510,250,14,9.5,48.32,260.3,90,22
VID05828,2025-07-14,Best Friend Problems #5828,Comedy,6485,510,30,9.4,51.68,326.6,92,20
VID05829,2025-07-14,Best Friend Problems #5829,Comedy,3357,206,6,11.09,42.43,205.0,10,16
VID05830,2025-07-14,Travel Guide #5830,Travel,27377,1901,61,7.17,47.03,856.0,473,20
VID05831,2025-07-14,Street Food Tour #5831,Food,5826,474,14,6.44,60.7,388.3,126,19
VID05832,2025-07-14,Daily Routine #5832,Lifestyle,11907,382,11,7.71,61.15,1590.8,171,20
VID05833,2025-07-15,Top Games #5833,Gaming,2586,78,34,6.95,50.29,226.4,47,16
VID05834,2025-07-15,Game Challenge #5834,Gaming,11770,614,43,9.66,72.96,1361.6,131,6
VID05835,2025-07-15,Travel Guide #5835,Travel,53146,2534,557,7.1,72.56,6235.3,1147,10
VID05836,2025-07-15,Career Tips #5836,Education,4933,475,38,9.61,53.72,398.4,67,18
VID05837,2025-07-15,Credit Score Tips #5837,Finance,7191,333,34,4.62,46.04,607.0,68,21
VID05838,2025-07-15,Expectation vs Reality #5838,Comedy,2701,120,27,8.14,54.98,100.4,25,20
VID05839,2025-07-15,Budget Planning #5839,Finance,5078,136,12,9.05,64.65,156.3,90,21
VID05840,2025-07-15,Useful Tech Tips #5840,Tech,17975,866,151,5.04,55.44,594.9,150,16
VID05841,2025-07-15,Office Comedy #5841,Comedy,3189,297,38,5.68,48.88,125.7,31,20
VID05842,2025-07-15,Healthy Habits #5842,Lifestyle,8542,496,115,8.29,60.61,367.6,118,6
VID05843,2025-07-16,Best Apps #5843,Tech,3091,297,16,8.81,65.95,80.6,42,18
VID05844,2025-07-16,Laptop Buying Guide #5844,Tech,3962,236,17,8.51,64.35,310.7,48,19
VID05845,2025-07-16,Budget Lifestyle #5845,Lifestyle,5964,166,26,8.58,50.51,403.5,16,21
VID05846,2025-07-16,Cooking Tips #5846,Food,22990,1793,84,9.1,55.92,1432.4,415,14
VID05847,2025-07-16,Best Places to Visit #5847,Travel,42994,1394,400,10.95,49.61,2075.9,805,22
VID05848,2025-07-16,Learning Strategies #5848,Education,5703,159,18,7.52,52.8,434.1,26,18
VID05849,2025-07-16,Parents Be Like #5849,Comedy,25302,1818,332,9.66,54.08,2767.9,497,14
VID05850,2025-07-16,Career Tips #5850,Education,39154,1505,243,7.97,47.45,2034.3,662,23
VID05851,2025-07-16,Best Places to Visit #5851,Travel,25734,2394,285,10.56,64.5,1682.0,214,21
VID05852,2025-07-16,Easy Recipes #5852,Food,18747,1723,97,8.22,69.5,587.9,143,19
VID05853,2025-07-17,Tech Hacks #5853,Tech,2358,243,7,12.2,50.5,81.9,35,21
VID05854,2025-07-17,Laptop Buying Guide #5854,Tech,43846,3093,322,8.9,78.0,1834.5,852,22
VID05855,2025-07-17,Expectation vs Reality #5855,Comedy,3959,129,10,9.0,54.52,294.5,32,23
VID05856,2025-07-17,Learning Strategies #5856,Education,4731,316,33,5.54,57.72,464.7,78,19
VID05857,2025-07-17,Productivity Tips #5857,Education,2951,95,34,5.87,67.62,310.1,46,20
VID05858,2025-07-17,Best Settings #5858,Gaming,5628,451,59,7.17,70.11,883.0,84,23
VID05859,2025-07-17,Investment Basics #5859,Finance,34828,1277,84,9.16,65.39,3773.0,761,21
VID05860,2025-07-17,Best Apps #5860,Tech,25902,2563,266,6.43,48.94,1474.4,207,14
VID05861,2025-07-17,Tech Hacks #5861,Tech,5825,285,53,8.26,63.53,612.0,104,16
VID05862,2025-07-17,Weekend Travel Vlog #5862,Travel,22166,2296,226,7.89,61.59,1263.7,342,20
VID05863,2025-07-17,Interview Preparation #5863,Education,7554,621,27,6.88,58.91,671.7,162,19
VID05864,2025-07-18,Hidden Places #5864,Travel,6223,341,20,6.67,45.06,479.3,46,23
VID05865,2025-07-18,Investment Basics #5865,Finance,3657,162,43,5.74,52.9,331.6,62,20
VID05866,2025-07-18,Weekend Travel Vlog #5866,Travel,9163,844,17,11.14,73.71,764.7,43,19
VID05867,2025-07-18,Learning Strategies #5867,Education,1948,127,17,7.59,67.07,79.1,30,18
VID05868,2025-07-18,Expectation vs Reality #5868,Comedy,3425,233,27,7.06,81.69,407.9,79,21
VID05869,2025-07-18,Best Friend Problems #5869,Comedy,29138,1964,251,7.99,68.75,2808.4,628,12
VID05870,2025-07-18,Best Places to Visit #5870,Travel,7777,834,55,9.28,66.04,743.3,44,21
VID05871,2025-07-18,Morning Routine #5871,Lifestyle,26569,2465,124,7.12,78.79,1271.1,402,18
VID05872,2025-07-18,Best Restaurants #5872,Food,9600,860,60,6.0,71.16,676.8,163,19
VID05873,2025-07-18,Top Games #5873,Gaming,7240,298,61,11.01,50.79,453.6,126,20
VID05874,2025-07-19,Personal Finance Tips #5874,Finance,57455,4662,551,6.25,83.0,8696.1,378,10
VID05875,2025-07-19,Expectation vs Reality #5875,Comedy,3451,113,9,10.39,54.71,85.0,25,12
VID05876,2025-07-19,Gaming Tips #5876,Gaming,1442,88,17,11.9,62.87,123.0,14,19
VID05877,2025-07-19,Study Tips That Work #5877,Education,7963,860,13,3.15,83.39,577.5,184,8
VID05878,2025-07-19,AI Tools #5878,Tech,19412,956,151,7.14,69.06,948.1,389,20
VID05879,2025-07-19,Beginner Guide #5879,Gaming,6068,423,64,4.21,62.12,189.0,48,6
VID05880,2025-07-19,Phone Features You Missed #5880,Tech,19395,947,86,8.62,68.17,1933.5,255,22
VID05881,2025-07-19,Office Comedy #5881,Comedy,13497,496,159,6.86,68.8,1163.7,273,16
VID05882,2025-07-19,AI Tools #5882,Tech,14363,632,43,7.55,73.29,2388.7,258,20
VID05883,2025-07-19,Weekend Vlog #5883,Lifestyle,10784,478,130,7.03,53.5,264.7,30,18
VID05884,2025-07-20,Gaming Highlights #5884,Gaming,4124,158,27,10.59,47.87,369.6,44,19
VID05885,2025-07-20,Office Comedy #5885,Comedy,12566,797,65,7.16,67.49,414.8,44,20
VID05886,2025-07-20,Laptop Buying Guide #5886,Tech,17169,830,127,8.95,44.18,569.5,199,18
VID05887,2025-07-20,Best Apps #5887,Tech,2844,111,19,11.07,48.07,123.1,29,14
VID05888,2025-07-20,Study Tips That Work #5888,Education,28727,2720,230,13.98,61.19,2489.1,230,12
VID05889,2025-07-20,Relatable College Life #5889,Comedy,3519,128,4,5.71,40.86,135.4,18,18
VID05890,2025-07-20,Office Comedy #5890,Comedy,1854,160,10,8.21,50.75,71.9,21,20
VID05891,2025-07-20,Top Games #5891,Gaming,26176,1936,273,5.61,39.47,1288.4,487,22
VID05892,2025-07-20,Study Tips That Work #5892,Education,12079,1047,158,8.41,68.71,444.5,194,12
VID05893,2025-07-20,Laptop Buying Guide #5893,Tech,1830,199,7,7.87,63.43,200.1,16,20
VID05894,2025-07-20,Investment Basics #5894,Finance,7807,814,33,6.98,46.32,260.3,123,21
VID05895,2025-07-21,Relatable College Life #5895,Comedy,1183,107,3,4.67,80.57,88.0,11,20
VID05896,2025-07-21,AI Tools #5896,Tech,3835,174,44,7.43,76.14,290.9,63,12
VID05897,2025-07-21,Parents Be Like #5897,Comedy,7467,623,20,9.56,75.5,353.5,92,18
VID05898,2025-07-21,Gaming Tips #5898,Gaming,29170,2876,205,7.81,56.33,3601.7,484,18
VID05899,2025-07-21,AI Tools #5899,Tech,3387,254,40,6.71,70.79,291.8,51,16
VID05900,2025-07-21,Phone Features You Missed #5900,Tech,8379,227,76,6.18,54.74,920.7,37,20
VID05901,2025-07-21,AI Tools #5901,Tech,3559,300,38,8.93,71.03,273.1,84,20
VID05902,2025-07-21,Gaming Tips #5902,Gaming,36263,2502,62,5.39,47.6,2686.0,184,14
VID05903,2025-07-21,Phone Features You Missed #5903,Tech,11174,486,131,9.4,76.75,354.6,225,20
VID05904,2025-07-21,Gaming Tips #5904,Gaming,10755,963,42,9.56,61.77,385.1,40,19
VID05905,2025-07-22,Budget Lifestyle #5905,Lifestyle,6348,639,16,5.12,58.59,206.1,80,14
VID05906,2025-07-22,Useful Tech Tips #5906,Tech,19881,789,34,5.56,61.97,1327.3,295,22
VID05907,2025-07-22,Funny Family Moments #5907,Comedy,6446,205,32,7.5,72.5,651.1,49,18
VID05908,2025-07-22,Street Food Tour #5908,Food,2480,227,8,8.0,85.37,293.7,21,20
VID05909,2025-07-22,Credit Score Tips #5909,Finance,24562,2580,212,6.93,70.06,1398.0,507,22
VID05910,2025-07-22,Career Tips #5910,Education,28721,731,171,8.93,39.2,2051.6,339,20
VID05911,2025-07-22,Best Places to Visit #5911,Travel,44487,1629,300,8.08,62.3,4768.5,1024,10
VID05912,2025-07-22,Best Friend Problems #5912,Comedy,4982,509,32,6.24,81.73,400.0,37,12
VID05913,2025-07-22,Personal Finance Tips #5913,Finance,11466,899,68,9.67,59.53,622.3,172,21
VID05914,2025-07-22,Exam Preparation Guide #5914,Education,3249,316,16,11.64,49.36,258.0,40,18
VID05915,2025-07-22,Personal Finance Tips #5915,Finance,38066,3222,253,6.62,65.52,3263.9,627,21
VID05916,2025-07-23,Learning Strategies #5916,Education,8498,933,70,10.52,69.63,250.2,46,20
VID05917,2025-07-23,Study Tips That Work #5917,Education,5333,376,42,7.13,56.56,437.2,48,18
VID05918,2025-07-23,Parents Be Like #5918,Comedy,8307,349,81,8.24,66.53,740.2,167,18
VID05919,2025-07-23,Best Places to Visit #5919,Travel,18785,598,247,9.29,61.44,1676.3,324,18
VID05920,2025-07-23,Top Games #5920,Gaming,9957,1012,68,1.5,70.34,1122.6,47,18
VID05921,2025-07-23,Expectation vs Reality #5921,Comedy,9081,533,28,8.92,77.88,1240.0,88,10
VID05922,2025-07-23,Budget Meals #5922,Food,3897,182,23,8.14,70.06,252.1,68,19
VID05923,2025-07-23,Weekend Vlog #5923,Lifestyle,12048,1164,27,3.93,73.85,814.0,209,14
VID05924,2025-07-23,Funny Family Moments #5924,Comedy,15627,1007,131,9.39,66.47,1737.8,231,16
VID05925,2025-07-23,Credit Score Tips #5925,Finance,9612,241,129,8.17,51.8,549.6,54,21
VID05926,2025-07-24,Learning Strategies #5926,Education,18065,1595,93,5.53,60.19,858.5,140,12
VID05927,2025-07-24,Credit Score Tips #5927,Finance,2882,244,34,6.23,78.38,174.9,61,18
VID05928,2025-07-24,Budget Travel Tips #5928,Travel,3582,323,3,5.57,53.07,317.6,15,18
VID05929,2025-07-24,Laptop Buying Guide #5929,Tech,6083,445,24,8.81,50.06,349.4,64,21
VID05930,2025-07-24,Weekend Travel Vlog #5930,Travel,12147,1222,75,6.85,76.13,1052.2,228,18
VID05931,2025-07-24,Expectation vs Reality #5931,Comedy,3238,112,38,8.21,51.21,338.4,52,19
VID05932,2025-07-24,Budget Meals #5932,Food,25031,1524,56,7.29,56.03,1037.9,408,12
VID05933,2025-07-24,Game Challenge #5933,Gaming,11329,734,18,7.68,57.02,1245.4,254,19
VID05934,2025-07-24,Expectation vs Reality #5934,Comedy,58838,6078,520,9.04,52.71,5307.8,771,18
VID05935,2025-07-24,Food Review #5935,Food,1338,63,6,2.28,59.24,150.1,4,8
VID05936,2025-07-25,Budget Lifestyle #5936,Lifestyle,11059,720,66,9.75,56.91,349.6,30,22
VID05937,2025-07-25,Credit Score Tips #5937,Finance,15007,806,164,7.14,40.63,901.7,201,20
VID05938,2025-07-25,Budget Travel Tips #5938,Travel,11026,1141,96,9.05,79.04,386.4,93,14
VID05939,2025-07-25,Travel Mistakes #5939,Travel,17228,903,219,7.85,72.09,1950.2,67,8
VID05940,2025-07-25,Funny Family Moments #5940,Comedy,23341,859,278,12.29,54.61,900.8,164,18
VID05941,2025-07-25,Cooking Tips #5941,Food,5821,198,47,9.75,54.83,482.8,122,22
VID05942,2025-07-25,Tech Hacks #5942,Tech,2005,177,9,8.18,59.2,206.6,25,16
VID05943,2025-07-25,Useful Tech Tips #5943,Tech,23387,2303,166,3.9,45.91,2061.3,418,18
VID05944,2025-07-25,Funny Family Moments #5944,Comedy,9155,813,101,9.31,64.12,308.1,45,18
VID05945,2025-07-25,Day In My Life #5945,Lifestyle,10331,647,82,10.33,81.15,968.1,95,6
VID05946,2025-07-25,Gaming Highlights #5946,Gaming,16923,717,84,9.47,41.66,1258.8,189,22
VID05947,2025-07-26,Productivity Tips #5947,Education,4641,380,23,11.7,44.82,169.8,32,18
VID05948,2025-07-26,Tech Hacks #5948,Tech,9649,401,11,6.17,56.27,933.4,177,19
VID05949,2025-07-26,Exam Preparation Guide #5949,Education,48308,3264,656,9.3,56.12,1349.1,971,20
VID05950,2025-07-26,Street Food Tour #5950,Food,8460,764,111,10.88,66.66,339.1,64,22
VID05951,2025-07-26,Office Comedy #5951,Comedy,13346,914,136,8.16,65.18,867.0,118,20
VID05952,2025-07-26,Game Challenge #5952,Gaming,5256,533,43,2.83,50.49,341.2,101,16
VID05953,2025-07-26,Laptop Buying Guide #5953,Tech,13643,1043,29,5.71,79.35,1450.3,97,12
VID05954,2025-07-26,Morning Routine #5954,Lifestyle,105558,3745,1467,6.16,45.19,6604.7,748,12
VID05955,2025-07-26,Exam Preparation Guide #5955,Education,12801,887,48,9.1,54.27,640.5,259,18
VID05956,2025-07-26,Productivity Tips #5956,Education,10546,727,113,11.76,70.32,1022.6,165,16
VID05957,2025-07-27,Healthy Habits #5957,Lifestyle,2377,85,15,11.31,59.03,136.4,29,16
VID05958,2025-07-27,AI Tools #5958,Tech,29579,1868,288,7.38,62.72,2192.7,293,21
VID05959,2025-07-27,Best Settings #5959,Gaming,14590,1255,198,9.27,46.99,264.5,73,20
VID05960,2025-07-27,Travel Guide #5960,Travel,11703,292,126,6.83,37.52,855.1,76,19
VID05961,2025-07-27,Relatable College Life #5961,Comedy,10980,749,146,4.35,43.55,263.8,145,22
VID05962,2025-07-27,Best Places to Visit #5962,Travel,24782,933,275,9.98,59.77,2642.2,97,18
VID05963,2025-07-27,Expectation vs Reality #5963,Comedy,10027,1014,64,6.58,59.34,398.9,176,21
VID05964,2025-07-27,Healthy Habits #5964,Lifestyle,18512,824,38,10.88,60.39,876.6,181,19
VID05965,2025-07-27,Exam Preparation Guide #5965,Education,25574,1169,323,7.29,77.54,3665.0,100,6
VID05966,2025-07-27,Game Challenge #5966,Gaming,13319,361,31,8.96,60.51,583.3,41,14
VID05967,2025-07-27,Cooking Tips #5967,Food,14763,1262,93,8.45,55.28,684.9,259,21
VID05968,2025-07-28,Weekend Vlog #5968,Lifestyle,10440,569,33,10.82,69.39,1201.3,123,10
VID05969,2025-07-28,Saving Money #5969,Finance,1272,55,13,7.49,90.0,78.6,5,21
VID05970,2025-07-28,Funny Family Moments #5970,Comedy,4983,261,54,11.04,79.47,357.4,94,20
VID05971,2025-07-28,Healthy Habits #5971,Lifestyle,13695,1399,176,7.72,47.17,900.4,54,14
VID05972,2025-07-28,Weekend Vlog #5972,Lifestyle,10960,895,110,9.14,64.17,1091.5,101,18
VID05973,2025-07-28,Best Apps #5973,Tech,10040,354,51,8.35,52.99,532.8,184,19
VID05974,2025-07-28,Budget Lifestyle #5974,Lifestyle,22271,1235,77,8.88,63.63,2805.7,110,16
VID05975,2025-07-28,Travel Mistakes #5975,Travel,3155,154,23,6.39,62.43,171.2,72,21
VID05976,2025-07-28,Budget Travel Tips #5976,Travel,13836,800,192,14.11,61.72,1504.2,204,18
VID05977,2025-07-28,Investment Basics #5977,Finance,20284,966,98,6.54,65.05,2388.2,361,19
VID05978,2025-07-29,Parents Be Like #5978,Comedy,5202,443,41,3.82,57.92,694.0,79,18
VID05979,2025-07-29,Budget Meals #5979,Food,5267,358,34,9.38,66.13,690.5,107,14
VID05980,2025-07-29,Career Tips #5980,Education,5186,394,63,6.72,45.27,101.7,62,14
VID05981,2025-07-29,Budget Lifestyle #5981,Lifestyle,17900,1824,70,6.06,38.68,1011.3,368,20
VID05982,2025-07-29,Relatable College Life #5982,Comedy,7164,592,59,10.27,52.53,413.5,41,22
VID05983,2025-07-29,Credit Score Tips #5983,Finance,1454,120,4,5.47,69.69,119.8,24,21
VID05984,2025-07-29,Weekend Vlog #5984,Lifestyle,26851,2921,43,8.82,48.39,509.0,96,18
VID05985,2025-07-29,Saving Money #5985,Finance,28340,2918,214,11.85,70.75,3424.3,89,6
VID05986,2025-07-29,Daily Routine #5986,Lifestyle,14012,1004,50,5.19,59.77,845.2,305,20
VID05987,2025-07-29,Useful Tech Tips #5987,Tech,17230,1229,128,6.66,47.37,310.0,255,20
VID05988,2025-07-30,Weekend Vlog #5988,Lifestyle,14483,1222,102,5.0,63.06,1109.7,117,12
VID05989,2025-07-30,Relatable College Life #5989,Comedy,18990,1094,257,9.28,72.27,1299.2,195,14
VID05990,2025-07-30,Laptop Buying Guide #5990,Tech,2609,113,14,8.52,46.11,141.8,6,18
VID05991,2025-07-30,Interview Preparation #5991,Education,82827,8806,440,7.59,54.41,7162.5,481,20
VID05992,2025-07-30,Office Comedy #5992,Comedy,2882,250,32,10.07,56.52,335.9,41,21
VID05993,2025-07-30,Interview Preparation #5993,Education,19543,1915,199,6.81,49.2,1363.6,258,22
VID05994,2025-07-30,Relatable College Life #5994,Comedy,2921,165,9,9.23,52.82,242.4,38,19
VID05995,2025-07-30,Phone Features You Missed #5995,Tech,14063,1178,106,8.96,62.91,2137.6,305,12
VID05996,2025-07-30,Useful Tech Tips #5996,Tech,43170,1095,165,6.14,55.89,4541.3,759,10
VID05997,2025-07-30,Expectation vs Reality #5997,Comedy,2068,125,23,7.11,57.67,59.9,37,20
VID05998,2025-07-30,Day In My Life #5998,Lifestyle,8080,703,85,12.63,48.44,562.8,135,10
VID05999,2025-07-31,Best Friend Problems #5999,Comedy,17356,1370,148,6.18,70.36,1044.7,308,12
VID06000,2025-07-31,Tech Hacks #6000,Tech,25706,1739,196,13.45,59.14,828.5,270,20
VID06001,2025-07-31,Saving Money #6001,Finance,5892,269,29,9.03,51.43,313.8,99,16
VID06002,2025-07-31,Expectation vs Reality #6002,Comedy,20188,1926,51,6.99,59.33,2062.1,172,19
VID06003,2025-07-31,Investment Basics #6003,Finance,19259,1415,23,6.11,49.32,1312.6,152,6
VID06004,2025-07-31,Office Comedy #6004,Comedy,13492,1130,47,8.45,81.55,719.4,174,12
VID06005,2025-07-31,Laptop Buying Guide #6005,Tech,8789,810,34,8.7,68.82,1107.4,29,20
VID06006,2025-07-31,Budget Meals #6006,Food,22226,2386,122,11.77,71.84,2740.9,312,18
VID06007,2025-07-31,Parents Be Like #6007,Comedy,8364,631,25,8.39,65.12,417.4,37,10
VID06008,2025-07-31,Investment Basics #6008,Finance,5434,273,64,7.76,55.74,228.4,96,19
VID06009,2025-08-01,Saving Money #6009,Finance,16212,783,13,5.78,62.52,772.4,251,19
VID06010,2025-08-01,Exam Preparation Guide #6010,Education,608,35,1,10.13,36.76,18.5,1,18
VID06011,2025-08-01,Career Tips #6011,Education,12550,910,62,4.01,61.15,1060.5,149,12
VID06012,2025-08-01,Study Tips That Work #6012,Education,3981,159,52,7.77,59.91,357.3,68,22
VID06013,2025-08-01,Useful Tech Tips #6013,Tech,49199,1766,261,8.66,54.32,3892.1,1074,6
VID06014,2025-08-01,Useful Tech Tips #6014,Tech,2569,128,35,8.13,59.03,169.8,56,18
VID06015,2025-08-01,Healthy Habits #6015,Lifestyle,16053,888,159,7.58,59.06,1484.3,134,18
VID06016,2025-08-01,Best Friend Problems #6016,Comedy,2772,233,38,8.22,77.86,363.8,22,14
VID06017,2025-08-01,AI Tools #6017,Tech,2209,94,10,5.35,74.07,241.0,31,12
VID06018,2025-08-01,Game Challenge #6018,Gaming,8424,526,111,5.42,57.27,707.0,109,19
VID06019,2025-08-01,Expectation vs Reality #6019,Comedy,65253,6561,726,9.45,66.09,8411.4,1262,19
VID06020,2025-08-02,Budget Lifestyle #6020,Lifestyle,9184,232,82,6.01,68.58,739.0,125,20
VID06021,2025-08-02,Funny Family Moments #6021,Comedy,10404,749,56,5.15,53.83,234.6,121,6
VID06022,2025-08-02,Office Comedy #6022,Comedy,3483,193,23,7.5,71.8,304.5,43,16
VID06023,2025-08-02,Best Friend Problems #6023,Comedy,3514,284,18,6.28,67.8,251.7,47,21
VID06024,2025-08-02,Food Review #6024,Food,28866,1225,382,7.45,57.7,2239.2,327,22
VID06025,2025-08-02,Relatable College Life #6025,Comedy,31500,1839,365,7.92,53.78,775.3,423,22
VID06026,2025-08-02,Investment Basics #6026,Finance,26887,955,229,8.55,65.65,2338.1,215,23
VID06027,2025-08-02,Parents Be Like #6027,Comedy,3632,252,36,9.74,61.44,262.8,57,21
VID06028,2025-08-02,Food Review #6028,Food,13217,1190,18,6.74,62.03,1492.0,178,16
VID06029,2025-08-02,Career Tips #6029,Education,1858,124,13,4.28,54.92,66.4,11,8
VID06030,2025-08-03,Study Tips That Work #6030,Education,12776,1269,161,5.66,73.39,1263.0,149,16
VID06031,2025-08-03,Food Review #6031,Food,9226,746,109,4.36,66.33,1201.1,94,8
VID06032,2025-08-03,Day In My Life #6032,Lifestyle,1034,41,12,7.35,68.96,107.1,6,16
VID06033,2025-08-03,Budget Planning #6033,Finance,12674,436,65,6.25,42.87,960.5,112,12
VID06034,2025-08-03,Learning Strategies #6034,Education,2395,227,9,10.89,77.21,341.9,13,18
VID06035,2025-08-03,Top Games #6035,Gaming,8127,536,109,6.66,59.34,900.2,181,20
VID06036,2025-08-03,Easy Recipes #6036,Food,1520,78,20,7.31,54.6,160.4,22,12
VID06037,2025-08-03,Morning Routine #6037,Lifestyle,7906,797,68,5.36,51.16,557.9,93,20
VID06038,2025-08-03,Street Food Tour #6038,Food,10916,787,61,6.89,74.1,1095.9,77,18
VID06039,2025-08-03,Saving Money #6039,Finance,5304,435,55,5.72,48.87,458.0,72,22
VID06040,2025-08-04,Morning Routine #6040,Lifestyle,6317,310,55,4.39,60.06,417.7,71,10
VID06041,2025-08-04,Food Review #6041,Food,6404,524,26,8.91,70.94,558.5,138,18
VID06042,2025-08-04,Budget Meals #6042,Food,12741,708,50,5.46,70.71,816.7,156,21
VID06043,2025-08-04,Useful Tech Tips #6043,Tech,17982,1108,72,9.1,75.38,1818.4,229,8
VID06044,2025-08-04,Easy Recipes #6044,Food,1940,59,10,8.2,70.29,179.2,36,19
VID06045,2025-08-04,Day In My Life #6045,Lifestyle,8305,886,74,8.49,66.14,428.8,67,20
VID06046,2025-08-04,Saving Money #6046,Finance,15658,910,194,9.12,64.6,976.9,252,22
VID06047,2025-08-04,Travel Guide #6047,Travel,8481,511,104,11.35,67.96,1064.9,36,20
VID06048,2025-08-04,Morning Routine #6048,Lifestyle,4040,400,37,9.32,67.62,604.9,77,18
VID06049,2025-08-04,Funny Family Moments #6049,Comedy,20427,1438,23,6.22,65.8,2119.4,333,22
VID06050,2025-08-04,Morning Routine #6050,Lifestyle,2612,180,12,7.47,77.42,130.8,40,19
VID06051,2025-08-05,Weekend Travel Vlog #6051,Travel,6413,609,85,9.24,60.89,263.9,96,20
VID06052,2025-08-05,Expectation vs Reality #6052,Comedy,10984,559,20,6.16,77.56,1925.8,260,18
VID06053,2025-08-05,Best Settings #6053,Gaming,5758,270,64,8.31,49.45,201.8,60,14
VID06054,2025-08-05,Credit Score Tips #6054,Finance,7086,635,79,7.29,56.88,229.3,50,18
VID06055,2025-08-05,Hidden Places #6055,Travel,40603,2316,195,6.96,51.52,1052.1,263,21
VID06056,2025-08-05,Learning Strategies #6056,Education,6774,744,60,8.41,69.63,669.2,26,20
VID06057,2025-08-05,Learning Strategies #6057,Education,11391,911,57,9.05,57.17,734.6,32,10
VID06058,2025-08-05,Funny Family Moments #6058,Comedy,7222,488,58,7.47,57.45,867.0,30,14
VID06059,2025-08-05,Useful Tech Tips #6059,Tech,6445,415,55,5.98,56.47,168.5,21,12
VID06060,2025-08-05,Budget Lifestyle #6060,Lifestyle,5828,223,33,7.66,53.5,188.8,27,16
VID06061,2025-08-06,Relatable College Life #6061,Comedy,6953,538,76,8.07,44.55,388.3,38,19
VID06062,2025-08-06,Cooking Tips #6062,Food,7825,466,90,7.17,49.47,346.6,171,19
VID06063,2025-08-06,Weekend Travel Vlog #6063,Travel,86727,8183,236,6.1,43.54,5966.4,1244,19
VID06064,2025-08-06,Easy Recipes #6064,Food,13801,583,71,7.14,47.64,473.4,133,20
VID06065,2025-08-06,Weekend Vlog #6065,Lifestyle,18602,1213,195,7.85,55.48,1614.2,242,20
VID06066,2025-08-06,Saving Money #6066,Finance,4335,438,22,6.23,74.47,294.7,48,10
VID06067,2025-08-06,Office Comedy #6067,Comedy,25218,1545,240,10.35,52.53,1896.9,522,21
VID06068,2025-08-06,Gaming Tips #6068,Gaming,1293,142,10,10.15,56.56,85.3,6,19
VID06069,2025-08-06,Expectation vs Reality #6069,Comedy,13928,1281,18,4.07,76.68,1383.3,61,20
VID06070,2025-08-06,Tech Hacks #6070,Tech,2148,56,1,7.16,78.25,246.3,18,23
VID06071,2025-08-06,Daily Routine #6071,Lifestyle,5937,370,26,8.46,55.49,388.3,40,20
VID06072,2025-08-07,Hidden Places #6072,Travel,18540,1688,200,6.1,61.94,951.9,156,6
VID06073,2025-08-07,Budget Planning #6073,Finance,17519,1005,219,9.17,59.91,491.0,281,18
VID06074,2025-08-07,Best Places to Visit #6074,Travel,17837,480,106,4.65,54.18,670.6,307,18
VID06075,2025-08-07,Exam Preparation Guide #6075,Education,41219,2196,187,6.23,60.91,1610.2,684,6
VID06076,2025-08-07,Investment Basics #6076,Finance,12352,332,71,9.05,43.9,706.9,142,20
VID06077,2025-08-07,Travel Guide #6077,Travel,2602,151,28,10.22,61.67,181.4,37,18
VID06078,2025-08-07,Weekend Travel Vlog #6078,Travel,3364,317,22,8.01,61.87,172.6,73,14
VID06079,2025-08-07,Easy Recipes #6079,Food,6013,632,25,8.2,57.52,467.5,35,20
VID06080,2025-08-07,Gaming Tips #6080,Gaming,24737,2254,54,7.14,58.34,1768.7,108,18
VID06081,2025-08-07,Phone Features You Missed #6081,Tech,4527,120,46,10.38,61.12,555.8,68,19
VID06082,2025-08-08,Office Comedy #6082,Comedy,65032,6801,822,6.82,80.41,9060.9,418,14
VID06083,2025-08-08,Travel Mistakes #6083,Travel,2764,93,36,11.67,57.98,86.2,22,18
VID06084,2025-08-08,Travel Guide #6084,Travel,2120,219,9,9.34,64.94,319.4,8,21
VID06085,2025-08-08,Expectation vs Reality #6085,Comedy,17728,1942,38,5.16,54.31,762.6,106,18
VID06086,2025-08-08,Career Tips #6086,Education,9034,608,55,8.13,55.17,682.4,107,20
VID06087,2025-08-08,AI Tools #6087,Tech,7031,233,87,6.35,43.66,361.9,47,19
VID06088,2025-08-08,Top Games #6088,Gaming,13416,1068,88,9.62,78.46,2051.7,103,21
VID06089,2025-08-08,Parents Be Like #6089,Comedy,15520,1119,207,7.47,72.2,757.0,323,21
VID06090,2025-08-08,Personal Finance Tips #6090,Finance,15804,542,65,4.48,60.37,1802.7,344,20
VID06091,2025-08-08,Funny Family Moments #6091,Comedy,24946,2021,233,2.73,58.46,3340.8,490,14
VID06092,2025-08-09,Funny Family Moments #6092,Comedy,616,54,7,6.62,53.47,50.3,3,20
VID06093,2025-08-09,Learning Strategies #6093,Education,5533,491,31,5.67,49.73,380.7,99,19
VID06094,2025-08-09,Budget Meals #6094,Food,10725,881,89,9.68,66.71,574.1,194,21
VID06095,2025-08-09,Budget Travel Tips #6095,Travel,6569,601,47,8.21,74.08,365.4,129,8
VID06096,2025-08-09,AI Tools #6096,Tech,6946,666,46,11.02,40.09,230.2,100,12
VID06097,2025-08-09,Useful Tech Tips #6097,Tech,10316,697,59,7.2,65.13,276.5,124,20
VID06098,2025-08-09,Money Mistakes #6098,Finance,1413,41,1,11.88,49.5,31.9,25,19
VID06099,2025-08-09,Office Comedy #6099,Comedy,25002,1980,97,11.74,64.07,1109.8,342,18
VID06100,2025-08-09,Day In My Life #6100,Lifestyle,979,27,1,7.34,54.06,31.6,5,18
VID06101,2025-08-09,Best Friend Problems #6101,Comedy,18655,1610,247,5.28,69.41,2163.5,302,14
VID06102,2025-08-09,AI Tools #6102,Tech,32828,1579,104,7.81,56.66,746.1,482,22
VID06103,2025-08-10,Best Apps #6103,Tech,4502,133,9,6.99,53.4,313.3,83,21
VID06104,2025-08-10,Best Restaurants #6104,Food,8015,250,49,8.55,56.03,306.8,127,16
VID06105,2025-08-10,Day In My Life #6105,Lifestyle,13217,855,85,8.88,58.68,1344.6,36,18
VID06106,2025-08-10,Best Friend Problems #6106,Comedy,8962,481,74,10.35,72.7,888.8,150,19
VID06107,2025-08-10,Day In My Life #6107,Lifestyle,18202,1488,226,7.19,59.79,927.5,267,20
VID06108,2025-08-10,Useful Tech Tips #6108,Tech,14562,656,105,4.37,44.93,525.8,281,21
VID06109,2025-08-10,Daily Routine #6109,Lifestyle,5125,321,32,9.41,67.98,341.8,86,20
VID06110,2025-08-10,Useful Tech Tips #6110,Tech,66692,5010,755,8.19,57.77,3738.1,547,19
VID06111,2025-08-10,Hidden Places #6111,Travel,2087,117,5,5.72,60.21,116.4,36,20
VID06112,2025-08-10,Personal Finance Tips #6112,Finance,6541,170,76,6.39,65.19,738.3,70,20
VID06113,2025-08-11,Easy Recipes #6113,Food,24622,1695,341,8.8,68.76,1080.6,570,21
VID06114,2025-08-11,Funny Family Moments #6114,Comedy,2199,189,6,10.48,63.87,91.0,32,22
VID06115,2025-08-11,Best Restaurants #6115,Food,6455,666,23,6.65,67.98,784.7,88,19
VID06116,2025-08-11,Cooking Tips #6116,Food,8528,807,53,10.33,63.74,776.9,144,21
VID06117,2025-08-11,Best Settings #6117,Gaming,11251,350,46,11.56,50.73,791.9,46,16
VID06118,2025-08-11,Daily Routine #6118,Lifestyle,14336,1215,85,8.55,53.12,686.0,115,22
VID06119,2025-08-11,Parents Be Like #6119,Comedy,8360,896,50,4.82,67.09,574.8,42,14
VID06120,2025-08-11,Useful Tech Tips #6120,Tech,7154,757,35,9.07,59.85,885.3,153,22
VID06121,2025-08-11,Personal Finance Tips #6121,Finance,4405,172,47,10.88,60.62,476.3,49,10
VID06122,2025-08-11,Relatable College Life #6122,Comedy,4839,276,5,8.32,61.22,207.7,41,19
VID06123,2025-08-11,Relatable College Life #6123,Comedy,18852,1090,22,7.81,65.11,2017.4,224,6
VID06124,2025-08-12,Office Comedy #6124,Comedy,4060,148,31,11.27,59.67,483.0,23,18
VID06125,2025-08-12,Best Friend Problems #6125,Comedy,19602,1566,106,10.05,76.56,1648.2,425,21
VID06126,2025-08-12,Office Comedy #6126,Comedy,47473,1336,469,11.55,65.7,5870.4,974,21
VID06127,2025-08-12,AI Tools #6127,Tech,17598,1013,25,8.42,57.3,1267.0,286,20
VID06128,2025-08-12,Expectation vs Reality #6128,Comedy,21819,1094,267,5.23,74.81,2187.3,528,20
VID06129,2025-08-12,Funny Family Moments #6129,Comedy,57046,6242,425,10.86,57.66,5753.2,1159,19
VID06130,2025-08-12,Travel Guide #6130,Travel,4409,248,21,9.81,51.28,503.5,23,23
VID06131,2025-08-12,Weekend Vlog #6131,Lifestyle,24889,2296,57,7.98,45.91,629.6,198,18
VID06132,2025-08-12,Travel Mistakes #6132,Travel,3278,230,3,7.66,53.84,119.9,32,22
VID06133,2025-08-12,Credit Score Tips #6133,Finance,6435,574,15,9.28,66.02,314.0,112,14
VID06134,2025-08-13,Street Food Tour #6134,Food,9875,314,80,5.1,70.8,353.4,107,19
VID06135,2025-08-13,Tech Hacks #6135,Tech,52324,5081,570,8.08,84.87,3077.3,672,22
VID06136,2025-08-13,Laptop Buying Guide #6136,Tech,2020,130,5,6.98,77.03,91.7,29,6
VID06137,2025-08-13,Career Tips #6137,Education,9862,544,128,12.49,50.32,488.3,97,21
VID06138,2025-08-13,Best Places to Visit #6138,Travel,5150,542,39,5.45,43.89,206.6,100,16
VID06139,2025-08-13,Interview Preparation #6139,Education,9742,938,43,7.97,64.01,699.9,209,18
VID06140,2025-08-13,Interview Preparation #6140,Education,3935,225,34,10.59,53.57,288.5,63,22
VID06141,2025-08-13,Gaming Highlights #6141,Gaming,9262,342,59,13.27,34.65,501.7,101,21
VID06142,2025-08-13,Relatable College Life #6142,Comedy,36564,2926,188,11.55,69.62,3381.1,539,19
VID06143,2025-08-13,AI Tools #6143,Tech,9086,370,89,7.61,51.78,215.1,83,12
VID06144,2025-08-14,Career Tips #6144,Education,3169,92,12,9.87,50.14,205.7,49,20
VID06145,2025-08-14,Expectation vs Reality #6145,Comedy,16062,802,105,12.19,47.47,801.4,287,6
VID06146,2025-08-14,Exam Preparation Guide #6146,Education,3432,261,14,8.39,67.74,388.3,37,19
VID06147,2025-08-14,Funny Family Moments #6147,Comedy,19173,731,217,6.83,48.62,1111.7,84,20
VID06148,2025-08-14,Productivity Tips #6148,Education,14049,860,11,7.56,48.95,1170.0,78,8
VID06149,2025-08-14,Relatable College Life #6149,Comedy,8562,544,116,6.42,53.94,857.0,141,16
VID06150,2025-08-14,Top Games #6150,Gaming,1982,130,21,5.55,55.25,96.3,35,20
VID06151,2025-08-14,Relatable College Life #6151,Comedy,17935,911,14,8.1,65.5,2135.8,285,19
VID06152,2025-08-14,Weekend Travel Vlog #6152,Travel,29797,1023,44,8.12,76.54,1988.5,111,19
VID06153,2025-08-14,Investment Basics #6153,Finance,72986,7116,813,6.79,62.87,8451.4,1044,21
VID06154,2025-08-14,Gaming Highlights #6154,Gaming,68901,2947,742,10.17,70.9,4936.9,573,21
VID06155,2025-08-15,Cooking Tips #6155,Food,6967,339,24,9.8,55.43,348.2,138,23
VID06156,2025-08-15,Travel Mistakes #6156,Travel,21695,587,83,11.68,36.52,931.7,175,18
VID06157,2025-08-15,Top Games #6157,Gaming,61478,6655,96,8.13,58.58,4186.9,534,22
VID06158,2025-08-15,Day In My Life #6158,Lifestyle,6117,221,69,9.51,41.74,237.7,38,23
VID06159,2025-08-15,Productivity Tips #6159,Education,54585,4010,673,6.8,70.38,3505.6,685,14
VID06160,2025-08-15,Funny Family Moments #6160,Comedy,3424,288,17,9.52,75.12,90.4,55,12
VID06161,2025-08-15,Best Settings #6161,Gaming,9818,757,105,6.5,70.41,754.9,117,12
VID06162,2025-08-15,Healthy Habits #6162,Lifestyle,11845,708,69,9.67,70.27,604.5,248,19
VID06163,2025-08-15,Budget Planning #6163,Finance,18261,784,218,7.78,55.74,2103.8,163,8
VID06164,2025-08-15,Relatable College Life #6164,Comedy,64765,4213,662,5.38,57.01,1635.2,1092,22
VID06165,2025-08-16,Best Restaurants #6165,Food,7611,575,92,5.95,36.94,384.7,156,21
VID06166,2025-08-16,Daily Routine #6166,Lifestyle,19427,682,147,7.93,65.24,711.0,325,20
VID06167,2025-08-16,Cooking Tips #6167,Food,12508,846,158,5.73,61.27,1046.9,238,19
VID06168,2025-08-16,Travel Mistakes #6168,Travel,8924,888,38,8.83,59.36,1068.6,50,20
VID06169,2025-08-16,Money Mistakes #6169,Finance,1431,37,12,11.15,82.82,176.0,35,12
VID06170,2025-08-16,Personal Finance Tips #6170,Finance,13127,1321,64,7.35,53.62,1160.0,175,14
VID06171,2025-08-16,Street Food Tour #6171,Food,6550,274,76,10.89,85.78,366.8,147,16
VID06172,2025-08-16,Beginner Guide #6172,Gaming,17740,1248,154,9.28,48.63,1599.6,288,18
VID06173,2025-08-16,Expectation vs Reality #6173,Comedy,6989,266,77,6.07,72.3,616.2,82,18
VID06174,2025-08-16,Food Review #6174,Food,14181,634,164,9.07,62.67,319.8,308,22
VID06175,2025-08-16,Funny Family Moments #6175,Comedy,2855,233,26,5.7,49.09,103.5,54,20
VID06176,2025-08-17,Saving Money #6176,Finance,30860,1151,35,5.54,73.8,3642.3,343,18
VID06177,2025-08-17,Personal Finance Tips #6177,Finance,12786,435,118,6.29,66.59,402.8,38,14
VID06178,2025-08-17,Morning Routine #6178,Lifestyle,3521,103,12,5.18,50.21,205.1,72,21
VID06179,2025-08-17,Cooking Tips #6179,Food,4574,282,63,1.5,70.14,547.7,48,20
VID06180,2025-08-17,Office Comedy #6180,Comedy,108643,7308,173,8.24,85.08,12069.2,2109,12
VID06181,2025-08-17,Money Mistakes #6181,Finance,138517,14033,770,2.72,76.04,9191.8,417,19
VID06182,2025-08-17,Phone Features You Missed #6182,Tech,5082,290,61,8.39,69.44,684.8,57,14
VID06183,2025-08-17,Relatable College Life #6183,Comedy,12398,896,47,5.97,48.59,808.7,161,6
VID06184,2025-08-17,Best Friend Problems #6184,Comedy,60022,4136,462,9.25,47.34,3324.3,200,20
VID06185,2025-08-17,Parents Be Like #6185,Comedy,9643,573,70,5.62,47.85,264.4,135,21
VID06186,2025-08-18,Best Settings #6186,Gaming,8152,655,59,9.65,63.13,1243.9,70,18
VID06187,2025-08-18,Useful Tech Tips #6187,Tech,54952,5954,274,7.26,69.68,4098.3,1261,20
VID06188,2025-08-18,Travel Mistakes #6188,Travel,44537,3831,517,7.4,66.72,6812.4,521,18
VID06189,2025-08-18,Gaming Highlights #6189,Gaming,6124,439,42,10.78,52.46,400.7,79,18
VID06190,2025-08-18,Morning Routine #6190,Lifestyle,1618,161,4,10.22,59.44,203.9,31,12
VID06191,2025-08-18,Easy Recipes #6191,Food,26445,2189,225,8.77,76.97,1256.6,468,16
VID06192,2025-08-18,Expectation vs Reality #6192,Comedy,4612,154,26,8.26,65.24,120.2,90,23
VID06193,2025-08-18,Interview Preparation #6193,Education,16885,880,193,9.27,56.88,1631.4,306,19
VID06194,2025-08-18,Parents Be Like #6194,Comedy,16569,1800,44,7.32,45.14,747.7,116,10
VID06195,2025-08-18,Travel Mistakes #6195,Travel,3251,330,21,11.34,68.93,292.6,66,14
VID06196,2025-08-19,Relatable College Life #6196,Comedy,4547,464,13,6.45,55.44,357.9,62,20
VID06197,2025-08-19,Useful Tech Tips #6197,Tech,9851,491,116,7.04,65.67,1145.7,195,18
VID06198,2025-08-19,Hidden Places #6198,Travel,14481,1110,164,5.6,79.43,2425.6,199,22
VID06199,2025-08-19,Laptop Buying Guide #6199,Tech,11641,883,80,8.4,43.28,438.7,116,23
VID06200,2025-08-19,Best Friend Problems #6200,Comedy,15858,1713,182,6.5,57.17,1064.3,110,16
VID06201,2025-08-19,Gaming Tips #6201,Gaming,34973,1213,175,8.42,57.63,4596.7,308,8
VID06202,2025-08-19,Best Settings #6202,Gaming,3740,96,52,8.44,75.52,434.9,84,12
VID06203,2025-08-19,Gaming Tips #6203,Gaming,17473,516,29,10.64,57.02,635.5,330,10
VID06204,2025-08-19,Tech Hacks #6204,Tech,10905,1004,101,8.0,55.26,977.0,218,22
VID06205,2025-08-19,Travel Guide #6205,Travel,11958,1191,99,9.3,69.51,1098.4,288,12
VID06206,2025-08-19,Best Settings #6206,Gaming,13139,500,151,7.36,43.05,532.5,254,21
VID06207,2025-08-20,Parents Be Like #6207,Comedy,14841,958,173,6.75,59.45,585.5,319,18
VID06208,2025-08-20,Funny Family Moments #6208,Comedy,13082,764,130,6.19,77.87,1646.1,133,22
VID06209,2025-08-20,Top Games #6209,Gaming,47079,1672,389,7.2,74.52,2271.4,146,12
VID06210,2025-08-20,Gaming Highlights #6210,Gaming,10748,393,127,8.57,60.18,333.8,73,18
VID06211,2025-08-20,Top Games #6211,Gaming,16159,1452,192,4.13,53.4,1191.5,319,20
VID06212,2025-08-20,Relatable College Life #6212,Comedy,34114,2266,431,5.98,62.89,2802.2,440,19
VID06213,2025-08-20,Daily Routine #6213,Lifestyle,12605,909,125,10.59,62.3,593.4,268,18
VID06214,2025-08-20,Expectation vs Reality #6214,Comedy,4694,128,46,7.32,66.71,452.9,77,21
VID06215,2025-08-20,Parents Be Like #6215,Comedy,24404,880,312,12.75,54.22,2338.4,445,23
VID06216,2025-08-20,Weekend Vlog #6216,Lifestyle,9326,283,87,4.03,42.83,697.6,82,18
VID06217,2025-08-21,Healthy Habits #6217,Lifestyle,8095,745,52,8.94,69.51,479.3,24,20
VID06218,2025-08-21,Tech Hacks #6218,Tech,52399,3284,219,10.53,52.08,5396.3,343,20
VID06219,2025-08-21,Money Mistakes #6219,Finance,15851,1016,184,7.33,40.66,1585.3,287,19
VID06220,2025-08-21,Best Settings #6220,Gaming,8688,574,23,10.44,56.63,226.4,104,6
VID06221,2025-08-21,Expectation vs Reality #6221,Comedy,12396,900,33,4.43,72.5,1130.0,230,20
VID06222,2025-08-21,Street Food Tour #6222,Food,2647,206,34,7.59,64.25,100.4,13,14
VID06223,2025-08-21,Hidden Places #6223,Travel,3610,327,13,7.26,55.51,84.4,64,20
VID06224,2025-08-21,Street Food Tour #6224,Food,1608,106,19,3.89,80.35,250.6,6,18
VID06225,2025-08-21,Healthy Habits #6225,Lifestyle,20403,1612,52,6.88,49.43,1531.3,260,10
VID06226,2025-08-21,Expectation vs Reality #6226,Comedy,1463,49,13,7.08,67.09,49.3,20,21
VID06227,2025-08-22,Saving Money #6227,Finance,5540,445,54,7.04,69.11,256.1,92,20
VID06228,2025-08-22,Expectation vs Reality #6228,Comedy,6078,559,42,10.65,49.65,365.8,57,10
VID06229,2025-08-22,Cooking Tips #6229,Food,16454,903,96,5.58,73.07,499.2,181,10
VID06230,2025-08-22,Funny Family Moments #6230,Comedy,12249,1254,19,10.08,47.73,533.7,50,14
VID06231,2025-08-22,Game Challenge #6231,Gaming,14493,1370,157,10.11,67.0,2079.9,81,14
VID06232,2025-08-22,Funny Family Moments #6232,Comedy,32342,2473,238,9.68,68.12,2791.4,759,20
VID06233,2025-08-22,Morning Routine #6233,Lifestyle,105527,3954,649,9.05,84.48,15043.2,1394,19
VID06234,2025-08-22,Parents Be Like #6234,Comedy,1034,30,5,7.13,60.8,86.4,12,23
VID06235,2025-08-22,Tech Hacks #6235,Tech,3573,149,31,9.0,47.43,276.3,51,18
VID06236,2025-08-22,Parents Be Like #6236,Comedy,6906,342,62,7.04,59.54,285.2,113,19
VID06237,2025-08-22,Healthy Habits #6237,Lifestyle,6939,317,35,5.87,48.11,238.4,40,18
VID06238,2025-08-23,Travel Mistakes #6238,Travel,7227,726,50,5.69,61.1,246.6,167,22
VID06239,2025-08-23,Budget Meals #6239,Food,11327,1131,25,5.77,55.96,434.5,147,22
VID06240,2025-08-23,Productivity Tips #6240,Education,2485,270,22,8.49,50.51,172.6,32,19
VID06241,2025-08-23,Expectation vs Reality #6241,Comedy,2247,162,10,11.67,74.4,279.9,29,18
VID06242,2025-08-23,Best Friend Problems #6242,Comedy,2766,258,7,4.98,69.15,289.7,27,19
VID06243,2025-08-23,Weekend Vlog #6243,Lifestyle,7971,790,89,4.85,70.99,797.0,73,12
VID06244,2025-08-23,Parents Be Like #6244,Comedy,11086,929,91,3.35,55.58,1041.3,95,23
VID06245,2025-08-23,Funny Family Moments #6245,Comedy,15774,1494,66,6.59,64.49,1930.1,364,22
VID06246,2025-08-23,Productivity Tips #6246,Education,27896,2156,63,10.02,61.71,1217.4,410,21
VID06247,2025-08-23,Budget Lifestyle #6247,Lifestyle,36146,1756,201,6.27,52.21,1510.6,308,18
VID06248,2025-08-24,Expectation vs Reality #6248,Comedy,41585,4467,101,9.88,67.44,1382.1,895,21
VID06249,2025-08-24,Office Comedy #6249,Comedy,6827,226,37,9.85,88.32,757.4,175,23
VID06250,2025-08-24,Office Comedy #6250,Comedy,15793,884,102,9.28,59.36,1249.9,173,12
VID06251,2025-08-24,Budget Meals #6251,Food,12362,1001,79,5.96,48.44,1122.3,187,20
VID06252,2025-08-24,Budget Planning #6252,Finance,9495,646,92,10.96,64.9,385.8,208,20
VID06253,2025-08-24,Investment Basics #6253,Finance,4925,199,65,8.1,62.72,240.4,91,14
VID06254,2025-08-24,Useful Tech Tips #6254,Tech,50228,1778,686,7.36,60.69,3391.9,234,21
VID06255,2025-08-24,Weekend Vlog #6255,Lifestyle,7402,761,92,9.82,63.86,223.1,50,12
VID06256,2025-08-24,Morning Routine #6256,Lifestyle,103984,6952,1409,7.8,66.04,12267.8,892,10
VID06257,2025-08-24,Productivity Tips #6257,Education,1723,116,14,10.16,72.19,86.0,35,10
VID06258,2025-08-24,Funny Family Moments #6258,Comedy,43512,3413,509,9.96,50.79,1297.3,266,12
VID06259,2025-08-25,Expectation vs Reality #6259,Comedy,51020,2860,125,10.77,48.73,1598.1,451,10
VID06260,2025-08-25,Credit Score Tips #6260,Finance,2726,74,35,5.51,59.3,254.2,61,22
VID06261,2025-08-25,Day In My Life #6261,Lifestyle,1539,158,5,6.99,61.23,116.4,4,8
VID06262,2025-08-25,Daily Routine #6262,Lifestyle,7238,320,75,9.12,70.13,950.9,127,19
VID06263,2025-08-25,Weekend Vlog #6263,Lifestyle,10641,424,126,8.31,41.53,650.2,48,19
VID06264,2025-08-25,AI Tools #6264,Tech,7976,811,34,12.12,57.52,585.3,105,16
VID06265,2025-08-25,Travel Mistakes #6265,Travel,23059,1661,294,11.09,73.88,2857.2,118,20
VID06266,2025-08-25,Budget Planning #6266,Finance,27407,2742,88,9.63,62.27,2286.7,106,18
VID06267,2025-08-25,Saving Money #6267,Finance,9199,985,87,7.18,67.87,1031.4,32,21
VID06268,2025-08-25,Top Games #6268,Gaming,13931,426,26,11.33,54.79,979.9,62,21
VID06269,2025-08-26,Best Friend Problems #6269,Comedy,37561,3570,143,9.66,82.46,4968.0,939,20
VID06270,2025-08-26,Investment Basics #6270,Finance,8732,733,30,10.08,60.56,768.5,195,21
VID06271,2025-08-26,Productivity Tips #6271,Education,2905,107,30,4.78,59.59,410.3,42,18
VID06272,2025-08-26,Travel Guide #6272,Travel,37939,4014,374,10.61,49.11,1693.8,498,20
VID06273,2025-08-26,Funny Family Moments #6273,Comedy,28067,1934,23,7.35,60.38,3396.9,562,22
VID06274,2025-08-26,Funny Family Moments #6274,Comedy,16362,766,148,8.21,64.84,1883.3,187,19
VID06275,2025-08-26,Gaming Tips #6275,Gaming,18213,617,152,6.11,67.5,1838.3,290,16
VID06276,2025-08-26,Food Review #6276,Food,4355,291,59,10.33,66.03,370.9,56,21
VID06277,2025-08-26,Best Places to Visit #6277,Travel,13008,360,170,7.29,40.19,484.6,162,23
VID06278,2025-08-26,Relatable College Life #6278,Comedy,74359,6868,224,8.08,57.4,3769.5,571,20
VID06279,2025-08-27,Parents Be Like #6279,Comedy,27325,2435,217,6.43,80.58,2836.4,195,14
VID06280,2025-08-27,Game Challenge #6280,Gaming,3592,319,26,7.77,80.26,514.8,77,22
VID06281,2025-08-27,Travel Mistakes #6281,Travel,7180,614,69,8.78,50.18,617.4,138,19
VID06282,2025-08-27,Best Restaurants #6282,Food,15334,1479,28,7.41,72.55,1383.4,368,12
VID06283,2025-08-27,Tech Hacks #6283,Tech,22137,720,86,6.74,42.69,1551.1,461,12
VID06284,2025-08-27,Gaming Highlights #6284,Gaming,14889,1201,79,8.94,58.62,706.2,126,22
VID06285,2025-08-27,Interview Preparation #6285,Education,17422,725,181,8.35,63.81,1618.3,346,20
VID06286,2025-08-27,Interview Preparation #6286,Education,18358,1356,81,6.44,63.23,534.0,185,18
VID06287,2025-08-27,Phone Features You Missed #6287,Tech,21277,2302,74,4.51,52.48,895.2,438,19
VID06288,2025-08-27,Phone Features You Missed #6288,Tech,17584,615,87,6.59,58.23,693.5,247,16
VID06289,2025-08-27,Learning Strategies #6289,Education,46603,1630,509,8.91,62.08,2054.6,160,20
VID06290,2025-08-28,Food Review #6290,Food,6776,603,72,6.91,63.53,606.6,137,19
VID06291,2025-08-28,Learning Strategies #6291,Education,4519,312,56,3.89,46.27,336.1,30,20
VID06292,2025-08-28,Daily Routine #6292,Lifestyle,5562,456,45,5.34,46.48,258.6,51,21
VID06293,2025-08-28,Useful Tech Tips #6293,Tech,3432,351,28,8.02,53.08,221.3,72,22
VID06294,2025-08-28,Parents Be Like #6294,Comedy,1564,114,21,10.02,45.95,130.6,15,21
VID06295,2025-08-28,AI Tools #6295,Tech,7857,210,70,6.33,59.39,612.8,85,18
VID06296,2025-08-28,Study Tips That Work #6296,Education,9993,843,133,5.39,47.98,193.8,186,8
VID06297,2025-08-28,Best Friend Problems #6297,Comedy,42240,4123,109,5.76,72.19,5560.0,874,19
VID06298,2025-08-28,Food Review #6298,Food,7037,540,91,5.1,83.57,257.5,126,20
VID06299,2025-08-28,Laptop Buying Guide #6299,Tech,7728,588,87,7.8,52.22,710.5,86,20
VID06300,2025-08-29,Expectation vs Reality #6300,Comedy,22322,1276,79,7.82,63.26,2337.9,484,23
VID06301,2025-08-29,Best Apps #6301,Tech,9499,963,67,7.57,51.68,897.6,192,12
VID06302,2025-08-29,Food Review #6302,Food,9377,504,73,7.64,56.31,567.6,52,12
VID06303,2025-08-29,Morning Routine #6303,Lifestyle,5206,346,67,7.26,52.55,263.2,78,16
VID06304,2025-08-29,Office Comedy #6304,Comedy,12913,1068,61,8.59,75.84,775.0,296,14
VID06305,2025-08-29,Budget Meals #6305,Food,38166,2105,42,10.98,66.54,1175.5,822,14
VID06306,2025-08-29,Morning Routine #6306,Lifestyle,29040,776,213,12.02,55.51,1099.4,535,16
VID06307,2025-08-29,Best Friend Problems #6307,Comedy,42328,3994,167,9.17,58.97,3712.0,748,21
VID06308,2025-08-29,Tech Hacks #6308,Tech,9657,957,91,6.39,70.04,534.8,170,12
VID06309,2025-08-29,Travel Guide #6309,Travel,18559,1841,35,9.18,78.6,2573.4,465,16
VID06310,2025-08-29,Weekend Vlog #6310,Lifestyle,19115,1637,80,7.8,62.29,1855.0,330,14
VID06311,2025-08-30,Learning Strategies #6311,Education,22904,1398,78,8.36,54.24,603.8,215,20
VID06312,2025-08-30,Daily Routine #6312,Lifestyle,14984,1455,57,7.62,47.51,366.9,230,10
VID06313,2025-08-30,Exam Preparation Guide #6313,Education,49286,4046,50,8.7,50.5,5075.7,443,19
VID06314,2025-08-30,Career Tips #6314,Education,3277,241,2,13.06,66.95,115.5,19,19
VID06315,2025-08-30,Parents Be Like #6315,Comedy,22755,2097,76,10.42,58.87,719.7,80,20
VID06316,2025-08-30,Travel Mistakes #6316,Travel,50802,1519,108,4.09,55.97,5676.4,237,19
VID06317,2025-08-30,Top Games #6317,Gaming,5295,138,20,7.03,58.25,656.7,54,21
VID06318,2025-08-30,Hidden Places #6318,Travel,15617,1681,69,10.76,53.84,1572.0,76,21
VID06319,2025-08-30,Budget Lifestyle #6319,Lifestyle,41866,3537,443,8.89,53.52,2557.9,452,18
VID06320,2025-08-30,Expectation vs Reality #6320,Comedy,6557,678,58,6.29,69.0,244.4,39,20
VID06321,2025-08-31,AI Tools #6321,Tech,9154,491,101,6.31,58.24,513.2,193,14
VID06322,2025-08-31,Study Tips That Work #6322,Education,46814,2926,194,8.44,77.96,1948.6,440,16
VID06323,2025-08-31,Game Challenge #6323,Gaming,3182,89,23,8.03,67.27,452.9,27,19
VID06324,2025-08-31,Phone Features You Missed #6324,Tech,4874,281,63,3.09,55.97,402.8,65,22
VID06325,2025-08-31,Funny Family Moments #6325,Comedy,3728,319,13,6.02,67.38,251.7,86,21
VID06326,2025-08-31,Funny Family Moments #6326,Comedy,16128,621,192,8.15,57.66,1085.7,299,14
VID06327,2025-08-31,Tech Hacks #6327,Tech,18151,657,68,8.82,69.22,2607.1,343,12
VID06328,2025-08-31,Productivity Tips #6328,Education,7858,283,80,8.92,65.1,544.2,81,19
VID06329,2025-08-31,Best Settings #6329,Gaming,7442,653,68,6.36,52.91,434.2,165,20
VID06330,2025-08-31,Learning Strategies #6330,Education,2304,237,2,10.51,72.59,78.2,42,10
VID06331,2025-09-01,Morning Routine #6331,Lifestyle,8120,291,13,7.71,56.6,586.4,36,20
VID06332,2025-09-01,Cooking Tips #6332,Food,25685,1063,112,10.91,71.56,2230.4,601,6
VID06333,2025-09-01,Food Review #6333,Food,11156,541,135,4.92,57.96,376.9,179,21
VID06334,2025-09-01,Hidden Places #6334,Travel,16080,1708,52,5.4,49.89,515.3,112,8
VID06335,2025-09-01,Beginner Guide #6335,Gaming,21805,757,57,8.73,71.32,2432.9,397,21
VID06336,2025-09-01,Office Comedy #6336,Comedy,21624,1668,252,8.78,55.33,1647.3,276,12
VID06337,2025-09-01,Food Review #6337,Food,11435,1186,139,6.57,71.32,1029.4,163,14
VID06338,2025-09-01,Best Settings #6338,Gaming,28671,2227,123,7.3,54.77,2642.3,134,21
VID06339,2025-09-01,Best Friend Problems #6339,Comedy,17858,1630,207,7.43,79.01,1305.1,187,12
VID06340,2025-09-01,AI Tools #6340,Tech,5231,280,14,8.66,46.97,483.2,87,20
VID06341,2025-09-01,Daily Routine #6341,Lifestyle,5099,453,68,8.4,54.29,196.7,60,19
VID06342,2025-09-02,Best Places to Visit #6342,Travel,24217,1656,332,7.16,59.1,1583.3,280,19
VID06343,2025-09-02,Budget Meals #6343,Food,15064,1229,50,8.35,65.04,458.6,201,6
VID06344,2025-09-02,Top Games #6344,Gaming,16593,1386,204,9.6,63.16,918.6,350,18
VID06345,2025-09-02,Budget Planning #6345,Finance,8992,917,93,6.67,55.91,499.5,137,20
VID06346,2025-09-02,Top Games #6346,Gaming,3181,285,5,8.4,46.47,119.0,13,19
VID06347,2025-09-02,Funny Family Moments #6347,Comedy,5935,390,52,1.55,41.02,311.3,103,21
VID06348,2025-09-02,Weekend Travel Vlog #6348,Travel,9682,890,103,10.45,66.4,503.4,174,23
VID06349,2025-09-02,Gaming Tips #6349,Gaming,25797,878,254,9.83,58.08,2108.5,503,16
VID06350,2025-09-02,Budget Travel Tips #6350,Travel,7857,540,86,6.25,72.93,723.5,115,14
VID06351,2025-09-02,Easy Recipes #6351,Food,11719,565,107,9.2,67.2,1543.8,190,12
VID06352,2025-09-03,Beginner Guide #6352,Gaming,3667,136,16,9.61,75.89,149.4,37,16
VID06353,2025-09-03,Laptop Buying Guide #6353,Tech,4543,268,55,9.47,55.78,508.0,77,8
VID06354,2025-09-03,Phone Features You Missed #6354,Tech,9601,1029,55,8.32,74.31,687.9,100,22
VID06355,2025-09-03,Interview Preparation #6355,Education,7097,586,33,11.33,66.93,672.6,86,23
VID06356,2025-09-03,Top Games #6356,Gaming,3508,188,26,10.49,52.78,259.4,58,16
VID06357,2025-09-03,Tech Hacks #6357,Tech,74869,4014,222,8.33,47.02,3565.7,809,22
VID06358,2025-09-03,Relatable College Life #6358,Comedy,7756,472,69,5.62,67.79,311.2,177,22
VID06359,2025-09-03,Money Mistakes #6359,Finance,9259,802,18,11.17,64.01,1023.3,78,8
VID06360,2025-09-03,Funny Family Moments #6360,Comedy,24240,725,280,8.11,65.86,1121.7,106,16
VID06361,2025-09-03,Best Restaurants #6361,Food,7241,575,67,5.01,66.09,487.9,68,19
VID06362,2025-09-03,Money Mistakes #6362,Finance,13687,659,64,11.8,73.85,577.2,211,16
VID06363,2025-09-04,Best Friend Problems #6363,Comedy,2907,300,27,9.01,62.7,322.8,67,14
VID06364,2025-09-04,Gaming Highlights #6364,Gaming,15020,632,110,5.75,47.06,553.6,180,23
VID06365,2025-09-04,Food Review #6365,Food,4913,204,10,8.67,44.78,348.3,92,21
VID06366,2025-09-04,Career Tips #6366,Education,4321,322,45,8.57,56.17,549.8,43,23
VID06367,2025-09-04,Best Friend Problems #6367,Comedy,65608,6254,665,5.93,46.44,4198.8,1237,14
VID06368,2025-09-04,Parents Be Like #6368,Comedy,27230,1914,305,9.25,55.69,3044.2,259,22
VID06369,2025-09-04,Expectation vs Reality #6369,Comedy,4770,522,7,6.12,73.58,533.7,36,12
VID06370,2025-09-04,Best Restaurants #6370,Food,10354,864,104,5.02,54.7,901.9,199,16
VID06371,2025-09-04,Best Friend Problems #6371,Comedy,13568,610,53,5.74,67.94,1526.4,275,22
VID06372,2025-09-04,Office Comedy #6372,Comedy,205912,16166,413,5.6,53.53,14089.4,889,16
VID06373,2025-09-05,Daily Routine #6373,Lifestyle,20225,1153,36,5.99,41.41,892.1,119,12
VID06374,2025-09-05,Morning Routine #6374,Lifestyle,12111,418,24,9.45,67.04,894.1,47,16
VID06375,2025-09-05,Cooking Tips #6375,Food,21159,1011,120,7.39,67.32,2775.9,455,23
VID06376,2025-09-05,Relatable College Life #6376,Comedy,6532,319,79,9.09,74.39,587.0,69,22
VID06377,2025-09-05,Productivity Tips #6377,Education,21454,2276,217,8.89,60.18,640.5,390,10
VID06378,2025-09-05,Investment Basics #6378,Finance,4809,153,14,7.26,64.37,294.6,30,12
VID06379,2025-09-05,Best Settings #6379,Gaming,10058,923,84,2.82,78.52,1141.7,65,12
VID06380,2025-09-05,Best Friend Problems #6380,Comedy,14142,1246,95,5.77,28.27,451.3,241,22
VID06381,2025-09-05,Best Friend Problems #6381,Comedy,17643,1692,89,8.03,54.25,1350.1,239,20
VID06382,2025-09-05,Study Tips That Work #6382,Education,1632,135,11,9.03,45.4,110.6,8,8
VID06383,2025-09-06,AI Tools #6383,Tech,3387,309,19,8.22,65.97,165.6,70,20
VID06384,2025-09-06,Funny Family Moments #6384,Comedy,15387,1313,160,8.72,70.77,1533.3,368,8
VID06385,2025-09-06,Productivity Tips #6385,Education,8068,474,103,11.83,41.3,327.5,29,18
VID06386,2025-09-06,Travel Guide #6386,Travel,3567,256,3,11.99,66.86,458.8,65,12
VID06387,2025-09-06,Study Tips That Work #6387,Education,6459,574,7,8.89,65.88,378.1,144,18
VID06388,2025-09-06,Saving Money #6388,Finance,4274,344,29,6.39,50.31,383.6,75,8
VID06389,2025-09-06,Cooking Tips #6389,Food,26164,2534,220,5.91,42.84,524.7,325,19
VID06390,2025-09-06,Expectation vs Reality #6390,Comedy,6993,484,29,8.48,44.47,192.9,61,10
VID06391,2025-09-06,Study Tips That Work #6391,Education,13832,1259,135,4.72,65.05,832.4,243,20
VID06392,2025-09-06,Study Tips That Work #6392,Education,14375,1146,107,7.92,53.92,1511.9,103,21
VID06393,2025-09-06,Best Places to Visit #6393,Travel,4805,128,42,4.87,54.33,406.1,21,20
VID06394,2025-09-07,Hidden Places #6394,Travel,110659,4072,1053,12.87,61.74,5952.9,1119,19
VID06395,2025-09-07,Beginner Guide #6395,Gaming,3656,298,40,7.63,51.88,358.8,30,16
VID06396,2025-09-07,Relatable College Life #6396,Comedy,4689,351,32,9.31,46.54,307.0,80,16
VID06397,2025-09-07,Study Tips That Work #6397,Education,5319,212,61,9.76,46.48,471.2,40,20
VID06398,2025-09-07,Best Apps #6398,Tech,11699,721,51,11.79,49.63,667.0,174,8
VID06399,2025-09-07,Travel Guide #6399,Travel,4622,258,35,11.44,63.1,649.2,38,12
VID06400,2025-09-07,Budget Travel Tips #6400,Travel,33095,3609,266,7.67,53.64,2218.0,661,20
VID06401,2025-09-07,Money Mistakes #6401,Finance,703,55,4,5.0,39.95,36.8,5,20
VID06402,2025-09-07,Easy Recipes #6402,Food,3852,298,45,6.84,50.18,259.2,53,12
VID06403,2025-09-07,Cooking Tips #6403,Food,6359,522,58,10.78,64.7,441.6,43,19
VID06404,2025-09-08,Beginner Guide #6404,Gaming,11473,1251,76,8.25,57.61,911.4,240,18
VID06405,2025-09-08,Funny Family Moments #6405,Comedy,12277,679,102,10.58,81.09,1838.3,156,18
VID06406,2025-09-08,Productivity Tips #6406,Education,16333,1634,36,5.25,72.81,2318.2,73,21
VID06407,2025-09-08,Office Comedy #6407,Comedy,29930,2363,349,7.85,64.24,3641.3,681,21
VID06408,2025-09-08,Gaming Highlights #6408,Gaming,14649,884,160,9.48,60.72,1015.5,116,14
VID06409,2025-09-08,Useful Tech Tips #6409,Tech,75254,8022,514,6.34,53.56,5461.5,1114,18
VID06410,2025-09-08,Gaming Tips #6410,Gaming,5438,290,68,7.12,46.15,377.6,71,8
VID06411,2025-09-08,Useful Tech Tips #6411,Tech,8824,966,7,6.78,63.16,693.4,55,19
VID06412,2025-09-08,AI Tools #6412,Tech,8254,569,19,4.81,58.42,288.9,89,20
VID06413,2025-09-08,Funny Family Moments #6413,Comedy,15101,1542,170,9.84,59.17,578.5,84,16
VID06414,2025-09-08,Top Games #6414,Gaming,15021,1634,62,10.31,53.48,1469.2,213,18
VID06415,2025-09-09,Weekend Travel Vlog #6415,Travel,8102,600,93,8.39,65.17,745.8,39,20
VID06416,2025-09-09,Best Apps #6416,Tech,80077,3039,773,10.21,31.79,4241.9,918,20
VID06417,2025-09-09,Saving Money #6417,Finance,21219,2048,92,5.3,62.51,1035.4,287,19
VID06418,2025-09-09,Day In My Life #6418,Lifestyle,20932,1236,114,7.22,56.42,2358.4,197,21
VID06419,2025-09-09,Productivity Tips #6419,Education,32419,1045,250,7.29,74.16,2215.6,507,22
VID06420,2025-09-09,Best Friend Problems #6420,Comedy,22472,2361,301,6.57,77.98,3268.3,113,21
VID06421,2025-09-09,Personal Finance Tips #6421,Finance,21489,943,222,7.4,55.75,2462.9,143,22
VID06422,2025-09-09,Productivity Tips #6422,Education,7060,566,13,10.67,47.61,264.6,30,21
VID06423,2025-09-09,Gaming Highlights #6423,Gaming,6332,558,86,9.2,57.27,675.3,126,19
VID06424,2025-09-09,Best Places to Visit #6424,Travel,12253,1092,96,5.61,73.23,1066.7,252,20
VID06425,2025-09-10,Learning Strategies #6425,Education,29673,2160,302,9.26,40.44,2277.3,225,19
VID06426,2025-09-10,Productivity Tips #6426,Education,3613,201,3,7.2,81.34,570.8,14,10
VID06427,2025-09-10,Game Challenge #6427,Gaming,3549,390,47,8.05,50.46,278.5,37,10
VID06428,2025-09-10,AI Tools #6428,Tech,9066,557,7,9.65,56.38,820.4,118,21
VID06429,2025-09-10,Weekend Travel Vlog #6429,Travel,9499,421,85,7.95,49.82,657.5,149,14
VID06430,2025-09-10,Career Tips #6430,Education,10156,927,40,8.29,46.15,766.4,107,14
VID06431,2025-09-10,Weekend Vlog #6431,Lifestyle,48482,3529,626,8.29,67.57,1686.7,210,12
VID06432,2025-09-10,Expectation vs Reality #6432,Comedy,17562,1912,147,7.25,59.78,1441.6,79,19
VID06433,2025-09-10,Productivity Tips #6433,Education,11522,622,87,9.3,49.81,548.9,189,21
VID06434,2025-09-10,Credit Score Tips #6434,Finance,11079,535,57,9.77,86.54,1535.0,240,14
VID06435,2025-09-11,Daily Routine #6435,Lifestyle,2823,128,19,6.1,56.97,292.7,21,21
VID06436,2025-09-11,Relatable College Life #6436,Comedy,12806,565,159,10.06,72.55,1342.8,208,23
VID06437,2025-09-11,Game Challenge #6437,Gaming,39677,3188,339,8.55,58.39,2420.7,655,19
VID06438,2025-09-11,Interview Preparation #6438,Education,21314,639,32,7.5,60.16,1986.8,430,23
VID06439,2025-09-11,Daily Routine #6439,Lifestyle,1215,60,12,8.26,58.23,74.1,8,19
VID06440,2025-09-11,Saving Money #6440,Finance,4122,276,51,6.08,57.04,478.6,43,16
VID06441,2025-09-11,Weekend Travel Vlog #6441,Travel,5012,180,15,11.22,39.07,174.3,74,12
VID06442,2025-09-11,Laptop Buying Guide #6442,Tech,13793,897,111,8.15,51.42,856.1,41,22
VID06443,2025-09-11,Travel Mistakes #6443,Travel,5381,403,50,9.19,70.78,356.3,105,20
VID06444,2025-09-11,Daily Routine #6444,Lifestyle,9656,613,58,6.33,64.71,922.3,55,18
VID06445,2025-09-11,Daily Routine #6445,Lifestyle,15217,728,197,10.24,65.12,1109.2,311,8
VID06446,2025-09-12,Healthy Habits #6446,Lifestyle,2992,97,36,4.36,64.26,359.5,37,6
VID06447,2025-09-12,Budget Lifestyle #6447,Lifestyle,10499,844,11,8.67,77.96,1504.7,196,18
VID06448,2025-09-12,Expectation vs Reality #6448,Comedy,45664,3661,597,4.01,64.65,4558.7,871,18
VID06449,2025-09-12,Funny Family Moments #6449,Comedy,19696,1253,91,8.67,60.57,1703.3,233,20
VID06450,2025-09-12,Game Challenge #6450,Gaming,12064,728,79,7.25,51.94,1290.9,35,21
VID06451,2025-09-12,Learning Strategies #6451,Education,4000,155,16,8.73,42.12,144.1,16,18
VID06452,2025-09-12,Parents Be Like #6452,Comedy,1496,50,4,8.25,67.82,98.1,16,16
VID06453,2025-09-12,Travel Mistakes #6453,Travel,1876,193,3,8.41,60.26,192.1,30,16
VID06454,2025-09-12,Travel Mistakes #6454,Travel,47589,1532,483,7.61,62.14,4679.0,139,16
VID06455,2025-09-12,Gaming Tips #6455,Gaming,13707,926,15,6.37,47.11,920.3,284,12
VID06456,2025-09-13,Parents Be Like #6456,Comedy,7624,625,54,9.16,59.11,422.1,84,18
VID06457,2025-09-13,Weekend Travel Vlog #6457,Travel,14595,764,202,7.4,55.22,751.9,109,18
VID06458,2025-09-13,Office Comedy #6458,Comedy,9536,282,50,8.04,60.41,986.8,189,12
VID06459,2025-09-13,Useful Tech Tips #6459,Tech,11879,697,104,7.35,61.85,1589.1,70,14
VID06460,2025-09-13,Useful Tech Tips #6460,Tech,13548,968,70,4.14,61.18,611.8,236,10
VID06461,2025-09-13,Street Food Tour #6461,Food,2474,211,30,9.02,63.24,281.1,37,22
VID06462,2025-09-13,Study Tips That Work #6462,Education,4317,449,34,5.95,52.77,357.8,75,16
VID06463,2025-09-13,Best Apps #6463,Tech,22268,1639,194,9.46,66.51,2893.1,481,19
VID06464,2025-09-13,Career Tips #6464,Education,41765,1077,534,8.41,65.69,2364.2,708,14
VID06465,2025-09-13,Best Friend Problems #6465,Comedy,9254,689,56,8.28,53.03,325.9,126,20
VID06466,2025-09-13,Budget Travel Tips #6466,Travel,4455,391,38,10.31,58.81,461.0,53,20
VID06467,2025-09-14,Budget Travel Tips #6467,Travel,16661,1661,54,8.72,56.75,852.8,82,18
VID06468,2025-09-14,Career Tips #6468,Education,35576,1685,305,10.86,61.57,2561.7,301,21
VID06469,2025-09-14,Travel Guide #6469,Travel,1711,91,3,7.86,76.42,80.7,32,22
VID06470,2025-09-14,Best Restaurants #6470,Food,27767,1283,298,6.92,54.17,1325.1,418,8
VID06471,2025-09-14,Travel Guide #6471,Travel,2727,228,23,8.21,67.86,328.9,12,19
VID06472,2025-09-14,Parents Be Like #6472,Comedy,8391,898,42,9.44,77.55,1417.5,200,22
VID06473,2025-09-14,Phone Features You Missed #6473,Tech,10653,928,76,6.37,52.77,461.9,210,21
VID06474,2025-09-14,Exam Preparation Guide #6474,Education,15661,735,93,10.56,47.25,535.8,132,21
VID06475,2025-09-14,Phone Features You Missed #6475,Tech,20740,658,224,9.08,75.01,1568.0,375,12
VID06476,2025-09-14,Productivity Tips #6476,Education,7148,240,18,9.16,44.65,193.8,18,18
VID06477,2025-09-15,Best Restaurants #6477,Food,2724,160,33,6.54,56.42,251.9,44,22
VID06478,2025-09-15,Productivity Tips #6478,Education,29474,1565,349,6.18,54.92,2572.9,606,18
VID06479,2025-09-15,Laptop Buying Guide #6479,Tech,6596,586,10,8.32,80.0,649.7,65,20
VID06480,2025-09-15,Cooking Tips #6480,Food,14583,1570,130,6.58,48.15,1457.3,82,19
VID06481,2025-09-15,Productivity Tips #6481,Education,16877,1477,36,7.92,57.24,699.8,259,19
VID06482,2025-09-15,Beginner Guide #6482,Gaming,31442,3069,392,5.29,36.71,1536.8,82,6
VID06483,2025-09-15,Useful Tech Tips #6483,Tech,5445,144,20,7.97,54.35,249.4,107,16
VID06484,2025-09-15,Best Friend Problems #6484,Comedy,4821,528,10,6.81,51.27,448.3,65,18
VID06485,2025-09-15,Gaming Tips #6485,Gaming,4766,520,24,9.09,53.93,270.4,59,18
VID06486,2025-09-15,Street Food Tour #6486,Food,3691,122,47,9.63,30.54,52.5,55,20
VID06487,2025-09-16,Laptop Buying Guide #6487,Tech,6796,195,81,7.75,80.31,697.3,159,20
VID06488,2025-09-16,Office Comedy #6488,Comedy,16777,1841,131,6.21,55.39,710.7,235,20
VID06489,2025-09-16,Top Games #6489,Gaming,46584,2677,231,7.03,65.56,1450.5,184,22
VID06490,2025-09-16,Best Places to Visit #6490,Travel,10071,846,118,9.07,76.14,1649.2,101,19
VID06491,2025-09-16,Office Comedy #6491,Comedy,4792,254,49,7.59,77.41,547.3,24,22
VID06492,2025-09-16,Beginner Guide #6492,Gaming,27008,1712,244,3.18,67.07,3053.8,633,23
VID06493,2025-09-16,Expectation vs Reality #6493,Comedy,87817,7576,1172,9.7,47.03,6174.8,267,21
VID06494,2025-09-16,Budget Planning #6494,Finance,3676,226,36,6.81,25.0,52.7,66,16
VID06495,2025-09-16,Learning Strategies #6495,Education,28723,1551,185,9.04,49.95,851.4,278,22
VID06496,2025-09-16,Morning Routine #6496,Lifestyle,20144,1634,19,8.58,67.14,2024.8,261,12
VID06497,2025-09-16,Weekend Vlog #6497,Lifestyle,8930,774,53,10.07,55.59,251.2,155,20
VID06498,2025-09-17,Laptop Buying Guide #6498,Tech,8500,541,12,8.46,55.24,716.3,134,20
VID06499,2025-09-17,Phone Features You Missed #6499,Tech,6523,290,21,7.35,57.89,857.4,53,18
VID06500,2025-09-17,Daily Routine #6500,Lifestyle,3283,95,30,7.1,44.13,101.7,12,23
VID06501,2025-09-17,Weekend Travel Vlog #6501,Travel,9206,610,72,5.74,73.52,737.3,123,14
VID06502,2025-09-17,Budget Lifestyle #6502,Lifestyle,8715,796,52,6.06,57.97,843.0,104,23
VID06503,2025-09-17,Daily Routine #6503,Lifestyle,13728,1440,81,5.91,43.35,814.6,223,18
VID06504,2025-09-17,Budget Planning #6504,Finance,11797,533,11,10.53,63.17,1205.7,134,20
VID06505,2025-09-17,Morning Routine #6505,Lifestyle,13601,377,13,6.15,47.4,583.6,193,22
VID06506,2025-09-17,Street Food Tour #6506,Food,57852,6215,274,10.19,69.63,4031.8,447,6
VID06507,2025-09-17,Funny Family Moments #6507,Comedy,5284,231,5,5.44,65.61,699.2,33,12
VID06508,2025-09-18,Hidden Places #6508,Travel,6473,276,57,5.71,49.27,147.2,70,19
VID06509,2025-09-18,Credit Score Tips #6509,Finance,3933,409,10,9.35,55.01,196.3,34,20
VID06510,2025-09-18,Tech Hacks #6510,Tech,2612,240,27,5.02,56.77,175.4,6,16
VID06511,2025-09-18,Travel Guide #6511,Travel,44227,2536,51,9.03,70.24,5655.7,343,16
VID06512,2025-09-18,Travel Guide #6512,Travel,4661,285,7,8.66,52.24,507.2,98,16
VID06513,2025-09-18,Cooking Tips #6513,Food,7183,733,12,7.05,63.23,534.7,104,21
VID06514,2025-09-18,Career Tips #6514,Education,17921,1370,100,9.29,51.26,1106.8,317,10
VID06515,2025-09-18,Laptop Buying Guide #6515,Tech,4818,167,39,10.37,71.29,211.1,99,19
VID06516,2025-09-18,Tech Hacks #6516,Tech,15422,1552,114,7.8,64.77,1820.0,291,21
VID06517,2025-09-18,Hidden Places #6517,Travel,23506,1425,164,8.09,65.49,2942.3,274,18
VID06518,2025-09-18,Office Comedy #6518,Comedy,6654,695,72,4.36,51.97,536.0,122,21
VID06519,2025-09-19,Best Friend Problems #6519,Comedy,6865,470,11,8.01,56.2,234.9,26,8
VID06520,2025-09-19,Cooking Tips #6520,Food,45814,2594,177,11.66,72.03,1474.6,132,19
VID06521,2025-09-19,Gaming Highlights #6521,Gaming,13757,1428,100,7.34,82.87,1538.4,69,14
VID06522,2025-09-19,Morning Routine #6522,Lifestyle,14395,1202,150,5.95,63.63,1386.8,80,8
VID06523,2025-09-19,Interview Preparation #6523,Education,6121,262,13,9.13,76.76,588.5,47,6
VID06524,2025-09-19,Daily Routine #6524,Lifestyle,13054,1247,155,7.14,47.39,334.7,49,20
VID06525,2025-09-19,Best Settings #6525,Gaming,10980,1112,56,8.77,52.61,329.6,71,18
VID06526,2025-09-19,Relatable College Life #6526,Comedy,25722,2383,202,7.75,74.34,2335.1,485,16
VID06527,2025-09-19,Productivity Tips #6527,Education,74947,6348,749,5.41,62.47,6516.6,301,16
VID06528,2025-09-19,Laptop Buying Guide #6528,Tech,9379,773,92,14.74,58.06,719.0,208,21
VID06529,2025-09-20,Learning Strategies #6529,Education,19674,1837,196,4.57,53.5,1733.6,319,16
VID06530,2025-09-20,Office Comedy #6530,Comedy,1097,30,15,8.95,70.67,69.5,15,21
VID06531,2025-09-20,Best Apps #6531,Tech,14937,567,25,13.1,64.7,1400.5,135,18
VID06532,2025-09-20,Morning Routine #6532,Lifestyle,4224,163,40,9.63,56.06,319.0,89,20
VID06533,2025-09-20,Interview Preparation #6533,Education,13107,1244,61,6.31,53.1,494.4,122,20
VID06534,2025-09-20,Best Friend Problems #6534,Comedy,16928,1215,107,4.91,68.52,1198.7,83,19
VID06535,2025-09-20,Interview Preparation #6535,Education,3369,155,46,9.36,62.15,238.9,42,14
VID06536,2025-09-20,Travel Guide #6536,Travel,9595,663,46,8.45,63.2,778.6,147,12
VID06537,2025-09-20,AI Tools #6537,Tech,135163,3900,1224,7.93,63.38,15051.5,1013,12
VID06538,2025-09-20,Laptop Buying Guide #6538,Tech,17875,1264,204,9.22,47.83,1553.7,181,20
VID06539,2025-09-21,Expectation vs Reality #6539,Comedy,94114,4422,337,4.89,59.39,11106.3,639,8
VID06540,2025-09-21,Day In My Life #6540,Lifestyle,25667,803,274,5.13,52.37,1147.2,168,19
VID06541,2025-09-21,Cooking Tips #6541,Food,12517,1168,23,7.34,50.07,401.0,201,21
VID06542,2025-09-21,Relatable College Life #6542,Comedy,5490,466,56,6.63,68.65,500.3,123,20
VID06543,2025-09-21,Exam Preparation Guide #6543,Education,27737,2803,28,5.48,59.93,2565.3,575,16
VID06544,2025-09-21,Weekend Travel Vlog #6544,Travel,12953,400,178,9.13,60.07,1267.7,61,23
VID06545,2025-09-21,Office Comedy #6545,Comedy,4539,345,22,6.39,75.13,509.1,105,18
VID06546,2025-09-21,Saving Money #6546,Finance,8530,347,70,6.07,71.05,481.3,197,12
VID06547,2025-09-21,Productivity Tips #6547,Education,2610,189,34,10.83,81.23,186.1,32,18
VID06548,2025-09-21,Learning Strategies #6548,Education,11030,461,102,9.09,54.77,452.3,171,22
VID06549,2025-09-21,Learning Strategies #6549,Education,4501,313,33,5.84,56.65,464.6,48,19
VID06550,2025-09-22,Travel Guide #6550,Travel,29884,1575,330,9.87,45.34,2133.7,476,18
VID06551,2025-09-22,Tech Hacks #6551,Tech,2342,182,18,12.84,62.61,167.6,39,22
VID06552,2025-09-22,Cooking Tips #6552,Food,4303,181,23,5.24,71.89,356.9,35,14
VID06553,2025-09-22,Best Places to Visit #6553,Travel,8837,439,81,13.26,63.32,278.6,65,21
VID06554,2025-09-22,Beginner Guide #6554,Gaming,7121,217,6,6.21,54.53,448.8,35,20
VID06555,2025-09-22,Daily Routine #6555,Lifestyle,19735,2142,141,7.55,57.73,645.3,408,21
VID06556,2025-09-22,Laptop Buying Guide #6556,Tech,8876,507,75,9.89,43.74,282.4,37,18
VID06557,2025-09-22,Gaming Highlights #6557,Gaming,1618,100,4,6.63,74.76,174.5,36,19
VID06558,2025-09-22,Career Tips #6558,Education,15693,1641,199,9.97,84.24,1446.5,183,12
VID06559,2025-09-22,Budget Lifestyle #6559,Lifestyle,10439,622,140,5.46,51.56,444.2,50,22
VID06560,2025-09-23,Career Tips #6560,Education,15426,1672,124,5.95,59.73,1522.6,80,12
VID06561,2025-09-23,Relatable College Life #6561,Comedy,19889,1288,244,11.19,65.68,729.7,391,22
VID06562,2025-09-23,Parents Be Like #6562,Comedy,3484,109,15,4.28,58.88,220.6,48,8
VID06563,2025-09-23,Learning Strategies #6563,Education,3162,224,10,6.6,62.81,96.0,20,18
VID06564,2025-09-23,Healthy Habits #6564,Lifestyle,8668,925,15,9.05,65.02,900.6,154,20
VID06565,2025-09-23,Productivity Tips #6565,Education,11922,1006,74,5.82,68.22,1379.4,90,21
VID06566,2025-09-23,Beginner Guide #6566,Gaming,10226,760,24,9.46,58.23,796.6,38,18
VID06567,2025-09-23,Office Comedy #6567,Comedy,47508,3237,616,7.51,72.58,4399.8,273,23
VID06568,2025-09-23,Funny Family Moments #6568,Comedy,5767,368,53,7.98,61.47,558.1,27,18
VID06569,2025-09-23,Parents Be Like #6569,Comedy,24231,1333,105,7.84,58.44,2252.1,494,18
VID06570,2025-09-24,Productivity Tips #6570,Education,10152,940,12,6.66,73.24,1656.2,106,20
VID06571,2025-09-24,Tech Hacks #6571,Tech,3892,322,22,9.72,45.0,327.9,53,22
VID06572,2025-09-24,Expectation vs Reality #6572,Comedy,12846,1366,158,9.17,77.92,669.3,299,19
VID06573,2025-09-24,Hidden Places #6573,Travel,5205,251,44,8.44,75.59,399.4,89,22
VID06574,2025-09-24,Morning Routine #6574,Lifestyle,155498,11265,1887,7.04,58.97,12354.3,1186,20
VID06575,2025-09-24,Cooking Tips #6575,Food,7737,685,104,7.49,78.99,254.9,97,20
VID06576,2025-09-24,Tech Hacks #6576,Tech,8209,517,52,4.65,72.72,1351.6,123,8
VID06577,2025-09-24,Best Places to Visit #6577,Travel,6620,456,78,4.26,68.32,841.3,107,21
VID06578,2025-09-24,Parents Be Like #6578,Comedy,29209,3132,238,8.35,53.53,3039.8,478,20
VID06579,2025-09-24,Phone Features You Missed #6579,Tech,7976,517,86,7.66,67.61,749.6,164,23
VID06580,2025-09-24,Morning Routine #6580,Lifestyle,29229,2946,47,7.69,75.3,3454.4,93,14
VID06581,2025-09-25,Best Friend Problems #6581,Comedy,29087,971,350,7.35,56.58,2433.1,420,22
VID06582,2025-09-25,Parents Be Like #6582,Comedy,2416,209,19,3.89,54.39,220.8,41,19
VID06583,2025-09-25,Laptop Buying Guide #6583,Tech,8735,252,104,5.35,52.65,416.8,54,22
VID06584,2025-09-25,AI Tools #6584,Tech,8390,381,30,7.22,62.51,741.2,136,16
VID06585,2025-09-25,Gaming Highlights #6585,Gaming,19062,1145,205,8.9,51.71,621.5,79,16
VID06586,2025-09-25,Top Games #6586,Gaming,38678,1619,365,4.94,72.75,3035.8,867,16
VID06587,2025-09-25,Funny Family Moments #6587,Comedy,15281,1177,212,6.8,67.82,1000.5,322,18
VID06588,2025-09-25,Best Restaurants #6588,Food,10226,271,103,6.27,48.9,259.8,82,19
VID06589,2025-09-25,Gaming Tips #6589,Gaming,3620,336,3,7.53,42.31,317.4,47,18
VID06590,2025-09-25,Travel Guide #6590,Travel,22343,2233,265,7.67,49.56,608.4,427,18
VID06591,2025-09-26,Phone Features You Missed #6591,Tech,2595,189,33,7.1,64.57,155.8,56,23
VID06592,2025-09-26,Expectation vs Reality #6592,Comedy,181490,12277,328,10.73,72.86,15018.2,1425,21
VID06593,2025-09-26,Hidden Places #6593,Travel,16282,889,78,8.45,54.51,584.5,327,19
VID06594,2025-09-26,Office Comedy #6594,Comedy,4175,122,25,7.78,55.1,228.2,60,20
VID06595,2025-09-26,AI Tools #6595,Tech,3379,236,28,10.65,63.06,189.6,20,12
VID06596,2025-09-26,Study Tips That Work #6596,Education,1323,33,13,11.49,51.65,96.2,6,20
VID06597,2025-09-26,Best Places to Visit #6597,Travel,21557,2170,65,5.99,54.33,895.4,373,21
VID06598,2025-09-26,Travel Guide #6598,Travel,32027,2404,183,8.01,54.49,3766.0,264,10
VID06599,2025-09-26,Saving Money #6599,Finance,8237,349,84,6.27,60.74,788.2,181,21
VID06600,2025-09-26,Personal Finance Tips #6600,Finance,20352,1929,139,9.39,75.44,2063.7,484,22
VID06601,2025-09-26,Interview Preparation #6601,Education,17796,1559,74,8.44,60.88,1268.1,212,22
VID06602,2025-09-27,Expectation vs Reality #6602,Comedy,17180,1471,196,4.07,71.54,575.3,376,23
VID06603,2025-09-27,Daily Routine #6603,Lifestyle,27770,1423,338,3.59,55.85,1120.3,332,14
VID06604,2025-09-27,Best Restaurants #6604,Food,32255,1643,357,6.96,71.14,3737.9,772,20
VID06605,2025-09-27,Exam Preparation Guide #6605,Education,7683,296,69,12.29,52.55,670.7,90,19
VID06606,2025-09-27,Expectation vs Reality #6606,Comedy,21722,2136,271,8.52,64.07,918.1,386,8
VID06607,2025-09-27,Best Settings #6607,Gaming,1654,98,16,5.04,56.47,171.4,35,20
VID06608,2025-09-27,Healthy Habits #6608,Lifestyle,10930,877,40,7.01,53.78,690.0,108,18
VID06609,2025-09-27,Best Friend Problems #6609,Comedy,3681,344,15,6.36,64.58,211.1,77,10
VID06610,2025-09-27,Money Mistakes #6610,Finance,15035,1134,202,10.41,58.36,1737.4,306,20
VID06611,2025-09-27,Exam Preparation Guide #6611,Education,3155,253,22,8.67,61.83,120.4,70,23
VID06612,2025-09-28,Cooking Tips #6612,Food,17438,1476,237,4.75,67.66,2158.9,154,16
VID06613,2025-09-28,Interview Preparation #6613,Education,5433,586,63,8.33,65.66,542.9,41,19
VID06614,2025-09-28,Saving Money #6614,Finance,23455,829,86,7.33,72.42,3074.2,445,16
VID06615,2025-09-28,Interview Preparation #6615,Education,103036,7845,806,5.89,60.01,2448.1,1424,21
VID06616,2025-09-28,Budget Travel Tips #6616,Travel,3753,303,46,6.88,45.73,170.6,44,21
VID06617,2025-09-28,Career Tips #6617,Education,7374,671,38,6.42,59.5,466.3,133,12
VID06618,2025-09-28,Budget Travel Tips #6618,Travel,15419,734,37,7.05,60.18,752.0,254,21
VID06619,2025-09-28,Relatable College Life #6619,Comedy,30318,2045,359,10.8,62.25,4303.0,318,19
VID06620,2025-09-28,Learning Strategies #6620,Education,21569,1597,171,4.64,59.21,2579.0,148,20
VID06621,2025-09-28,Personal Finance Tips #6621,Finance,15501,864,64,7.26,64.77,385.4,233,20
VID06622,2025-09-29,Career Tips #6622,Education,3805,200,44,4.24,90.0,578.4,71,22
VID06623,2025-09-29,Expectation vs Reality #6623,Comedy,6633,421,88,8.73,53.57,515.0,59,18
VID06624,2025-09-29,Best Places to Visit #6624,Travel,22361,1487,247,7.32,74.03,1306.4,257,21
VID06625,2025-09-29,Productivity Tips #6625,Education,5113,547,23,6.35,39.39,435.4,19,20
VID06626,2025-09-29,Top Games #6626,Gaming,8157,591,41,6.59,61.7,399.7,158,16
VID06627,2025-09-29,Productivity Tips #6627,Education,11106,1073,102,9.85,60.77,1234.4,181,21
VID06628,2025-09-29,Expectation vs Reality #6628,Comedy,6108,601,49,7.88,61.81,177.2,130,14
VID06629,2025-09-29,Best Settings #6629,Gaming,5706,171,15,8.92,40.98,302.6,88,22
VID06630,2025-09-29,Weekend Travel Vlog #6630,Travel,5053,248,28,11.09,67.25,242.1,72,19
VID06631,2025-09-29,Parents Be Like #6631,Comedy,2043,137,15,7.11,68.86,98.5,32,18
VID06632,2025-09-29,Best Friend Problems #6632,Comedy,7249,308,65,9.93,71.49,705.8,44,20
VID06633,2025-09-30,Learning Strategies #6633,Education,5890,506,71,11.27,56.94,579.0,119,18
VID06634,2025-09-30,Weekend Travel Vlog #6634,Travel,33681,1169,66,9.27,54.44,1389.4,673,8
VID06635,2025-09-30,Beginner Guide #6635,Gaming,3970,407,54,6.68,53.08,186.7,75,12
VID06636,2025-09-30,Day In My Life #6636,Lifestyle,3754,191,45,7.17,66.12,287.3,73,21
VID06637,2025-09-30,Best Places to Visit #6637,Travel,22343,976,280,7.6,56.21,2232.9,166,19
VID06638,2025-09-30,Personal Finance Tips #6638,Finance,14272,794,107,7.27,37.15,284.1,227,21
VID06639,2025-09-30,Phone Features You Missed #6639,Tech,4413,234,23,9.54,48.37,294.1,86,12
VID06640,2025-09-30,Funny Family Moments #6640,Comedy,8826,755,109,8.76,66.86,416.1,91,21
VID06641,2025-09-30,Gaming Tips #6641,Gaming,6322,218,21,5.8,66.73,965.5,17,16
VID06642,2025-09-30,Productivity Tips #6642,Education,3190,189,4,8.46,63.86,108.6,70,14
VID06643,2025-10-01,Budget Planning #6643,Finance,53656,5643,110,9.57,55.3,6564.7,306,22
VID06644,2025-10-01,Best Friend Problems #6644,Comedy,3576,120,6,7.34,57.92,321.4,41,18
VID06645,2025-10-01,Personal Finance Tips #6645,Finance,24135,1496,143,6.18,68.13,2964.6,156,20
VID06646,2025-10-01,Beginner Guide #6646,Gaming,8021,646,87,12.73,52.57,704.3,164,19
VID06647,2025-10-01,Hidden Places #6647,Travel,36639,2201,43,6.77,84.72,7277.5,653,8
VID06648,2025-10-01,Learning Strategies #6648,Education,13501,952,103,6.88,79.88,523.6,223,20
VID06649,2025-10-01,Weekend Vlog #6649,Lifestyle,45328,4633,419,9.51,61.95,4425.6,740,6
VID06650,2025-10-01,Laptop Buying Guide #6650,Tech,8331,848,99,8.62,49.5,450.5,134,14
VID06651,2025-10-01,Weekend Vlog #6651,Lifestyle,9200,301,50,5.16,60.79,540.2,74,16
VID06652,2025-10-01,Parents Be Like #6652,Comedy,5613,269,30,3.59,58.52,672.3,41,19
VID06653,2025-10-01,Relatable College Life #6653,Comedy,2970,216,8,7.25,61.88,224.9,10,21
VID06654,2025-10-02,Exam Preparation Guide #6654,Education,5953,571,62,8.23,69.28,647.3,119,20
VID06655,2025-10-02,Tech Hacks #6655,Tech,10657,525,117,7.99,53.56,379.2,79,22
VID06656,2025-10-02,Morning Routine #6656,Lifestyle,17571,901,211,5.12,70.66,2331.1,274,21
VID06657,2025-10-02,Phone Features You Missed #6657,Tech,12660,364,57,7.49,66.29,1298.7,186,12
VID06658,2025-10-02,Laptop Buying Guide #6658,Tech,11332,915,132,8.84,70.57,545.7,41,19
VID06659,2025-10-02,Beginner Guide #6659,Gaming,21308,954,71,8.92,30.57,377.8,337,23
VID06660,2025-10-02,Weekend Vlog #6660,Lifestyle,29574,1932,392,8.99,55.21,2151.7,267,19
VID06661,2025-10-02,Budget Meals #6661,Food,5853,220,77,11.05,60.67,544.9,118,10
VID06662,2025-10-02,AI Tools #6662,Tech,25823,1458,241,9.79,48.88,2001.9,304,20
VID06663,2025-10-02,Personal Finance Tips #6663,Finance,5372,438,63,9.08,60.2,561.2,40,19
VID06664,2025-10-03,Best Friend Problems #6664,Comedy,5446,448,24,11.59,70.12,464.8,103,23
VID06665,2025-10-03,AI Tools #6665,Tech,2860,261,2,8.8,58.88,295.0,46,16
VID06666,2025-10-03,Best Settings #6666,Gaming,4902,294,38,5.77,51.23,195.0,27,14
VID06667,2025-10-03,Beginner Guide #6667,Gaming,12761,1011,126,8.31,64.14,1436.0,116,12
VID06668,2025-10-03,Learning Strategies #6668,Education,7948,512,80,7.5,36.02,467.2,48,19
VID06669,2025-10-03,Best Apps #6669,Tech,24280,2479,155,8.97,58.12,2452.6,109,18
VID06670,2025-10-03,Expectation vs Reality #6670,Comedy,25287,2710,235,7.32,73.51,1601.5,447,19
VID06671,2025-10-03,Productivity Tips #6671,Education,5866,530,43,7.85,64.08,392.4,85,21
VID06672,2025-10-03,Interview Preparation #6672,Education,138424,4838,683,8.92,65.86,10647.9,712,16
VID06673,2025-10-03,Tech Hacks #6673,Tech,2052,153,10,8.24,58.81,179.2,16,18
VID06674,2025-10-04,AI Tools #6674,Tech,8410,457,17,6.13,44.89,230.3,63,20
VID06675,2025-10-04,Learning Strategies #6675,Education,8678,438,10,6.52,45.53,698.8,150,16
VID06676,2025-10-04,Daily Routine #6676,Lifestyle,32951,1669,395,9.53,53.95,3314.3,343,20
VID06677,2025-10-04,Best Places to Visit #6677,Travel,58110,5385,220,8.15,56.38,4940.4,1127,8
VID06678,2025-10-04,Gaming Highlights #6678,Gaming,3357,320,34,6.05,46.49,293.3,72,22
VID06679,2025-10-04,Personal Finance Tips #6679,Finance,3483,107,18,12.95,71.26,128.4,58,22
VID06680,2025-10-04,AI Tools #6680,Tech,2916,239,21,6.73,68.51,153.7,42,18
VID06681,2025-10-04,Learning Strategies #6681,Education,6289,655,75,11.58,69.37,755.3,20,12
VID06682,2025-10-04,Beginner Guide #6682,Gaming,3674,237,19,9.79,79.18,576.7,83,19
VID06683,2025-10-04,Budget Meals #6683,Food,75191,6066,691,6.4,56.73,2243.6,1100,22
VID06684,2025-10-04,Healthy Habits #6684,Lifestyle,7229,328,17,6.05,68.09,436.6,53,18
VID06685,2025-10-05,Street Food Tour #6685,Food,9277,353,15,8.21,64.81,1476.6,109,22
VID06686,2025-10-05,Easy Recipes #6686,Food,17737,1525,244,1.5,71.61,1758.3,156,20
VID06687,2025-10-05,Game Challenge #6687,Gaming,9050,636,97,5.96,56.95,332.5,134,18
VID06688,2025-10-05,Parents Be Like #6688,Comedy,1742,99,5,7.09,64.0,118.0,12,22
VID06689,2025-10-05,AI Tools #6689,Tech,4502,359,15,7.47,65.18,574.8,62,20
VID06690,2025-10-05,Investment Basics #6690,Finance,2812,240,23,7.07,53.05,262.9,43,18
VID06691,2025-10-05,Top Games #6691,Gaming,3705,385,40,9.39,31.67,98.3,21,22
VID06692,2025-10-05,AI Tools #6692,Tech,8066,609,109,2.24,72.54,592.6,178,12
VID06693,2025-10-05,Day In My Life #6693,Lifestyle,17379,1865,22,9.01,66.46,2156.2,293,19
VID06694,2025-10-05,Office Comedy #6694,Comedy,10925,899,104,5.93,56.45,947.1,71,19
VID06695,2025-10-06,Budget Lifestyle #6695,Lifestyle,4042,166,27,10.97,54.79,389.5,47,6
VID06696,2025-10-06,Exam Preparation Guide #6696,Education,3824,275,18,8.24,66.81,163.8,40,16
VID06697,2025-10-06,Parents Be Like #6697,Comedy,11229,341,153,10.85,64.34,1405.7,94,18
VID06698,2025-10-06,Beginner Guide #6698,Gaming,8485,873,29,6.95,53.53,313.5,131,19
VID06699,2025-10-06,Street Food Tour #6699,Food,2811,135,10,8.99,58.18,118.8,53,19
VID06700,2025-10-06,Productivity Tips #6700,Education,11776,430,123,7.91,38.52,218.9,201,22
VID06701,2025-10-06,Street Food Tour #6701,Food,30975,2418,186,7.42,47.66,1771.5,341,20
VID06702,2025-10-06,Best Restaurants #6702,Food,5964,590,58,11.36,70.7,158.9,36,6
VID06703,2025-10-06,Food Review #6703,Food,8022,626,12,10.76,57.75,908.7,141,18
VID06704,2025-10-06,Healthy Habits #6704,Lifestyle,5223,561,52,6.2,65.16,197.4,63,19
VID06705,2025-10-06,Morning Routine #6705,Lifestyle,7656,282,36,6.53,63.0,468.9,145,20
VID06706,2025-10-07,Best Settings #6706,Gaming,38237,3952,255,7.14,54.98,3093.6,844,12
VID06707,2025-10-07,Best Settings #6707,Gaming,3231,154,17,5.45,35.55,136.3,58,18
VID06708,2025-10-07,Gaming Tips #6708,Gaming,9603,312,80,4.16,51.09,990.4,149,8
VID06709,2025-10-07,Budget Lifestyle #6709,Lifestyle,47048,3984,134,7.03,65.8,1548.6,730,23
VID06710,2025-10-07,Daily Routine #6710,Lifestyle,7329,659,21,7.73,64.71,642.3,71,8
VID06711,2025-10-07,Budget Lifestyle #6711,Lifestyle,14801,1377,61,8.1,68.16,1344.8,147,18
VID06712,2025-10-07,Game Challenge #6712,Gaming,6774,388,68,7.38,63.25,431.8,108,18
VID06713,2025-10-07,Productivity Tips #6713,Education,6552,509,14,4.17,80.15,474.4,49,18
VID06714,2025-10-07,Study Tips That Work #6714,Education,18252,722,49,11.31,45.57,1218.3,81,21
VID06715,2025-10-07,Cooking Tips #6715,Food,12160,1270,135,7.9,54.04,568.8,49,20
VID06716,2025-10-08,Best Apps #6716,Tech,28452,2269,326,8.04,51.11,1589.2,320,12
VID06717,2025-10-08,Credit Score Tips #6717,Finance,1888,137,14,6.11,36.43,105.6,7,19
VID06718,2025-10-08,Parents Be Like #6718,Comedy,24908,1814,224,9.74,50.98,711.1,124,21
VID06719,2025-10-08,Best Apps #6719,Tech,8836,802,59,4.86,51.19,462.9,176,12
VID06720,2025-10-08,Budget Travel Tips #6720,Travel,2671,293,21,10.37,73.93,314.1,26,22
VID06721,2025-10-08,Saving Money #6721,Finance,6252,216,19,9.68,54.41,326.4,138,14
VID06722,2025-10-08,Gaming Tips #6722,Gaming,6610,645,79,9.81,36.16,441.3,18,12
VID06723,2025-10-08,Street Food Tour #6723,Food,2962,179,12,8.75,67.3,275.3,64,19
VID06724,2025-10-08,Credit Score Tips #6724,Finance,2390,185,27,9.6,68.02,128.0,53,14
VID06725,2025-10-08,Parents Be Like #6725,Comedy,1303,80,15,9.78,66.32,71.7,27,20
VID06726,2025-10-09,Daily Routine #6726,Lifestyle,51862,1713,518,8.5,77.25,2697.7,496,20
VID06727,2025-10-09,Street Food Tour #6727,Food,42846,4298,153,6.45,66.88,2218.4,261,14
VID06728,2025-10-09,Hidden Places #6728,Travel,24905,1718,27,12.44,59.87,1431.9,560,20
VID06729,2025-10-09,Day In My Life #6729,Lifestyle,12441,900,138,8.08,69.69,1598.5,199,16
VID06730,2025-10-09,Best Settings #6730,Gaming,8299,697,87,8.48,60.96,681.9,107,16
VID06731,2025-10-09,AI Tools #6731,Tech,30857,2538,197,8.44,54.69,2507.0,305,20
VID06732,2025-10-09,Career Tips #6732,Education,4689,142,60,13.26,70.14,438.9,78,22
VID06733,2025-10-09,Personal Finance Tips #6733,Finance,14473,1267,144,7.41,57.77,1189.9,44,16
VID06734,2025-10-09,Career Tips #6734,Education,10170,886,41,8.64,80.88,1138.6,228,21
VID06735,2025-10-09,Office Comedy #6735,Comedy,35068,3008,292,6.66,36.76,738.3,431,19
VID06736,2025-10-09,Food Review #6736,Food,8989,831,58,5.69,70.0,1091.0,28,22
VID06737,2025-10-10,Parents Be Like #6737,Comedy,10300,418,136,7.59,49.43,277.6,75,18
VID06738,2025-10-10,Expectation vs Reality #6738,Comedy,1244,78,12,5.24,62.06,136.6,7,18
VID06739,2025-10-10,Useful Tech Tips #6739,Tech,33036,885,279,11.52,75.71,4275.5,428,8
VID06740,2025-10-10,Parents Be Like #6740,Comedy,16793,1158,223,3.65,60.39,509.5,58,6
VID06741,2025-10-10,Morning Routine #6741,Lifestyle,18173,1974,40,7.76,46.29,465.7,199,12
VID06742,2025-10-10,Exam Preparation Guide #6742,Education,16675,1464,98,7.72,73.26,710.9,57,10
VID06743,2025-10-10,Study Tips That Work #6743,Education,12789,1173,41,7.35,71.96,1365.3,264,8
VID06744,2025-10-10,Career Tips #6744,Education,9473,984,47,8.33,75.41,985.9,55,14
VID06745,2025-10-10,Healthy Habits #6745,Lifestyle,16341,1119,168,7.03,63.08,1143.0,352,19
VID06746,2025-10-10,Street Food Tour #6746,Food,19753,2043,169,9.42,39.96,1426.6,233,22
VID06747,2025-10-11,Productivity Tips #6747,Education,4097,410,47,6.7,80.83,507.0,48,21
VID06748,2025-10-11,Saving Money #6748,Finance,10511,879,100,7.62,52.64,336.5,203,23
VID06749,2025-10-11,Study Tips That Work #6749,Education,5788,188,33,10.33,60.32,199.4,84,20
VID06750,2025-10-11,Relatable College Life #6750,Comedy,6080,237,77,11.12,59.76,559.1,39,20
VID06751,2025-10-11,Useful Tech Tips #6751,Tech,6422,344,38,8.88,49.21,139.6,26,12
VID06752,2025-10-11,Gaming Tips #6752,Gaming,4693,138,63,5.95,73.33,462.8,58,14
VID06753,2025-10-11,Beginner Guide #6753,Gaming,4392,129,44,10.56,58.39,377.8,22,18
VID06754,2025-10-11,Healthy Habits #6754,Lifestyle,15269,1548,202,8.16,71.04,909.1,345,21
VID06755,2025-10-11,Investment Basics #6755,Finance,21822,1725,134,6.45,47.41,1764.9,159,16
VID06756,2025-10-11,Useful Tech Tips #6756,Tech,46768,1931,576,8.6,55.71,1126.7,754,20
VID06757,2025-10-11,Budget Meals #6757,Food,5008,257,29,6.59,72.22,806.0,108,21
VID06758,2025-10-12,Best Places to Visit #6758,Travel,10254,815,12,5.12,65.79,1106.3,61,19
VID06759,2025-10-12,Budget Lifestyle #6759,Lifestyle,18764,1368,96,8.28,59.34,1467.0,68,12
VID06760,2025-10-12,Street Food Tour #6760,Food,16667,454,88,9.72,59.42,730.5,182,18
VID06761,2025-10-12,Tech Hacks #6761,Tech,4776,276,55,5.6,55.23,384.9,51,20
VID06762,2025-10-12,Expectation vs Reality #6762,Comedy,22806,898,167,6.05,60.67,2806.4,288,19
VID06763,2025-10-12,Parents Be Like #6763,Comedy,56953,2544,681,7.28,82.31,8082.0,1319,10
VID06764,2025-10-12,Gaming Highlights #6764,Gaming,9779,566,106,5.97,76.96,1186.1,69,22
VID06765,2025-10-12,Weekend Vlog #6765,Lifestyle,2152,229,16,10.56,74.92,183.9,47,19
VID06766,2025-10-12,Best Apps #6766,Tech,3895,378,50,7.48,60.47,449.0,13,12
VID06767,2025-10-12,Study Tips That Work #6767,Education,23995,1760,117,10.6,73.07,1655.3,214,20
VID06768,2025-10-13,Exam Preparation Guide #6768,Education,16337,964,194,8.87,83.15,1348.8,300,14
VID06769,2025-10-13,Best Restaurants #6769,Food,3487,127,22,6.1,54.43,139.5,28,10
VID06770,2025-10-13,Phone Features You Missed #6770,Tech,6591,439,51,7.1,75.47,583.7,111,21
VID06771,2025-10-13,Healthy Habits #6771,Lifestyle,5446,173,58,2.89,67.9,257.6,36,20
VID06772,2025-10-13,Funny Family Moments #6772,Comedy,45319,2380,48,11.7,72.47,3092.9,917,14
VID06773,2025-10-13,Best Restaurants #6773,Food,29809,3241,114,7.53,50.96,2486.7,208,10
VID06774,2025-10-13,Exam Preparation Guide #6774,Education,2637,73,33,7.63,65.1,288.7,28,10
VID06775,2025-10-13,Budget Planning #6775,Finance,8169,584,101,10.31,55.58,664.8,27,21
VID06776,2025-10-13,Best Apps #6776,Tech,37451,3441,70,6.34,55.47,2217.0,330,20
VID06777,2025-10-13,Expectation vs Reality #6777,Comedy,24760,2485,121,6.3,67.16,2945.8,510,19
VID06778,2025-10-14,Day In My Life #6778,Lifestyle,8646,693,7,8.08,55.98,667.1,34,21
VID06779,2025-10-14,Weekend Travel Vlog #6779,Travel,1542,51,6,9.19,70.92,149.7,17,18
VID06780,2025-10-14,Budget Lifestyle #6780,Lifestyle,10983,943,126,6.95,73.73,1332.7,153,18
VID06781,2025-10-14,Parents Be Like #6781,Comedy,81015,8095,501,9.35,45.18,2314.3,807,14
VID06782,2025-10-14,Best Friend Problems #6782,Comedy,9662,840,11,9.06,51.6,855.0,188,22
VID06783,2025-10-14,Beginner Guide #6783,Gaming,11423,1126,151,7.91,60.39,552.7,223,20
VID06784,2025-10-14,Parents Be Like #6784,Comedy,49482,3843,355,8.28,63.15,4755.7,631,20
VID06785,2025-10-14,Saving Money #6785,Finance,15014,386,148,8.23,51.83,912.2,206,21
VID06786,2025-10-14,Credit Score Tips #6786,Finance,4760,250,57,6.86,65.49,218.3,61,21
VID06787,2025-10-14,Relatable College Life #6787,Comedy,21811,2354,39,3.17,53.21,1345.7,354,20
VID06788,2025-10-14,Phone Features You Missed #6788,Tech,4576,361,44,10.08,61.73,444.2,86,12
VID06789,2025-10-15,Credit Score Tips #6789,Finance,9158,866,78,5.97,46.43,529.2,180,21
VID06790,2025-10-15,Parents Be Like #6790,Comedy,8821,844,15,10.03,57.05,870.5,27,16
VID06791,2025-10-15,Hidden Places #6791,Travel,2603,200,33,7.96,68.83,77.0,22,20
VID06792,2025-10-15,Gaming Tips #6792,Gaming,7197,507,33,7.44,46.59,554.0,143,18
VID06793,2025-10-15,Food Review #6793,Food,1946,68,15,9.34,47.96,100.0,36,16
VID06794,2025-10-15,Learning Strategies #6794,Education,18394,1571,155,5.13,64.95,2268.3,129,18
VID06795,2025-10-15,Street Food Tour #6795,Food,10623,732,46,7.12,63.41,437.2,150,10
VID06796,2025-10-15,Parents Be Like #6796,Comedy,33045,2696,330,10.88,70.55,1654.2,488,16
VID06797,2025-10-15,Gaming Tips #6797,Gaming,3734,131,21,8.52,86.98,438.4,55,20
VID06798,2025-10-15,Study Tips That Work #6798,Education,5658,194,32,11.4,48.43,159.8,35,18
VID06799,2025-10-16,Parents Be Like #6799,Comedy,60695,2863,643,7.52,53.12,4869.9,851,20
VID06800,2025-10-16,Expectation vs Reality #6800,Comedy,2000,201,17,12.28,55.15,192.2,16,12
VID06801,2025-10-16,Budget Meals #6801,Food,7301,668,20,10.12,80.37,1088.9,65,20
VID06802,2025-10-16,Weekend Vlog #6802,Lifestyle,6113,362,21,8.65,80.32,263.0,76,10
VID06803,2025-10-16,Travel Mistakes #6803,Travel,21636,845,299,5.5,58.94,2323.8,343,20
VID06804,2025-10-16,Weekend Vlog #6804,Lifestyle,21963,873,42,9.15,55.69,676.0,396,16
VID06805,2025-10-16,Saving Money #6805,Finance,27047,1519,316,6.05,42.28,1840.8,145,20
VID06806,2025-10-16,Budget Lifestyle #6806,Lifestyle,4841,184,29,8.34,67.7,614.9,91,16
VID06807,2025-10-16,Daily Routine #6807,Lifestyle,28418,2574,184,8.24,44.9,1268.7,524,21
VID06808,2025-10-16,Parents Be Like #6808,Comedy,22423,722,283,5.6,64.09,1669.3,510,22
VID06809,2025-10-16,Budget Meals #6809,Food,10724,365,118,7.07,57.97,432.5,145,20
VID06810,2025-10-17,AI Tools #6810,Tech,16918,1714,188,5.79,72.68,2519.6,145,19
VID06811,2025-10-17,Productivity Tips #6811,Education,12131,624,63,12.03,51.74,577.8,67,22
VID06812,2025-10-17,Laptop Buying Guide #6812,Tech,12453,815,165,6.41,54.81,285.6,202,21
VID06813,2025-10-17,Exam Preparation Guide #6813,Education,9532,897,103,8.83,78.2,1620.1,78,19
VID06814,2025-10-17,Gaming Tips #6814,Gaming,3184,308,27,4.97,50.32,359.7,20,23
VID06815,2025-10-17,Interview Preparation #6815,Education,2909,271,29,4.15,65.24,176.3,46,12
VID06816,2025-10-17,Phone Features You Missed #6816,Tech,19514,2095,59,7.0,59.46,1509.0,357,21
VID06817,2025-10-17,Street Food Tour #6817,Food,13568,1005,60,6.07,52.11,1138.4,104,21
VID06818,2025-10-17,Best Apps #6818,Tech,4971,373,67,5.01,47.15,295.4,32,8
VID06819,2025-10-17,Funny Family Moments #6819,Comedy,20841,543,255,7.83,69.12,1768.3,324,16
VID06820,2025-10-18,Productivity Tips #6820,Education,24475,1899,223,8.58,64.18,803.0,251,23
VID06821,2025-10-18,Travel Mistakes #6821,Travel,27641,773,174,5.3,64.84,3891.3,472,21
VID06822,2025-10-18,Personal Finance Tips #6822,Finance,2710,105,11,4.07,48.98,153.2,57,20
VID06823,2025-10-18,Gaming Tips #6823,Gaming,20794,661,20,6.94,64.22,1292.4,443,8
VID06824,2025-10-18,Phone Features You Missed #6824,Tech,10395,1105,115,12.68,50.41,230.1,122,20
VID06825,2025-10-18,Healthy Habits #6825,Lifestyle,18196,1437,143,10.72,69.75,753.7,349,21
VID06826,2025-10-18,Funny Family Moments #6826,Comedy,13952,633,17,10.33,50.72,320.6,290,18
VID06827,2025-10-18,Daily Routine #6827,Lifestyle,14353,1263,70,8.83,45.22,702.2,94,20
VID06828,2025-10-18,Best Settings #6828,Gaming,5761,500,27,8.73,68.66,858.6,76,16
VID06829,2025-10-18,Beginner Guide #6829,Gaming,8253,820,94,5.34,71.17,1249.7,42,20
VID06830,2025-10-19,Useful Tech Tips #6830,Tech,8276,698,83,8.15,67.9,529.2,190,20
VID06831,2025-10-19,Hidden Places #6831,Travel,7444,752,86,4.15,54.68,203.1,22,18
VID06832,2025-10-19,Tech Hacks #6832,Tech,4507,265,19,2.04,59.99,390.9,60,19
VID06833,2025-10-19,Street Food Tour #6833,Food,16376,1381,58,8.97,54.02,1891.4,152,19
VID06834,2025-10-19,Investment Basics #6834,Finance,3946,265,37,3.63,57.95,242.2,49,19
VID06835,2025-10-19,Weekend Vlog #6835,Lifestyle,10657,718,66,7.09,72.05,467.0,69,10
VID06836,2025-10-19,Useful Tech Tips #6836,Tech,21094,2099,206,11.56,51.21,972.4,56,23
VID06837,2025-10-19,Food Review #6837,Food,18107,726,97,6.85,62.14,2069.9,355,10
VID06838,2025-10-19,Easy Recipes #6838,Food,10527,745,62,12.56,85.73,1081.7,255,8
VID06839,2025-10-19,Exam Preparation Guide #6839,Education,8445,702,64,8.39,58.52,956.9,141,20
VID06840,2025-10-19,Expectation vs Reality #6840,Comedy,10834,864,42,7.94,62.58,335.0,168,21
VID06841,2025-10-20,Day In My Life #6841,Lifestyle,9425,964,92,7.69,46.62,249.4,160,21
VID06842,2025-10-20,Exam Preparation Guide #6842,Education,5185,226,41,9.75,56.96,513.2,65,16
VID06843,2025-10-20,Healthy Habits #6843,Lifestyle,3482,195,23,6.26,61.28,353.7,37,16
VID06844,2025-10-20,Budget Travel Tips #6844,Travel,4762,127,32,6.55,47.4,366.7,22,18
VID06845,2025-10-20,Parents Be Like #6845,Comedy,5281,253,15,6.16,54.12,504.2,92,23
VID06846,2025-10-20,Gaming Highlights #6846,Gaming,3591,257,14,7.61,67.06,399.1,85,10
VID06847,2025-10-20,Parents Be Like #6847,Comedy,3950,152,31,6.53,84.86,227.1,99,16
VID06848,2025-10-20,Funny Family Moments #6848,Comedy,8953,732,109,8.73,40.33,169.1,149,12
VID06849,2025-10-20,Beginner Guide #6849,Gaming,16661,1239,125,7.75,79.41,2486.9,66,14
VID06850,2025-10-20,Funny Family Moments #6850,Comedy,14327,847,139,9.76,63.55,696.6,184,18
VID06851,2025-10-21,Money Mistakes #6851,Finance,10348,897,27,6.92,59.34,541.2,127,18
VID06852,2025-10-21,Money Mistakes #6852,Finance,25507,1349,158,6.09,61.95,1467.8,565,21
VID06853,2025-10-21,Personal Finance Tips #6853,Finance,6629,608,57,8.1,43.4,386.5,19,14
VID06854,2025-10-21,Morning Routine #6854,Lifestyle,33970,3098,231,7.04,61.61,5045.9,531,14
VID06855,2025-10-21,Travel Mistakes #6855,Travel,12331,695,37,11.09,90.0,980.7,106,20
VID06856,2025-10-21,Budget Planning #6856,Finance,7165,626,6,10.82,56.63,568.7,128,21
VID06857,2025-10-21,Budget Travel Tips #6857,Travel,4060,386,46,6.79,58.03,313.5,43,16
VID06858,2025-10-21,Personal Finance Tips #6858,Finance,7037,178,89,8.04,63.03,960.0,97,21
VID06859,2025-10-21,Relatable College Life #6859,Comedy,6749,457,21,8.72,63.56,801.2,69,20
VID06860,2025-10-21,Tech Hacks #6860,Tech,4108,439,8,6.96,68.22,611.8,42,14
VID06861,2025-10-21,Laptop Buying Guide #6861,Tech,4027,354,23,8.09,58.87,301.1,72,19
VID06862,2025-10-22,Daily Routine #6862,Lifestyle,34076,1417,262,6.63,55.49,1716.8,715,10
VID06863,2025-10-22,Parents Be Like #6863,Comedy,23283,744,97,9.15,63.3,2263.8,399,20
VID06864,2025-10-22,Cooking Tips #6864,Food,2334,114,11,5.32,46.06,56.5,15,18
VID06865,2025-10-22,Expectation vs Reality #6865,Comedy,8762,412,62,8.74,40.11,752.2,77,21
VID06866,2025-10-22,Game Challenge #6866,Gaming,4183,269,20,7.0,57.47,368.0,25,21
VID06867,2025-10-22,Expectation vs Reality #6867,Comedy,3966,308,12,10.05,64.44,375.3,66,19
VID06868,2025-10-22,Hidden Places #6868,Travel,800,57,10,7.04,62.41,112.3,11,16
VID06869,2025-10-22,Budget Lifestyle #6869,Lifestyle,34845,2778,204,6.98,58.03,2707.7,390,20
VID06870,2025-10-22,Study Tips That Work #6870,Education,3581,174,49,8.59,70.56,406.1,16,16
VID06871,2025-10-22,Office Comedy #6871,Comedy,39512,1611,70,6.7,63.05,2844.8,669,20
VID06872,2025-10-23,Daily Routine #6872,Lifestyle,103959,4169,1235,6.9,81.14,12934.6,2541,20
VID06873,2025-10-23,Gaming Highlights #6873,Gaming,8060,678,7,10.0,52.87,680.3,52,18
VID06874,2025-10-23,Weekend Vlog #6874,Lifestyle,14236,1119,166,8.04,52.56,406.5,91,20
VID06875,2025-10-23,AI Tools #6875,Tech,12161,579,27,10.13,62.75,574.7,139,16
VID06876,2025-10-23,Best Restaurants #6876,Food,4331,254,58,5.21,61.37,378.8,52,20
VID06877,2025-10-23,Best Apps #6877,Tech,7722,363,86,11.39,72.46,899.7,96,22
VID06878,2025-10-23,Interview Preparation #6878,Education,2412,77,6,2.89,55.38,180.4,16,20
VID06879,2025-10-23,Career Tips #6879,Education,5018,388,36,11.27,51.12,264.8,64,20
VID06880,2025-10-23,Cooking Tips #6880,Food,8318,626,100,7.04,59.88,257.0,181,22
VID06881,2025-10-23,Money Mistakes #6881,Finance,3809,97,23,4.96,55.0,96.7,72,20
VID06882,2025-10-24,Budget Lifestyle #6882,Lifestyle,1980,152,25,6.52,64.07,188.9,35,18
VID06883,2025-10-24,Daily Routine #6883,Lifestyle,29013,825,221,9.95,76.68,1074.9,269,6
VID06884,2025-10-24,Best Apps #6884,Tech,1481,155,19,9.03,48.61,56.6,8,10
VID06885,2025-10-24,Weekend Travel Vlog #6885,Travel,2393,166,27,9.64,61.43,167.7,7,19
VID06886,2025-10-24,Best Places to Visit #6886,Travel,9103,979,12,5.94,57.76,952.1,160,22
VID06887,2025-10-24,Funny Family Moments #6887,Comedy,4499,203,38,8.3,54.46,414.9,83,16
VID06888,2025-10-24,Funny Family Moments #6888,Comedy,11513,1003,20,9.58,52.0,323.1,228,20
VID06889,2025-10-24,Office Comedy #6889,Comedy,9262,572,106,8.24,49.21,368.4,81,19
VID06890,2025-10-24,Budget Meals #6890,Food,12164,492,130,7.43,77.19,1254.5,58,18
VID06891,2025-10-24,Relatable College Life #6891,Comedy,23833,2061,293,11.9,65.76,1000.1,472,16
VID06892,2025-10-24,Study Tips That Work #6892,Education,11487,1120,108,5.53,48.82,786.7,109,19
VID06893,2025-10-25,Parents Be Like #6893,Comedy,27992,2435,274,8.78,65.76,1830.0,485,8
VID06894,2025-10-25,Budget Travel Tips #6894,Travel,1314,60,17,7.58,73.67,182.0,28,19
VID06895,2025-10-25,Weekend Travel Vlog #6895,Travel,11023,360,40,5.46,69.98,1150.3,79,16
VID06896,2025-10-25,Budget Meals #6896,Food,8692,366,30,6.3,33.67,482.3,122,19
VID06897,2025-10-25,Beginner Guide #6897,Gaming,14119,1502,90,5.64,62.15,1189.4,292,12
VID06898,2025-10-25,Expectation vs Reality #6898,Comedy,13546,1093,103,8.44,75.46,1680.0,264,23
VID06899,2025-10-25,Gaming Highlights #6899,Gaming,11781,381,154,6.97,73.35,1253.0,217,20
VID06900,2025-10-25,Weekend Travel Vlog #6900,Travel,13110,1400,59,10.4,61.28,361.1,245,16
VID06901,2025-10-25,Cooking Tips #6901,Food,8097,467,102,3.76,47.81,384.1,59,19
VID06902,2025-10-25,Expectation vs Reality #6902,Comedy,5204,296,15,7.58,71.2,241.0,89,20
VID06903,2025-10-26,Travel Guide #6903,Travel,3991,274,26,8.0,70.63,218.7,96,22
VID06904,2025-10-26,Travel Guide #6904,Travel,7361,671,64,11.82,56.7,478.4,94,19
VID06905,2025-10-26,Productivity Tips #6905,Education,13206,400,166,7.4,71.95,656.3,218,22
VID06906,2025-10-26,Easy Recipes #6906,Food,16108,1116,187,7.05,82.0,568.5,389,21
VID06907,2025-10-26,Credit Score Tips #6907,Finance,39792,4202,164,4.89,54.82,3247.1,114,20
VID06908,2025-10-26,Investment Basics #6908,Finance,22762,1313,171,5.98,31.23,908.9,159,16
VID06909,2025-10-26,Hidden Places #6909,Travel,41290,3136,276,9.65,66.75,4100.0,830,12
VID06910,2025-10-26,Travel Mistakes #6910,Travel,1873,159,7,9.62,67.26,127.1,20,12
VID06911,2025-10-26,Study Tips That Work #6911,Education,2628,179,24,8.99,62.64,305.6,15,14
VID06912,2025-10-26,Learning Strategies #6912,Education,6742,201,44,9.25,60.23,622.3,81,18
VID06913,2025-10-27,Budget Lifestyle #6913,Lifestyle,21599,2045,119,7.88,75.75,1450.2,498,18
VID06914,2025-10-27,Study Tips That Work #6914,Education,18072,1544,113,5.24,33.81,1094.9,363,14
VID06915,2025-10-27,Morning Routine #6915,Lifestyle,3111,123,7,8.5,74.38,84.2,71,8
VID06916,2025-10-27,Travel Guide #6916,Travel,25485,985,157,9.42,79.97,3878.2,81,21
VID06917,2025-10-27,Saving Money #6917,Finance,16081,1412,174,2.0,50.57,1762.0,228,20
VID06918,2025-10-27,Easy Recipes #6918,Food,5655,454,47,6.36,42.05,208.5,34,23
VID06919,2025-10-27,Budget Planning #6919,Finance,6207,585,37,9.84,67.79,835.6,95,20
VID06920,2025-10-27,Best Apps #6920,Tech,12682,750,42,7.13,59.87,1096.6,34,20
VID06921,2025-10-27,Money Mistakes #6921,Finance,63582,5162,82,6.89,63.79,2648.3,1061,21
VID06922,2025-10-27,Study Tips That Work #6922,Education,6763,338,5,11.45,39.56,431.5,53,20
VID06923,2025-10-27,Budget Lifestyle #6923,Lifestyle,3955,419,32,7.59,53.16,261.4,42,14
VID06924,2025-10-28,Expectation vs Reality #6924,Comedy,61771,4880,125,10.52,56.91,3834.0,1321,18
VID06925,2025-10-28,Weekend Vlog #6925,Lifestyle,1278,59,9,6.28,71.74,207.2,21,20
VID06926,2025-10-28,Cooking Tips #6926,Food,3732,130,38,7.01,83.28,267.4,87,8
VID06927,2025-10-28,Morning Routine #6927,Lifestyle,3071,175,37,6.73,60.03,260.0,46,20
VID06928,2025-10-28,Gaming Tips #6928,Gaming,16264,981,55,8.3,66.03,2508.3,185,21
VID06929,2025-10-28,Career Tips #6929,Education,3354,235,23,10.75,71.84,109.6,13,8
VID06930,2025-10-28,Career Tips #6930,Education,12592,1083,169,4.14,58.81,1283.5,145,6
VID06931,2025-10-28,Best Settings #6931,Gaming,1724,120,8,9.12,55.28,129.8,20,6
VID06932,2025-10-28,Exam Preparation Guide #6932,Education,10410,271,15,3.73,49.67,737.4,161,18
VID06933,2025-10-28,Budget Planning #6933,Finance,43889,3883,419,1.5,69.06,5072.2,914,19
VID06934,2025-10-29,Exam Preparation Guide #6934,Education,19215,1012,83,7.55,72.2,2741.9,130,14
VID06935,2025-10-29,Hidden Places #6935,Travel,20896,1480,107,6.23,77.47,1630.5,188,20
VID06936,2025-10-29,Weekend Travel Vlog #6936,Travel,8225,468,65,6.13,58.29,514.3,173,19
VID06937,2025-10-29,Personal Finance Tips #6937,Finance,6027,321,23,5.18,58.77,579.4,106,12
VID06938,2025-10-29,Budget Lifestyle #6938,Lifestyle,32835,2375,244,4.74,70.14,4605.2,699,12
VID06939,2025-10-29,Daily Routine #6939,Lifestyle,7648,250,32,2.97,55.02,797.0,68,21
VID06940,2025-10-29,Budget Lifestyle #6940,Lifestyle,66981,5527,398,6.85,59.03,3788.5,778,20
VID06941,2025-10-29,Best Friend Problems #6941,Comedy,3472,243,34,5.76,57.39,318.3,12,21
VID06942,2025-10-29,Personal Finance Tips #6942,Finance,25667,2517,231,6.3,54.71,1987.4,87,23
VID06943,2025-10-29,Saving Money #6943,Finance,6931,614,82,9.45,72.59,310.4,42,12
VID06944,2025-10-29,Street Food Tour #6944,Food,6432,215,75,10.36,45.38,510.5,123,22
VID06945,2025-10-30,Expectation vs Reality #6945,Comedy,147085,15073,422,9.55,74.78,13761.5,2263,16
VID06946,2025-10-30,Personal Finance Tips #6946,Finance,59884,3012,633,9.38,75.83,6220.2,611,19
VID06947,2025-10-30,Game Challenge #6947,Gaming,6653,191,11,4.62,72.43,583.6,71,14
VID06948,2025-10-30,Interview Preparation #6948,Education,14364,743,192,7.02,71.93,1950.8,235,23
VID06949,2025-10-30,Funny Family Moments #6949,Comedy,10718,503,150,9.79,65.87,955.4,121,14
VID06950,2025-10-30,Street Food Tour #6950,Food,8942,748,52,4.63,69.06,589.9,128,20
VID06951,2025-10-30,Credit Score Tips #6951,Finance,17701,780,46,8.73,64.38,881.8,303,19
VID06952,2025-10-30,Personal Finance Tips #6952,Finance,12514,632,102,2.93,61.89,1399.2,182,16
VID06953,2025-10-30,Credit Score Tips #6953,Finance,4690,363,25,8.03,71.01,176.6,98,19
VID06954,2025-10-30,Exam Preparation Guide #6954,Education,5489,333,74,6.64,47.66,476.7,92,19
VID06955,2025-10-31,Gaming Highlights #6955,Gaming,28152,3021,303,7.77,49.13,2512.7,496,21
VID06956,2025-10-31,Phone Features You Missed #6956,Tech,7195,699,8,6.71,88.73,796.5,116,21
VID06957,2025-10-31,Parents Be Like #6957,Comedy,34110,2311,283,10.09,59.53,2444.3,723,14
VID06958,2025-10-31,Best Friend Problems #6958,Comedy,1700,150,12,7.07,62.55,146.1,9,10
VID06959,2025-10-31,Parents Be Like #6959,Comedy,3663,112,3,6.83,59.08,211.0,10,18
VID06960,2025-10-31,Funny Family Moments #6960,Comedy,14741,1151,181,4.93,49.66,1069.0,38,8
VID06961,2025-10-31,Parents Be Like #6961,Comedy,16926,474,191,8.12,70.23,760.9,219,21
VID06962,2025-10-31,Laptop Buying Guide #6962,Tech,4696,386,28,7.62,58.94,250.3,74,21
VID06963,2025-10-31,Career Tips #6963,Education,11959,378,75,6.98,41.87,477.0,88,14
VID06964,2025-10-31,Funny Family Moments #6964,Comedy,61198,2396,238,10.97,69.37,3469.5,1239,21
VID06965,2025-11-01,Morning Routine #6965,Lifestyle,37990,1547,184,8.51,44.39,804.2,462,21
VID06966,2025-11-01,Exam Preparation Guide #6966,Education,7787,815,88,6.45,46.9,379.5,143,12
VID06967,2025-11-01,Gaming Highlights #6967,Gaming,13417,961,19,10.45,79.88,1411.6,240,8
VID06968,2025-11-01,Career Tips #6968,Education,5197,335,19,10.24,56.4,348.3,31,19
VID06969,2025-11-01,Credit Score Tips #6969,Finance,10257,648,93,5.79,48.97,677.8,64,19
VID06970,2025-11-01,Interview Preparation #6970,Education,6577,166,88,7.8,77.24,483.6,43,20
VID06971,2025-11-01,Easy Recipes #6971,Food,12492,333,62,4.89,62.18,346.0,283,12
VID06972,2025-11-01,Travel Mistakes #6972,Travel,821,52,9,6.82,65.03,61.2,12,20
VID06973,2025-11-01,Street Food Tour #6973,Food,74290,4479,452,10.12,67.89,4321.3,1568,21
VID06974,2025-11-01,AI Tools #6974,Tech,62169,6256,759,8.84,51.5,4422.4,1264,12
VID06975,2025-11-01,Office Comedy #6975,Comedy,8725,835,17,10.34,77.55,1062.7,83,23
VID06976,2025-11-02,Best Settings #6976,Gaming,14333,703,63,6.25,65.37,792.6,256,14
VID06977,2025-11-02,Office Comedy #6977,Comedy,14626,660,151,4.33,60.22,1898.2,288,10
VID06978,2025-11-02,Easy Recipes #6978,Food,32508,2791,376,4.44,60.02,2666.0,187,20
VID06979,2025-11-02,Travel Guide #6979,Travel,5996,514,52,8.6,45.28,462.1,52,20
VID06980,2025-11-02,Productivity Tips #6980,Education,14459,1184,27,6.8,40.76,473.9,105,18
VID06981,2025-11-02,Best Restaurants #6981,Food,771,78,1,10.41,75.5,43.4,14,12
VID06982,2025-11-02,Cooking Tips #6982,Food,32160,1811,48,7.54,78.28,1579.2,505,10
VID06983,2025-11-02,Best Apps #6983,Tech,4285,127,38,7.76,64.27,524.5,75,22
VID06984,2025-11-02,Best Restaurants #6984,Food,70787,3482,168,7.16,60.66,3780.1,538,6
VID06985,2025-11-02,Food Review #6985,Food,5518,573,19,4.93,77.62,591.9,76,21
VID06986,2025-11-03,Useful Tech Tips #6986,Tech,28653,1890,87,5.41,56.55,1640.4,299,12
VID06987,2025-11-03,Easy Recipes #6987,Food,12514,774,47,8.92,61.36,1082.0,94,20
VID06988,2025-11-03,Personal Finance Tips #6988,Finance,8090,282,42,11.52,59.99,678.2,171,18
VID06989,2025-11-03,Budget Planning #6989,Finance,30973,1716,101,8.69,62.06,2521.6,598,19
VID06990,2025-11-03,Game Challenge #6990,Gaming,18499,1740,231,7.74,71.45,1498.6,337,20
VID06991,2025-11-03,Morning Routine #6991,Lifestyle,30408,2030,223,9.14,64.04,3247.8,406,8
VID06992,2025-11-03,Expectation vs Reality #6992,Comedy,5205,479,54,7.91,66.1,189.2,97,12
VID06993,2025-11-03,Gaming Highlights #6993,Gaming,18207,499,22,5.83,65.49,1575.5,228,12
VID06994,2025-11-03,Phone Features You Missed #6994,Tech,7190,227,34,8.35,78.77,535.1,84,21
VID06995,2025-11-03,Easy Recipes #6995,Food,8463,692,75,5.2,69.27,328.5,46,18
VID06996,2025-11-03,Laptop Buying Guide #6996,Tech,11185,987,100,10.08,65.84,1142.2,110,12
VID06997,2025-11-04,Saving Money #6997,Finance,7935,658,61,8.48,46.92,702.2,126,20
VID06998,2025-11-04,Weekend Vlog #6998,Lifestyle,10248,405,137,7.42,72.07,1494.4,168,18
VID06999,2025-11-04,Tech Hacks #6999,Tech,13867,1304,124,11.54,55.61,339.8,241,21
VID07000,2025-11-04,Parents Be Like #7000,Comedy,6301,532,5,6.51,54.37,213.6,32,19
VID07001,2025-11-04,Best Settings #7001,Gaming,4622,320,22,6.52,65.29,260.8,89,22
VID07002,2025-11-04,Office Comedy #7002,Comedy,30392,2600,106,12.47,60.0,2626.8,284,12
VID07003,2025-11-04,Day In My Life #7003,Lifestyle,1146,72,13,7.13,53.7,101.3,19,21
VID07004,2025-11-04,Expectation vs Reality #7004,Comedy,3164,237,18,10.48,56.38,161.7,32,16
VID07005,2025-11-04,Expectation vs Reality #7005,Comedy,9118,671,15,5.72,66.26,1034.2,147,10
VID07006,2025-11-04,Relatable College Life #7006,Comedy,11688,433,65,7.97,63.38,1102.1,270,22
VID07007,2025-11-05,Budget Lifestyle #7007,Lifestyle,47299,4866,251,9.02,55.46,3861.9,203,6
VID07008,2025-11-05,Learning Strategies #7008,Education,13845,1032,41,9.21,67.96,807.9,116,22
VID07009,2025-11-05,Office Comedy #7009,Comedy,10146,387,31,12.71,61.72,409.9,59,23
VID07010,2025-11-05,Day In My Life #7010,Lifestyle,6208,665,84,7.4,55.44,428.4,46,22
VID07011,2025-11-05,Career Tips #7011,Education,803,20,4,5.15,49.76,77.3,9,20
VID07012,2025-11-05,Money Mistakes #7012,Finance,5733,612,21,9.01,44.43,390.3,44,10
VID07013,2025-11-05,Budget Lifestyle #7013,Lifestyle,7247,406,40,6.37,61.74,936.0,27,20
VID07014,2025-11-05,Tech Hacks #7014,Tech,9082,446,70,7.93,72.51,970.3,107,10
VID07015,2025-11-05,Daily Routine #7015,Lifestyle,23637,955,161,10.83,63.21,2646.7,354,21
VID07016,2025-11-05,Healthy Habits #7016,Lifestyle,2386,91,22,2.47,46.62,167.6,35,21
VID07017,2025-11-06,Phone Features You Missed #7017,Tech,11889,465,126,6.22,61.51,1536.2,251,16
VID07018,2025-11-06,Cooking Tips #7018,Food,29134,1981,152,7.67,63.45,3914.3,647,21
VID07019,2025-11-06,Daily Routine #7019,Lifestyle,16774,1454,146,6.87,46.78,1292.9,288,10
VID07020,2025-11-06,Tech Hacks #7020,Tech,16406,471,83,6.18,72.42,921.2,231,10
VID07021,2025-11-06,Relatable College Life #7021,Comedy,1581,108,20,11.63,64.2,131.6,33,21
VID07022,2025-11-06,Budget Travel Tips #7022,Travel,6415,352,55,7.74,82.31,468.1,103,19
VID07023,2025-11-06,Funny Family Moments #7023,Comedy,7395,720,93,10.85,60.83,560.9,32,16
VID07024,2025-11-06,Top Games #7024,Gaming,2088,177,12,10.14,50.99,118.9,37,21
VID07025,2025-11-06,Credit Score Tips #7025,Finance,2319,68,23,10.44,78.66,224.4,25,18
VID07026,2025-11-06,Tech Hacks #7026,Tech,30719,1891,93,6.84,54.13,2755.8,652,21
VID07027,2025-11-06,Credit Score Tips #7027,Finance,23954,2629,219,7.32,37.81,506.5,302,20
VID07028,2025-11-07,Tech Hacks #7028,Tech,43142,3373,563,10.58,71.63,3306.8,170,6
VID07029,2025-11-07,Study Tips That Work #7029,Education,21724,1893,50,8.94,55.73,1987.3,159,18
VID07030,2025-11-07,Weekend Travel Vlog #7030,Travel,8449,397,80,8.95,63.02,847.5,73,20
VID07031,2025-11-07,Best Friend Problems #7031,Comedy,12386,1345,21,10.29,68.94,1362.5,119,19
VID07032,2025-11-07,Gaming Highlights #7032,Gaming,10672,382,124,8.79,31.83,151.8,131,21
VID07033,2025-11-07,Best Settings #7033,Gaming,92492,7801,1081,7.63,74.17,6222.0,478,20
VID07034,2025-11-07,Exam Preparation Guide #7034,Education,29747,2670,362,8.07,61.11,2588.3,293,19
VID07035,2025-11-07,Budget Planning #7035,Finance,35190,1179,383,3.26,56.08,1362.3,691,20
VID07036,2025-11-07,Hidden Places #7036,Travel,6517,551,65,10.11,66.96,185.4,83,22
VID07037,2025-11-07,Office Comedy #7037,Comedy,27454,2102,283,10.08,88.8,1412.9,132,14
VID07038,2025-11-08,Hidden Places #7038,Travel,6034,248,26,10.47,64.98,720.2,30,16
VID07039,2025-11-08,Exam Preparation Guide #7039,Education,7037,495,46,8.91,57.45,256.5,105,18
VID07040,2025-11-08,Best Friend Problems #7040,Comedy,21844,655,285,8.02,55.28,918.0,151,12
VID07041,2025-11-08,Exam Preparation Guide #7041,Education,8133,448,19,7.1,56.39,240.8,29,21
VID07042,2025-11-08,Best Restaurants #7042,Food,22624,1101,79,7.36,69.21,2002.0,194,14
VID07043,2025-11-08,Game Challenge #7043,Gaming,16367,604,224,9.39,68.32,2092.9,118,21
VID07044,2025-11-08,Best Friend Problems #7044,Comedy,70555,4754,972,5.06,61.21,5141.0,1064,22
VID07045,2025-11-08,Phone Features You Missed #7045,Tech,16753,809,165,8.84,67.96,2261.5,313,19
VID07046,2025-11-08,Learning Strategies #7046,Education,6501,534,14,11.21,48.74,165.1,21,19
VID07047,2025-11-08,Study Tips That Work #7047,Education,2133,119,11,8.87,70.31,202.8,21,20
VID07048,2025-11-08,Budget Travel Tips #7048,Travel,17965,1111,113,4.55,67.67,2229.2,290,23
VID07049,2025-11-09,Interview Preparation #7049,Education,2810,82,32,5.2,48.13,210.1,39,21
VID07050,2025-11-09,Best Settings #7050,Gaming,2063,119,19,4.03,49.01,174.9,21,20
VID07051,2025-11-09,Best Restaurants #7051,Food,7864,834,108,3.7,73.88,1093.9,142,20
VID07052,2025-11-09,Gaming Highlights #7052,Gaming,23350,2372,317,12.11,57.18,716.8,387,20
VID07053,2025-11-09,Cooking Tips #7053,Food,19301,2113,228,3.73,49.65,536.4,185,20
VID07054,2025-11-09,Travel Guide #7054,Travel,69207,4699,831,8.12,62.67,5126.6,374,20
VID07055,2025-11-09,Exam Preparation Guide #7055,Education,40924,3158,500,5.0,50.64,3431.0,211,20
VID07056,2025-11-09,Personal Finance Tips #7056,Finance,11229,992,135,10.21,80.8,1159.6,105,8
VID07057,2025-11-09,Travel Guide #7057,Travel,41086,3305,176,8.15,54.88,2933.8,801,20
VID07058,2025-11-09,Game Challenge #7058,Gaming,33949,2513,443,6.82,53.89,3387.4,309,18
VID07059,2025-11-10,Budget Travel Tips #7059,Travel,37444,2112,88,8.87,56.44,3071.3,171,16
VID07060,2025-11-10,Healthy Habits #7060,Lifestyle,25363,1113,256,7.98,59.03,2607.1,379,21
VID07061,2025-11-10,Phone Features You Missed #7061,Tech,6897,647,18,12.75,52.71,303.7,77,22
VID07062,2025-11-10,AI Tools #7062,Tech,13136,1174,78,10.45,57.27,620.4,121,12
VID07063,2025-11-10,AI Tools #7063,Tech,8772,566,44,12.11,25.0,303.9,156,8
VID07064,2025-11-10,Gaming Highlights #7064,Gaming,3172,171,34,10.26,50.62,97.8,55,20
VID07065,2025-11-10,Expectation vs Reality #7065,Comedy,6972,458,61,7.64,48.96,611.6,147,12
VID07066,2025-11-10,Best Places to Visit #7066,Travel,4887,153,28,5.77,60.17,312.7,82,22
VID07067,2025-11-10,Budget Meals #7067,Food,20388,1721,32,10.52,45.06,1071.3,118,21
VID07068,2025-11-10,Weekend Travel Vlog #7068,Travel,43750,4017,40,8.93,64.57,5516.0,596,20
VID07069,2025-11-11,Easy Recipes #7069,Food,41161,1413,305,10.4,72.6,5515.7,923,14
VID07070,2025-11-11,Daily Routine #7070,Lifestyle,24063,959,301,7.45,64.07,1865.9,432,20
VID07071,2025-11-11,Phone Features You Missed #7071,Tech,19329,1923,172,5.54,66.62,1766.6,152,10
VID07072,2025-11-11,Laptop Buying Guide #7072,Tech,8093,387,90,6.33,67.03,876.0,27,16
VID07073,2025-11-11,Best Friend Problems #7073,Comedy,16793,666,31,11.06,52.46,1045.6,352,18
VID07074,2025-11-11,Gaming Highlights #7074,Gaming,31406,2118,322,5.84,62.26,3573.7,634,22
VID07075,2025-11-11,Gaming Tips #7075,Gaming,33843,3626,380,4.54,54.24,1932.5,257,6
VID07076,2025-11-11,Daily Routine #7076,Lifestyle,12758,1287,109,8.35,62.2,1793.1,207,18
VID07077,2025-11-11,Food Review #7077,Food,28179,2565,201,4.67,55.77,906.8,376,20
VID07078,2025-11-11,Top Games #7078,Gaming,19071,1879,244,7.93,65.37,2236.9,113,16
VID07079,2025-11-11,Interview Preparation #7079,Education,13394,1268,153,5.93,90.0,1479.0,266,20
VID07080,2025-11-12,Gaming Tips #7080,Gaming,6050,290,73,6.47,44.96,462.2,66,20
VID07081,2025-11-12,Career Tips #7081,Education,22933,1419,167,8.89,56.81,1176.3,487,14
VID07082,2025-11-12,Hidden Places #7082,Travel,28194,854,292,8.31,45.05,2070.9,383,20
VID07083,2025-11-12,Healthy Habits #7083,Lifestyle,15121,685,181,6.63,58.41,606.4,133,20
VID07084,2025-11-12,Top Games #7084,Gaming,14428,829,196,6.63,50.91,882.1,187,19
VID07085,2025-11-12,Best Places to Visit #7085,Travel,13820,865,171,1.5,68.81,556.8,201,16
VID07086,2025-11-12,Learning Strategies #7086,Education,11393,642,153,8.05,64.04,475.0,83,20
VID07087,2025-11-12,Office Comedy #7087,Comedy,1271,138,13,8.36,72.67,49.2,7,18
VID07088,2025-11-12,Productivity Tips #7088,Education,2287,222,11,9.71,42.09,109.5,24,21
VID07089,2025-11-12,Best Apps #7089,Tech,27854,1720,165,7.29,58.27,817.3,245,16
VID07090,2025-11-13,Street Food Tour #7090,Food,17920,762,70,10.45,77.41,1749.8,177,23
VID07091,2025-11-13,Office Comedy #7091,Comedy,5531,597,51,9.01,68.18,402.6,113,20
VID07092,2025-11-13,Best Friend Problems #7092,Comedy,24085,2264,311,8.92,43.64,803.7,342,18
VID07093,2025-11-13,Relatable College Life #7093,Comedy,37946,2047,347,8.24,63.59,2318.9,410,18
VID07094,2025-11-13,Study Tips That Work #7094,Education,2620,214,12,1.5,74.04,309.0,56,23
VID07095,2025-11-13,Food Review #7095,Food,7539,288,65,8.62,55.82,635.2,114,14
VID07096,2025-11-13,Tech Hacks #7096,Tech,11497,994,40,5.16,59.71,1293.4,195,21
VID07097,2025-11-13,Phone Features You Missed #7097,Tech,9433,929,20,10.43,68.19,1437.7,193,20
VID07098,2025-11-13,Study Tips That Work #7098,Education,11693,1014,76,13.6,66.07,915.8,105,12
VID07099,2025-11-13,Day In My Life #7099,Lifestyle,35070,1713,165,8.47,63.24,3913.3,466,12
VID07100,2025-11-13,Best Apps #7100,Tech,17250,1843,239,9.58,53.69,800.5,245,8
VID07101,2025-11-14,Best Places to Visit #7101,Travel,13106,1180,130,8.95,57.57,862.7,244,22
VID07102,2025-11-14,Useful Tech Tips #7102,Tech,22308,2052,170,8.56,72.49,1603.1,147,19
VID07103,2025-11-14,Credit Score Tips #7103,Finance,24971,1971,158,6.66,63.05,2197.1,106,20
VID07104,2025-11-14,Budget Meals #7104,Food,16964,683,139,5.94,66.14,1094.2,154,18
VID07105,2025-11-14,Interview Preparation #7105,Education,2745,236,32,9.21,49.23,253.6,42,20
VID07106,2025-11-14,Funny Family Moments #7106,Comedy,3118,222,40,9.65,70.88,136.2,25,20
VID07107,2025-11-14,Travel Guide #7107,Travel,7353,268,102,7.41,69.92,708.9,172,23
VID07108,2025-11-14,Gaming Highlights #7108,Gaming,14551,736,74,7.43,31.13,577.6,177,12
VID07109,2025-11-14,Parents Be Like #7109,Comedy,14117,1527,165,7.53,51.67,919.7,211,21
VID07110,2025-11-14,Gaming Tips #7110,Gaming,3658,301,33,5.87,63.88,121.4,29,21
VID07111,2025-11-15,Study Tips That Work #7111,Education,8140,706,25,7.83,39.42,128.8,57,16
VID07112,2025-11-15,Useful Tech Tips #7112,Tech,10121,677,94,3.6,47.32,214.6,203,20
VID07113,2025-11-15,Daily Routine #7113,Lifestyle,18280,1446,76,6.19,68.53,2129.9,247,14
VID07114,2025-11-15,Hidden Places #7114,Travel,121849,7304,402,5.69,57.44,11287.3,1990,21
VID07115,2025-11-15,Day In My Life #7115,Lifestyle,4340,459,9,12.85,74.3,596.1,90,21
VID07116,2025-11-15,Weekend Vlog #7116,Lifestyle,3049,321,19,8.66,78.34,486.3,58,22
VID07117,2025-11-15,Weekend Vlog #7117,Lifestyle,8970,916,7,8.1,48.59,351.1,135,16
VID07118,2025-11-15,Office Comedy #7118,Comedy,20457,1675,248,11.12,72.18,2790.6,212,14
VID07119,2025-11-15,Easy Recipes #7119,Food,18928,627,218,12.0,69.15,787.5,220,21
VID07120,2025-11-15,Saving Money #7120,Finance,3758,109,52,8.78,58.81,466.5,50,18
VID07121,2025-11-16,Productivity Tips #7121,Education,1728,167,18,6.04,66.86,158.8,10,23
VID07122,2025-11-16,Saving Money #7122,Finance,44867,1651,442,3.71,65.55,2567.9,537,12
VID07123,2025-11-16,AI Tools #7123,Tech,3235,116,12,5.86,45.73,210.3,8,19
VID07124,2025-11-16,Career Tips #7124,Education,30603,3183,310,7.39,57.72,3524.2,584,16
VID07125,2025-11-16,Best Apps #7125,Tech,8105,263,48,12.7,53.24,306.2,52,16
VID07126,2025-11-16,Exam Preparation Guide #7126,Education,4396,198,41,6.85,34.83,249.1,20,18
VID07127,2025-11-16,Phone Features You Missed #7127,Tech,29453,1801,108,4.41,41.24,992.7,526,12
VID07128,2025-11-16,Office Comedy #7128,Comedy,11815,1201,65,7.48,72.65,804.1,115,14
VID07129,2025-11-16,Relatable College Life #7129,Comedy,3331,108,27,5.25,77.54,371.7,32,22
VID07130,2025-11-16,Interview Preparation #7130,Education,8346,697,31,3.67,67.86,218.0,61,20
VID07131,2025-11-16,Laptop Buying Guide #7131,Tech,1211,120,14,7.78,47.94,102.8,4,22
VID07132,2025-11-17,Game Challenge #7132,Gaming,16682,879,125,7.03,59.6,1347.1,218,12
VID07133,2025-11-17,Morning Routine #7133,Lifestyle,25582,1417,305,7.27,63.58,3022.9,496,16
VID07134,2025-11-17,Cooking Tips #7134,Food,5693,226,65,11.38,47.05,268.9,99,20
VID07135,2025-11-17,Hidden Places #7135,Travel,6074,597,8,8.48,77.06,630.2,135,23
VID07136,2025-11-17,Credit Score Tips #7136,Finance,26104,2241,284,7.15,49.26,1217.1,74,21
VID07137,2025-11-17,AI Tools #7137,Tech,18591,1077,214,7.16,61.97,730.7,158,20
VID07138,2025-11-17,Relatable College Life #7138,Comedy,2106,181,22,9.03,64.28,108.5,34,14
VID07139,2025-11-17,Exam Preparation Guide #7139,Education,8724,385,37,7.17,64.13,301.3,78,20
VID07140,2025-11-17,Best Settings #7140,Gaming,8574,900,71,7.73,57.82,679.3,122,12
VID07141,2025-11-17,Investment Basics #7141,Finance,10915,730,66,5.63,54.91,1014.6,232,14
VID07142,2025-11-18,Useful Tech Tips #7142,Tech,2537,179,8,5.54,69.33,79.1,46,22
VID07143,2025-11-18,Game Challenge #7143,Gaming,1492,113,17,7.2,54.49,133.3,15,16
VID07144,2025-11-18,Morning Routine #7144,Lifestyle,33542,1518,238,4.86,54.7,2510.8,582,12
VID07145,2025-11-18,Healthy Habits #7145,Lifestyle,18109,1388,134,7.03,65.9,2193.7,257,21
VID07146,2025-11-18,Relatable College Life #7146,Comedy,39874,3331,200,9.02,56.79,1712.2,348,20
VID07147,2025-11-18,Useful Tech Tips #7147,Tech,6965,345,48,5.32,47.36,265.9,91,12
VID07148,2025-11-18,Useful Tech Tips #7148,Tech,7574,392,45,6.17,63.53,823.0,38,18
VID07149,2025-11-18,Easy Recipes #7149,Food,34122,1164,301,6.36,70.71,2019.3,391,18
VID07150,2025-11-18,Easy Recipes #7150,Food,3982,334,54,5.38,70.89,125.9,95,8
VID07151,2025-11-18,Useful Tech Tips #7151,Tech,10349,1062,41,9.72,34.1,318.1,91,16
VID07152,2025-11-18,Expectation vs Reality #7152,Comedy,7195,575,24,7.69,67.93,424.8,66,20
VID07153,2025-11-19,Money Mistakes #7153,Finance,43227,3859,50,8.23,57.52,4214.6,708,20
VID07154,2025-11-19,Gaming Highlights #7154,Gaming,12118,965,48,8.3,76.02,1466.7,283,19
VID07155,2025-11-19,Top Games #7155,Gaming,5277,302,66,3.96,62.95,320.4,49,23
VID07156,2025-11-19,Study Tips That Work #7156,Education,11728,383,36,8.22,59.87,501.8,247,12
VID07157,2025-11-19,Learning Strategies #7157,Education,2782,189,16,5.94,74.01,465.4,29,22
VID07158,2025-11-19,Gaming Tips #7158,Gaming,5429,423,42,7.16,68.47,341.4,66,21
VID07159,2025-11-19,Office Comedy #7159,Comedy,5344,506,13,11.16,52.79,233.3,90,14
VID07160,2025-11-19,Money Mistakes #7160,Finance,17054,1119,131,9.45,57.94,858.3,71,18
VID07161,2025-11-19,Office Comedy #7161,Comedy,27103,2207,122,7.6,55.29,2372.2,486,23
VID07162,2025-11-19,Best Friend Problems #7162,Comedy,5114,394,45,9.84,71.37,403.2,82,18
VID07163,2025-11-20,Budget Meals #7163,Food,13434,496,150,7.36,81.82,1296.4,270,21
VID07164,2025-11-20,Budget Travel Tips #7164,Travel,24406,1020,37,7.07,56.89,923.9,188,16
VID07165,2025-11-20,Useful Tech Tips #7165,Tech,2518,117,6,9.29,78.57,295.8,32,18
VID07166,2025-11-20,Expectation vs Reality #7166,Comedy,11288,1069,75,7.82,52.28,282.2,163,21
VID07167,2025-11-20,Credit Score Tips #7167,Finance,6561,188,56,13.54,63.03,433.9,62,16
VID07168,2025-11-20,Personal Finance Tips #7168,Finance,1601,47,1,6.9,59.1,89.0,7,20
VID07169,2025-11-20,Learning Strategies #7169,Education,14869,1107,134,7.59,47.98,702.9,111,20
VID07170,2025-11-20,Study Tips That Work #7170,Education,22728,1778,316,4.9,57.42,2579.6,230,21
VID07171,2025-11-20,Best Settings #7171,Gaming,16708,1246,180,9.27,55.94,1694.2,194,12
VID07172,2025-11-20,Exam Preparation Guide #7172,Education,10577,272,68,10.45,73.87,326.4,181,20
VID07173,2025-11-21,Game Challenge #7173,Gaming,1511,70,11,4.06,76.96,117.8,14,18
VID07174,2025-11-21,Weekend Travel Vlog #7174,Travel,3382,190,39,3.68,56.12,401.0,21,6
VID07175,2025-11-21,Best Places to Visit #7175,Travel,8066,668,9,7.35,65.69,541.2,180,20
VID07176,2025-11-21,Easy Recipes #7176,Food,23450,2467,126,6.42,74.17,600.7,537,20
VID07177,2025-11-21,Money Mistakes #7177,Finance,1994,151,13,8.47,34.54,121.2,34,19
VID07178,2025-11-21,Productivity Tips #7178,Education,36326,1524,386,6.79,69.66,4851.3,206,18
VID07179,2025-11-21,Parents Be Like #7179,Comedy,2571,101,32,8.76,64.91,249.8,19,20
VID07180,2025-11-21,Parents Be Like #7180,Comedy,6262,230,73,13.37,80.13,892.9,67,20
VID07181,2025-11-21,Travel Guide #7181,Travel,20638,637,283,7.58,56.07,1721.1,277,21
VID07182,2025-11-21,Relatable College Life #7182,Comedy,3666,269,32,10.01,54.32,245.7,81,22
VID07183,2025-11-21,Productivity Tips #7183,Education,21193,1929,31,10.01,68.87,727.3,446,23
VID07184,2025-11-22,Morning Routine #7184,Lifestyle,120522,5993,395,7.11,60.36,14376.0,2232,12
VID07185,2025-11-22,Travel Guide #7185,Travel,3972,359,52,8.9,73.73,228.6,74,21
VID07186,2025-11-22,Travel Guide #7186,Travel,10916,717,68,1.5,70.01,567.1,82,23
VID07187,2025-11-22,AI Tools #7187,Tech,6098,607,42,5.9,52.39,551.0,81,16
VID07188,2025-11-22,Game Challenge #7188,Gaming,37479,2406,405,9.67,50.49,3180.6,243,19
VID07189,2025-11-22,Weekend Travel Vlog #7189,Travel,7515,356,100,6.43,62.2,395.1,111,19
VID07190,2025-11-22,AI Tools #7190,Tech,45695,2689,540,8.28,62.32,2404.0,685,8
VID07191,2025-11-22,Relatable College Life #7191,Comedy,11666,378,63,6.76,62.19,1331.3,113,21
VID07192,2025-11-22,Career Tips #7192,Education,15084,1349,131,8.58,82.9,660.3,147,22
VID07193,2025-11-22,Relatable College Life #7193,Comedy,9808,311,70,8.47,58.41,1195.8,37,12
VID07194,2025-11-23,AI Tools #7194,Tech,5589,562,16,7.07,70.81,256.4,86,18
VID07195,2025-11-23,Budget Meals #7195,Food,8670,310,53,5.96,60.95,985.0,196,20
VID07196,2025-11-23,Gaming Tips #7196,Gaming,15480,1122,198,6.07,57.88,1723.5,132,23
VID07197,2025-11-23,Best Friend Problems #7197,Comedy,8729,790,20,4.52,68.19,255.4,163,8
VID07198,2025-11-23,Tech Hacks #7198,Tech,500,18,2,7.06,55.28,50.8,9,20
VID07199,2025-11-23,Gaming Highlights #7199,Gaming,15744,1449,99,7.94,75.93,477.3,338,19
VID07200,2025-11-23,Exam Preparation Guide #7200,Education,28330,1455,176,8.41,49.89,660.9,376,20
VID07201,2025-11-23,Expectation vs Reality #7201,Comedy,1927,76,20,11.01,56.46,165.0,10,19
VID07202,2025-11-23,Travel Guide #7202,Travel,11057,767,125,7.58,66.13,1368.8,80,18
VID07203,2025-11-23,Office Comedy #7203,Comedy,22615,2380,288,8.31,52.64,714.1,168,22
VID07204,2025-11-23,Budget Meals #7204,Food,2391,60,12,12.07,62.53,92.3,43,14
VID07205,2025-11-24,Best Friend Problems #7205,Comedy,18246,552,127,7.31,69.94,1437.3,83,18
VID07206,2025-11-24,Morning Routine #7206,Lifestyle,2230,89,31,8.36,49.74,195.4,23,10
VID07207,2025-11-24,Office Comedy #7207,Comedy,26322,1875,204,6.58,61.75,912.7,315,10
VID07208,2025-11-24,Expectation vs Reality #7208,Comedy,76823,4036,1028,10.98,58.51,4712.0,621,16
VID07209,2025-11-24,Funny Family Moments #7209,Comedy,10782,665,26,3.71,37.18,371.9,75,8
VID07210,2025-11-24,Day In My Life #7210,Lifestyle,37991,2955,427,11.91,62.43,5113.0,832,20
VID07211,2025-11-24,Useful Tech Tips #7211,Tech,12106,432,11,11.38,50.29,794.8,65,12
VID07212,2025-11-24,Budget Meals #7212,Food,23712,1004,223,7.84,48.59,1088.3,332,12
VID07213,2025-11-24,Travel Mistakes #7213,Travel,9128,776,12,7.51,86.95,670.2,87,18
VID07214,2025-11-24,Money Mistakes #7214,Finance,25536,1476,153,4.81,64.53,979.8,104,14
VID07215,2025-11-25,Beginner Guide #7215,Gaming,4486,231,45,12.97,63.23,305.4,25,18
VID07216,2025-11-25,Beginner Guide #7216,Gaming,10643,695,148,3.79,62.93,968.8,163,20
VID07217,2025-11-25,Beginner Guide #7217,Gaming,31550,1188,170,5.73,51.49,1408.9,470,20
VID07218,2025-11-25,Hidden Places #7218,Travel,5965,269,56,8.04,76.36,422.9,113,19
VID07219,2025-11-25,Street Food Tour #7219,Food,17778,1430,47,7.55,73.66,1465.1,177,18
VID07220,2025-11-25,Parents Be Like #7220,Comedy,13002,931,163,6.82,68.87,1612.0,163,20
VID07221,2025-11-25,Best Places to Visit #7221,Travel,10322,473,121,8.32,61.04,396.0,232,21
VID07222,2025-11-25,Credit Score Tips #7222,Finance,5332,538,10,6.01,53.95,429.1,119,21
VID07223,2025-11-25,Productivity Tips #7223,Education,20381,859,78,4.98,70.78,858.2,249,19
VID07224,2025-11-25,Weekend Vlog #7224,Lifestyle,3338,90,22,7.05,69.42,182.0,68,10
VID07225,2025-11-26,Travel Guide #7225,Travel,2762,150,6,7.11,58.76,85.2,57,12
VID07226,2025-11-26,Money Mistakes #7226,Finance,2462,83,17,8.4,56.39,292.9,10,18
VID07227,2025-11-26,Useful Tech Tips #7227,Tech,147389,6972,1640,6.67,83.37,13039.6,3671,8
VID07228,2025-11-26,Phone Features You Missed #7228,Tech,5728,611,44,6.29,56.62,272.5,98,21
VID07229,2025-11-26,Office Comedy #7229,Comedy,12230,796,159,5.77,61.44,1178.4,233,18
VID07230,2025-11-26,Productivity Tips #7230,Education,12128,786,55,5.49,69.95,1200.3,195,19
VID07231,2025-11-26,Daily Routine #7231,Lifestyle,33948,3357,443,7.86,53.57,3074.3,637,19
VID07232,2025-11-26,Day In My Life #7232,Lifestyle,8009,653,26,8.52,74.51,290.7,39,16
VID07233,2025-11-26,Productivity Tips #7233,Education,1675,177,9,6.54,65.76,137.0,8,12
VID07234,2025-11-26,Gaming Highlights #7234,Gaming,9983,1076,23,5.25,56.34,227.0,115,20
VID07235,2025-11-26,Credit Score Tips #7235,Finance,18197,975,182,7.18,41.91,510.3,286,19
VID07236,2025-11-27,Budget Planning #7236,Finance,8252,303,111,7.77,60.38,737.1,24,19
VID07237,2025-11-27,Weekend Travel Vlog #7237,Travel,11448,1024,150,8.11,41.92,748.0,48,20
VID07238,2025-11-27,Money Mistakes #7238,Finance,5164,255,35,7.64,66.84,237.3,34,14
VID07239,2025-11-27,Office Comedy #7239,Comedy,5115,204,13,10.31,45.46,478.3,48,20
VID07240,2025-11-27,Useful Tech Tips #7240,Tech,8706,771,39,4.44,89.42,1541.8,159,19
VID07241,2025-11-27,Healthy Habits #7241,Lifestyle,5515,183,21,4.36,48.4,645.4,75,18
VID07242,2025-11-27,Cooking Tips #7242,Food,6158,275,65,5.26,52.06,372.5,128,18
VID07243,2025-11-27,Budget Lifestyle #7243,Lifestyle,5157,432,52,7.68,69.41,651.5,58,16
VID07244,2025-11-27,Morning Routine #7244,Lifestyle,14237,584,52,8.79,45.62,317.2,90,18
VID07245,2025-11-27,Exam Preparation Guide #7245,Education,30757,1965,355,9.66,49.55,1156.0,238,20
VID07246,2025-11-28,Gaming Tips #7246,Gaming,14857,717,192,8.4,45.82,693.7,272,10
VID07247,2025-11-28,Funny Family Moments #7247,Comedy,53046,4546,671,6.26,59.49,5307.4,402,21
VID07248,2025-11-28,Morning Routine #7248,Lifestyle,8257,667,88,10.98,46.02,788.9,28,19
VID07249,2025-11-28,Best Settings #7249,Gaming,7201,309,54,7.36,54.07,708.8,149,16
VID07250,2025-11-28,Interview Preparation #7250,Education,54028,1499,315,10.49,79.07,6623.5,820,18
VID07251,2025-11-28,Interview Preparation #7251,Education,16743,1163,218,3.02,81.08,2494.7,249,20
VID07252,2025-11-28,Weekend Travel Vlog #7252,Travel,5569,575,10,11.19,43.84,237.7,77,19
VID07253,2025-11-28,Laptop Buying Guide #7253,Tech,18467,1721,104,10.07,46.45,1916.0,274,20
VID07254,2025-11-28,Day In My Life #7254,Lifestyle,2673,91,10,4.74,47.12,269.2,40,18
VID07255,2025-11-28,Career Tips #7255,Education,3912,112,3,10.83,81.17,422.2,30,22
VID07256,2025-11-29,Laptop Buying Guide #7256,Tech,28351,1748,357,9.05,73.86,3326.9,653,22
VID07257,2025-11-29,Budget Lifestyle #7257,Lifestyle,10448,686,111,6.33,80.89,646.9,98,14
VID07258,2025-11-29,Tech Hacks #7258,Tech,21475,1531,229,6.83,61.79,819.2,464,20
VID07259,2025-11-29,Parents Be Like #7259,Comedy,15303,574,207,9.75,69.76,2047.8,100,10
VID07260,2025-11-29,Funny Family Moments #7260,Comedy,3926,126,27,4.31,34.32,161.1,47,21
VID07261,2025-11-29,Interview Preparation #7261,Education,4792,309,13,10.36,49.72,84.8,13,22
VID07262,2025-11-29,AI Tools #7262,Tech,67790,7247,103,7.31,53.02,5029.7,823,16
VID07263,2025-11-29,Weekend Vlog #7263,Lifestyle,27414,1168,198,10.7,70.39,4130.5,219,20
VID07264,2025-11-29,Budget Planning #7264,Finance,12998,1154,143,8.6,57.85,1274.9,43,18
VID07265,2025-11-29,Daily Routine #7265,Lifestyle,21297,863,246,7.19,69.3,582.5,435,19
VID07266,2025-11-29,Learning Strategies #7266,Education,36029,1253,420,7.38,60.78,2635.5,117,20
VID07267,2025-11-30,Best Apps #7267,Tech,11302,434,23,10.27,59.65,1353.8,193,20
VID07268,2025-11-30,Expectation vs Reality #7268,Comedy,25634,2342,41,9.88,63.03,2762.1,244,19
VID07269,2025-11-30,AI Tools #7269,Tech,8749,810,20,7.41,74.52,329.4,192,21
VID07270,2025-11-30,Expectation vs Reality #7270,Comedy,123658,12853,694,7.45,72.92,9497.3,2108,16
VID07271,2025-11-30,Healthy Habits #7271,Lifestyle,9674,827,97,7.59,50.88,739.5,170,16
VID07272,2025-11-30,Phone Features You Missed #7272,Tech,10666,818,116,9.14,48.6,852.4,143,14
VID07273,2025-11-30,Best Friend Problems #7273,Comedy,10210,555,126,12.15,53.46,1081.1,162,16
VID07274,2025-11-30,Day In My Life #7274,Lifestyle,45620,4650,430,8.5,59.8,2904.0,257,20
VID07275,2025-11-30,Money Mistakes #7275,Finance,4296,227,20,6.81,71.7,640.2,84,22
VID07276,2025-11-30,Study Tips That Work #7276,Education,111207,9973,842,9.33,56.34,10324.1,1138,19
VID07277,2025-12-01,Parents Be Like #7277,Comedy,79181,8354,279,10.76,51.59,1632.2,1419,14
VID07278,2025-12-01,Parents Be Like #7278,Comedy,11862,1111,95,4.42,62.39,1272.1,99,22
VID07279,2025-12-01,Budget Planning #7279,Finance,20163,2081,89,9.59,66.59,1639.2,203,18
VID07280,2025-12-01,Best Friend Problems #7280,Comedy,2742,183,27,5.94,61.57,352.5,61,18
VID07281,2025-12-01,Morning Routine #7281,Lifestyle,19918,1634,217,9.86,77.54,3338.7,226,18
VID07282,2025-12-01,Best Restaurants #7282,Food,21631,2226,95,8.62,40.59,1354.8,435,20
VID07283,2025-12-01,Game Challenge #7283,Gaming,25405,750,35,7.47,69.44,1713.8,215,20
VID07284,2025-12-01,Food Review #7284,Food,5308,579,56,4.9,41.27,134.6,61,21
VID07285,2025-12-01,Budget Travel Tips #7285,Travel,1906,100,21,7.25,60.37,74.8,14,10
VID07286,2025-12-01,Money Mistakes #7286,Finance,4297,368,11,6.22,48.62,332.1,80,18
VID07287,2025-12-01,Weekend Travel Vlog #7287,Travel,6782,468,80,2.37,63.3,184.8,144,20
VID07288,2025-12-02,Best Friend Problems #7288,Comedy,12032,363,108,8.02,52.77,964.9,205,18
VID07289,2025-12-02,Cooking Tips #7289,Food,5462,463,12,6.64,71.08,818.9,59,20
VID07290,2025-12-02,Easy Recipes #7290,Food,14074,1066,124,7.4,64.01,760.7,109,21
VID07291,2025-12-02,Beginner Guide #7291,Gaming,15105,1379,77,10.52,67.13,430.3,217,20
VID07292,2025-12-02,Expectation vs Reality #7292,Comedy,11092,376,102,6.56,53.61,380.7,187,12
VID07293,2025-12-02,Best Apps #7293,Tech,1057,50,10,6.45,49.28,79.6,5,6
VID07294,2025-12-02,Laptop Buying Guide #7294,Tech,24918,1303,185,8.04,62.3,689.0,444,14
VID07295,2025-12-02,Expectation vs Reality #7295,Comedy,4683,303,31,9.37,54.7,164.2,27,22
VID07296,2025-12-02,Career Tips #7296,Education,1745,66,1,10.1,59.2,207.4,35,18
VID07297,2025-12-02,Expectation vs Reality #7297,Comedy,13164,898,169,10.08,56.61,1126.4,113,12
VID07298,2025-12-03,Relatable College Life #7298,Comedy,3014,157,9,5.99,57.65,314.6,25,19
VID07299,2025-12-03,Exam Preparation Guide #7299,Education,10617,323,121,8.62,54.17,614.2,47,21
VID07300,2025-12-03,Laptop Buying Guide #7300,Tech,10989,1095,75,7.54,75.05,838.9,236,18
VID07301,2025-12-03,Healthy Habits #7301,Lifestyle,1941,144,18,9.09,52.57,70.1,12,20
VID07302,2025-12-03,Useful Tech Tips #7302,Tech,4195,368,43,6.58,84.36,675.0,36,22
VID07303,2025-12-03,Phone Features You Missed #7303,Tech,1029,104,2,5.48,65.73,99.5,12,18
VID07304,2025-12-03,Top Games #7304,Gaming,17485,835,109,8.56,76.7,1406.0,248,16
VID07305,2025-12-03,Interview Preparation #7305,Education,12597,501,49,5.4,56.82,701.2,184,19
VID07306,2025-12-03,Career Tips #7306,Education,3171,144,34,4.58,74.18,350.6,69,10
VID07307,2025-12-03,AI Tools #7307,Tech,7442,196,64,8.4,59.27,547.2,121,19
VID07308,2025-12-04,Top Games #7308,Gaming,26197,1424,329,8.78,52.38,994.4,408,23
VID07309,2025-12-04,Best Places to Visit #7309,Travel,3753,397,30,11.46,54.51,276.0,25,14
VID07310,2025-12-04,Interview Preparation #7310,Education,1830,65,13,8.57,53.46,164.2,34,21
VID07311,2025-12-04,AI Tools #7311,Tech,30613,1625,123,5.51,68.8,1496.9,566,21
VID07312,2025-12-04,Travel Mistakes #7312,Travel,2879,229,14,6.39,63.47,307.6,25,12
VID07313,2025-12-04,Interview Preparation #7313,Education,10991,306,87,9.23,37.98,380.2,170,14
VID07314,2025-12-04,Healthy Habits #7314,Lifestyle,2003,152,12,9.88,70.11,330.8,34,18
VID07315,2025-12-04,Best Places to Visit #7315,Travel,26121,2256,334,6.29,43.25,972.6,158,23
VID07316,2025-12-04,Exam Preparation Guide #7316,Education,8875,358,80,5.64,45.82,803.9,180,14
VID07317,2025-12-04,Beginner Guide #7317,Gaming,3360,166,22,7.3,66.44,226.5,45,20
VID07318,2025-12-04,Best Friend Problems #7318,Comedy,16395,1634,143,7.33,59.8,1187.1,237,18
VID07319,2025-12-05,Saving Money #7319,Finance,8915,840,81,11.18,72.89,458.9,135,21
VID07320,2025-12-05,Productivity Tips #7320,Education,3525,163,43,3.35,55.5,266.8,70,20
VID07321,2025-12-05,Healthy Habits #7321,Lifestyle,9172,929,118,6.79,44.75,381.0,168,20
VID07322,2025-12-05,Exam Preparation Guide #7322,Education,8342,208,27,12.8,71.89,1088.9,63,14
VID07323,2025-12-05,Parents Be Like #7323,Comedy,57289,2673,562,6.15,52.38,6349.1,1141,18
VID07324,2025-12-05,Top Games #7324,Gaming,8681,309,51,5.99,50.46,730.8,121,16
VID07325,2025-12-05,Street Food Tour #7325,Food,8805,446,77,8.22,68.64,258.9,162,20
VID07326,2025-12-05,Budget Meals #7326,Food,17308,1844,221,9.31,40.01,638.7,231,6
VID07327,2025-12-05,Daily Routine #7327,Lifestyle,2865,133,36,6.71,56.78,141.0,16,18
VID07328,2025-12-05,Learning Strategies #7328,Education,6215,562,26,8.64,53.5,465.8,107,22
VID07329,2025-12-06,Exam Preparation Guide #7329,Education,500,33,4,10.2,53.85,23.0,11,22
VID07330,2025-12-06,Study Tips That Work #7330,Education,3364,158,27,13.45,61.56,165.5,12,16
VID07331,2025-12-06,Food Review #7331,Food,21269,1348,17,4.32,43.78,1593.7,445,14
VID07332,2025-12-06,Budget Planning #7332,Finance,9443,746,41,6.35,53.26,411.1,97,16
VID07333,2025-12-06,Food Review #7333,Food,26961,2273,277,9.7,68.76,3311.0,338,16
VID07334,2025-12-06,Cooking Tips #7334,Food,9481,494,49,7.89,74.35,1120.6,212,18
VID07335,2025-12-06,Saving Money #7335,Finance,23737,1226,42,8.25,55.3,707.2,159,18
VID07336,2025-12-06,Food Review #7336,Food,6989,358,89,7.1,64.6,616.3,30,12
VID07337,2025-12-06,Laptop Buying Guide #7337,Tech,18499,1865,138,7.69,75.86,844.8,186,22
VID07338,2025-12-06,Learning Strategies #7338,Education,5587,374,40,5.49,55.43,250.5,87,18
VID07339,2025-12-06,Funny Family Moments #7339,Comedy,49897,1969,516,8.17,73.51,7953.1,434,16
VID07340,2025-12-07,Daily Routine #7340,Lifestyle,10607,615,44,8.25,76.25,991.7,62,6
VID07341,2025-12-07,Funny Family Moments #7341,Comedy,20442,1673,83,7.17,79.39,948.8,82,6
VID07342,2025-12-07,Best Friend Problems #7342,Comedy,39981,2113,489,7.51,57.07,1182.8,588,6
VID07343,2025-12-07,Best Friend Problems #7343,Comedy,13901,1365,75,4.85,64.88,833.0,68,20
VID07344,2025-12-07,Office Comedy #7344,Comedy,41560,4337,169,9.53,74.22,3191.9,276,20
VID07345,2025-12-07,Funny Family Moments #7345,Comedy,44009,1681,272,9.57,66.92,3445.8,899,21
VID07346,2025-12-07,Investment Basics #7346,Finance,14668,1037,146,7.06,52.32,635.5,257,21
VID07347,2025-12-07,Office Comedy #7347,Comedy,6312,687,55,5.02,76.21,534.3,111,19
VID07348,2025-12-07,Saving Money #7348,Finance,12813,479,157,5.75,75.59,1912.0,44,14
VID07349,2025-12-07,Best Restaurants #7349,Food,4659,171,22,6.62,55.71,133.8,14,22
VID07350,2025-12-08,Travel Mistakes #7350,Travel,6317,452,32,4.31,74.81,665.8,63,21
VID07351,2025-12-08,Beginner Guide #7351,Gaming,5480,463,39,4.49,78.72,511.2,28,20
VID07352,2025-12-08,Relatable College Life #7352,Comedy,14222,1467,72,8.72,54.14,809.1,237,20
VID07353,2025-12-08,Budget Lifestyle #7353,Lifestyle,55496,5512,654,10.26,55.36,2169.1,172,22
VID07354,2025-12-08,Parents Be Like #7354,Comedy,35036,1567,443,4.27,67.7,3512.7,715,22
VID07355,2025-12-08,Gaming Highlights #7355,Gaming,33457,3438,165,7.16,84.87,1414.8,209,22
VID07356,2025-12-08,Phone Features You Missed #7356,Tech,10614,843,10,7.23,83.44,1881.9,98,12
VID07357,2025-12-08,Best Friend Problems #7357,Comedy,26496,1970,243,8.46,51.5,2048.3,500,19
VID07358,2025-12-08,Budget Lifestyle #7358,Lifestyle,25582,1167,341,8.56,59.66,3407.0,423,8
VID07359,2025-12-08,Learning Strategies #7359,Education,21598,620,153,5.97,57.58,871.9,158,16
VID07360,2025-12-09,Best Apps #7360,Tech,3294,303,26,4.42,63.22,304.4,47,20
VID07361,2025-12-09,Study Tips That Work #7361,Education,22178,1756,117,5.43,51.94,1148.2,302,21
VID07362,2025-12-09,Travel Mistakes #7362,Travel,10259,474,61,7.32,65.06,1269.0,199,18
VID07363,2025-12-09,Morning Routine #7363,Lifestyle,8446,852,110,9.59,55.51,269.5,137,21
VID07364,2025-12-09,Study Tips That Work #7364,Education,12784,1402,78,7.68,62.44,680.4,209,20
VID07365,2025-12-09,Travel Guide #7365,Travel,12553,693,89,8.0,48.55,1303.2,48,20
VID07366,2025-12-09,Best Places to Visit #7366,Travel,1592,155,1,8.65,53.19,71.9,11,12
VID07367,2025-12-09,Beginner Guide #7367,Gaming,17571,1649,91,5.86,52.59,653.2,75,18
VID07368,2025-12-09,Travel Guide #7368,Travel,9470,561,89,10.12,61.22,1057.3,108,16
VID07369,2025-12-09,Career Tips #7369,Education,12846,384,26,6.53,58.77,911.4,195,12
VID07370,2025-12-09,Study Tips That Work #7370,Education,3529,155,8,5.49,49.97,275.3,21,20
VID07371,2025-12-10,Study Tips That Work #7371,Education,5356,457,58,5.26,58.78,192.2,65,12
VID07372,2025-12-10,Travel Guide #7372,Travel,13582,810,111,6.02,80.94,1539.4,220,12
VID07373,2025-12-10,Parents Be Like #7373,Comedy,2282,136,16,6.6,49.73,110.3,12,20
VID07374,2025-12-10,Credit Score Tips #7374,Finance,20844,1606,278,8.7,84.42,2456.2,534,20
VID07375,2025-12-10,Career Tips #7375,Education,1536,119,7,7.29,54.87,112.1,17,22
VID07376,2025-12-10,Best Apps #7376,Tech,7869,367,26,10.37,70.39,560.3,30,20
VID07377,2025-12-10,Budget Lifestyle #7377,Lifestyle,7860,477,12,8.65,54.62,985.2,89,20
VID07378,2025-12-10,Budget Travel Tips #7378,Travel,25667,1536,36,10.23,36.45,1073.5,403,19
VID07379,2025-12-10,Productivity Tips #7379,Education,1145,123,13,7.17,56.12,25.1,11,19
VID07380,2025-12-10,Productivity Tips #7380,Education,9846,936,109,3.91,71.03,1251.3,138,8
VID07381,2025-12-11,Weekend Vlog #7381,Lifestyle,12359,794,145,6.43,40.52,842.0,157,20
VID07382,2025-12-11,Travel Guide #7382,Travel,1238,48,17,8.22,72.08,71.3,20,18
VID07383,2025-12-11,Best Friend Problems #7383,Comedy,4794,503,59,11.69,51.53,525.9,36,18
VID07384,2025-12-11,Food Review #7384,Food,160467,4390,1791,9.08,55.35,14314.5,1472,20
VID07385,2025-12-11,Best Settings #7385,Gaming,18787,730,227,8.82,70.82,3162.7,73,21
VID07386,2025-12-11,Weekend Vlog #7386,Lifestyle,26710,2218,147,9.01,46.23,1363.9,344,20
VID07387,2025-12-11,Street Food Tour #7387,Food,27273,2923,270,8.04,65.31,902.1,297,20
VID07388,2025-12-11,Travel Mistakes #7388,Travel,67377,6023,242,6.62,72.26,5141.4,1569,18
VID07389,2025-12-11,Credit Score Tips #7389,Finance,7640,820,81,11.96,60.67,189.1,61,10
VID07390,2025-12-11,Best Friend Problems #7390,Comedy,21094,1229,18,8.17,70.47,1263.8,502,12
VID07391,2025-12-11,Laptop Buying Guide #7391,Tech,6580,541,16,9.72,71.97,826.3,127,19
VID07392,2025-12-12,Healthy Habits #7392,Lifestyle,8296,731,75,8.54,52.25,303.0,155,16
VID07393,2025-12-12,Expectation vs Reality #7393,Comedy,5623,177,58,8.88,47.78,544.6,23,10
VID07394,2025-12-12,Tech Hacks #7394,Tech,54160,5229,542,6.44,60.76,4833.9,363,23
VID07395,2025-12-12,Career Tips #7395,Education,9123,350,52,8.54,79.74,818.7,185,16
VID07396,2025-12-12,Daily Routine #7396,Lifestyle,13900,1327,45,7.95,66.73,1202.1,142,18
VID07397,2025-12-12,Budget Travel Tips #7397,Travel,6947,739,82,8.01,55.92,574.3,97,19
VID07398,2025-12-12,Office Comedy #7398,Comedy,12489,1208,91,10.08,68.94,1216.6,110,23
VID07399,2025-12-12,Investment Basics #7399,Finance,19783,634,53,7.14,56.37,2621.9,253,22
VID07400,2025-12-12,Investment Basics #7400,Finance,12179,721,159,6.4,58.8,1148.3,86,19
VID07401,2025-12-12,Food Review #7401,Food,4905,322,55,4.18,63.02,307.1,92,22
VID07402,2025-12-13,Weekend Vlog #7402,Lifestyle,14655,1338,118,2.56,54.17,717.6,153,20
VID07403,2025-12-13,Study Tips That Work #7403,Education,7767,221,21,9.59,61.84,821.6,176,18
VID07404,2025-12-13,Office Comedy #7404,Comedy,4472,177,27,6.15,59.33,116.8,85,22
VID07405,2025-12-13,Career Tips #7405,Education,2211,131,20,11.48,64.04,68.1,43,19
VID07406,2025-12-13,Healthy Habits #7406,Lifestyle,30460,2597,426,5.48,51.4,1529.8,96,14
VID07407,2025-12-13,Learning Strategies #7407,Education,3356,354,15,5.76,63.22,81.4,56,21
VID07408,2025-12-13,Study Tips That Work #7408,Education,19753,550,95,5.25,61.21,1595.2,149,14
VID07409,2025-12-13,Best Settings #7409,Gaming,9611,416,83,5.73,53.63,1077.9,188,16
VID07410,2025-12-13,Best Places to Visit #7410,Travel,55526,3621,282,4.82,67.45,2895.0,457,21
VID07411,2025-12-13,Career Tips #7411,Education,2528,104,15,6.12,58.51,273.5,55,22
VID07412,2025-12-14,Budget Meals #7412,Food,16213,485,226,13.23,69.22,1899.8,300,20
VID07413,2025-12-14,Budget Lifestyle #7413,Lifestyle,7925,433,81,7.08,69.43,554.5,71,19
VID07414,2025-12-14,Street Food Tour #7414,Food,6627,231,38,6.79,59.29,594.5,151,12
VID07415,2025-12-14,Morning Routine #7415,Lifestyle,26584,2395,324,8.98,81.55,2884.7,208,8
VID07416,2025-12-14,Phone Features You Missed #7416,Tech,10257,882,140,7.3,49.56,826.7,81,20
VID07417,2025-12-14,Game Challenge #7417,Gaming,31754,927,67,10.72,62.99,3798.1,708,12
VID07418,2025-12-14,Productivity Tips #7418,Education,7334,246,40,9.58,48.32,627.2,139,12
VID07419,2025-12-14,Parents Be Like #7419,Comedy,4414,335,40,8.88,79.05,423.7,84,10
VID07420,2025-12-14,Best Friend Problems #7420,Comedy,11863,372,67,5.62,71.37,582.8,109,16
VID07421,2025-12-14,Budget Travel Tips #7421,Travel,15312,1330,210,3.84,79.74,1631.3,279,12
VID07422,2025-12-14,Relatable College Life #7422,Comedy,28970,2257,64,7.42,61.94,2625.1,259,21
VID07423,2025-12-15,Productivity Tips #7423,Education,24169,1112,21,4.8,60.43,2226.7,359,12
VID07424,2025-12-15,Best Friend Problems #7424,Comedy,8232,651,45,3.17,57.25,747.1,179,20
VID07425,2025-12-15,Travel Mistakes #7425,Travel,2988,173,11,11.81,61.78,275.5,47,10
VID07426,2025-12-15,Relatable College Life #7426,Comedy,8384,535,36,5.2,63.82,853.5,82,21
VID07427,2025-12-15,Travel Guide #7427,Travel,29865,932,373,9.08,66.25,2251.4,660,19
VID07428,2025-12-15,Weekend Vlog #7428,Lifestyle,8247,676,92,8.75,42.9,491.7,86,6
VID07429,2025-12-15,Gaming Highlights #7429,Gaming,37610,3332,323,9.38,71.99,5516.0,432,16
VID07430,2025-12-15,Phone Features You Missed #7430,Tech,11200,1110,37,5.3,65.36,807.7,100,19
VID07431,2025-12-15,Saving Money #7431,Finance,6793,628,94,9.72,63.74,512.3,74,20
VID07432,2025-12-15,Parents Be Like #7432,Comedy,11720,396,132,6.84,55.89,1228.7,94,10
VID07433,2025-12-16,Food Review #7433,Food,4466,129,60,8.15,77.69,313.8,111,20
VID07434,2025-12-16,Game Challenge #7434,Gaming,2888,191,22,9.41,65.22,161.9,11,21
VID07435,2025-12-16,Funny Family Moments #7435,Comedy,18104,1270,186,13.39,63.43,1357.8,155,10
VID07436,2025-12-16,Game Challenge #7436,Gaming,15939,1376,96,4.15,57.16,1260.2,290,23
VID07437,2025-12-16,Budget Travel Tips #7437,Travel,176406,6799,1283,9.26,52.47,6309.7,1196,12
VID07438,2025-12-16,Saving Money #7438,Finance,4906,214,33,2.7,69.33,312.2,53,10
VID07439,2025-12-16,Relatable College Life #7439,Comedy,16874,1373,205,9.2,70.17,1155.7,337,16
VID07440,2025-12-16,AI Tools #7440,Tech,23707,1676,211,4.89,33.78,905.9,208,21
VID07441,2025-12-16,Useful Tech Tips #7441,Tech,26860,2066,342,5.7,52.09,3200.7,565,23
VID07442,2025-12-16,Office Comedy #7442,Comedy,4434,482,20,8.45,69.64,411.8,96,8
VID07443,2025-12-16,Funny Family Moments #7443,Comedy,37953,3625,508,5.57,35.43,663.4,732,18
VID07444,2025-12-17,Hidden Places #7444,Travel,686,24,5,10.17,62.69,64.5,11,21
VID07445,2025-12-17,Healthy Habits #7445,Lifestyle,25085,867,311,8.34,63.2,1298.7,121,19
VID07446,2025-12-17,Learning Strategies #7446,Education,30553,2349,375,6.12,34.15,1366.3,312,20
VID07447,2025-12-17,Easy Recipes #7447,Food,25880,726,215,8.44,74.53,2146.7,114,8
VID07448,2025-12-17,Best Places to Visit #7448,Travel,4524,319,58,7.74,67.84,394.6,75,21
VID07449,2025-12-17,Best Friend Problems #7449,Comedy,11611,433,21,9.6,72.54,1278.7,70,23
VID07450,2025-12-17,Personal Finance Tips #7450,Finance,3200,266,3,6.85,55.81,91.5,43,12
VID07451,2025-12-17,Cooking Tips #7451,Food,23994,892,104,10.61,57.23,2657.2,507,8
VID07452,2025-12-17,Learning Strategies #7452,Education,7458,656,82,8.76,63.22,296.9,118,16
VID07453,2025-12-17,Office Comedy #7453,Comedy,86820,5184,327,6.42,57.66,3640.3,1225,18
VID07454,2025-12-18,Relatable College Life #7454,Comedy,1222,31,16,9.25,50.49,130.7,23,19
VID07455,2025-12-18,Laptop Buying Guide #7455,Tech,13629,1040,143,9.43,49.46,1279.5,149,21
VID07456,2025-12-18,Travel Guide #7456,Travel,133312,12782,1757,5.88,64.39,5231.8,2681,6
VID07457,2025-12-18,Food Review #7457,Food,6056,515,5,6.56,48.89,274.2,129,21
VID07458,2025-12-18,Laptop Buying Guide #7458,Tech,11114,467,102,11.3,64.19,937.6,67,16
VID07459,2025-12-18,Best Apps #7459,Tech,13775,611,112,8.34,66.5,809.9,56,16
VID07460,2025-12-18,Laptop Buying Guide #7460,Tech,23544,696,191,9.65,57.99,1466.1,260,22
VID07461,2025-12-18,Hidden Places #7461,Travel,17502,1341,237,6.29,77.9,1620.3,316,19
VID07462,2025-12-18,Travel Guide #7462,Travel,22742,999,280,5.06,40.64,504.6,235,21
VID07463,2025-12-18,Budget Travel Tips #7463,Travel,16931,1219,102,7.83,65.81,454.9,310,14
VID07464,2025-12-19,Best Restaurants #7464,Food,7847,237,19,8.08,69.67,1027.5,101,16
VID07465,2025-12-19,Healthy Habits #7465,Lifestyle,20130,1616,183,4.98,51.9,1449.4,359,19
VID07466,2025-12-19,Career Tips #7466,Education,21383,1736,91,7.64,66.9,1698.8,110,12
VID07467,2025-12-19,Easy Recipes #7467,Food,1784,58,24,9.44,54.57,212.7,14,22
VID07468,2025-12-19,Expectation vs Reality #7468,Comedy,38708,2038,132,7.32,61.65,3805.0,493,14
VID07469,2025-12-19,Morning Routine #7469,Lifestyle,6360,594,28,6.24,45.05,94.8,108,16
VID07470,2025-12-19,Healthy Habits #7470,Lifestyle,12265,315,150,8.53,66.84,1235.3,231,20
VID07471,2025-12-19,Useful Tech Tips #7471,Tech,32853,3279,254,6.78,60.7,870.7,277,19
VID07472,2025-12-19,Best Places to Visit #7472,Travel,1974,136,4,4.98,61.39,152.1,13,12
VID07473,2025-12-19,Money Mistakes #7473,Finance,4749,372,42,6.59,90.0,219.6,69,22
VID07474,2025-12-19,Weekend Travel Vlog #7474,Travel,59654,2085,430,12.12,74.33,6805.0,301,21
VID07475,2025-12-20,Productivity Tips #7475,Education,12946,1030,133,7.26,63.41,1032.7,293,20
VID07476,2025-12-20,Investment Basics #7476,Finance,3472,110,5,9.45,45.2,232.3,13,12
VID07477,2025-12-20,Parents Be Like #7477,Comedy,17197,1462,188,7.96,55.02,1563.7,244,20
VID07478,2025-12-20,Gaming Tips #7478,Gaming,18054,505,15,6.26,49.75,706.0,180,23
VID07479,2025-12-20,Career Tips #7479,Education,1606,157,8,8.17,61.69,90.4,25,22
VID07480,2025-12-20,Exam Preparation Guide #7480,Education,3416,170,3,5.67,59.54,137.4,9,12
VID07481,2025-12-20,Day In My Life #7481,Lifestyle,62432,2575,162,6.35,76.54,2630.4,1273,12
VID07482,2025-12-20,Productivity Tips #7482,Education,17893,1633,51,10.22,62.3,1572.2,304,21
VID07483,2025-12-20,Expectation vs Reality #7483,Comedy,20813,2173,63,7.7,72.55,1366.0,73,18
VID07484,2025-12-20,Street Food Tour #7484,Food,540,17,3,5.4,47.56,29.9,6,21
VID07485,2025-12-21,Useful Tech Tips #7485,Tech,1814,132,6,7.64,51.46,118.3,15,20
VID07486,2025-12-21,Career Tips #7486,Education,5135,530,70,6.9,69.92,453.8,65,22
VID07487,2025-12-21,Best Apps #7487,Tech,7186,265,15,5.44,63.83,560.3,84,23
VID07488,2025-12-21,Parents Be Like #7488,Comedy,16738,810,222,8.22,63.17,720.4,326,21
VID07489,2025-12-21,Food Review #7489,Food,10453,807,42,11.81,66.37,453.1,231,10
VID07490,2025-12-21,Credit Score Tips #7490,Finance,16528,1319,142,6.27,62.56,2213.3,185,22
VID07491,2025-12-21,AI Tools #7491,Tech,58389,2577,611,6.36,57.62,6358.8,1292,16
VID07492,2025-12-21,Career Tips #7492,Education,8063,601,60,7.68,52.44,273.7,127,20
VID07493,2025-12-21,Weekend Vlog #7493,Lifestyle,6324,269,45,5.82,73.43,763.3,129,18
VID07494,2025-12-21,Best Apps #7494,Tech,1754,96,15,7.33,58.92,117.3,35,23
VID07495,2025-12-21,Exam Preparation Guide #7495,Education,91356,4525,209,7.5,56.16,3138.9,879,10
VID07496,2025-12-22,Funny Family Moments #7496,Comedy,29284,1926,372,4.82,72.77,5087.4,439,16
VID07497,2025-12-22,AI Tools #7497,Tech,5294,386,28,8.32,72.73,623.1,129,19
VID07498,2025-12-22,Funny Family Moments #7498,Comedy,54917,1978,523,6.28,52.37,4550.4,501,16
VID07499,2025-12-22,Budget Meals #7499,Food,3145,129,14,7.45,58.78,99.0,54,10
VID07500,2025-12-22,AI Tools #7500,Tech,11314,678,121,5.75,46.32,631.0,192,21
VID07501,2025-12-22,Food Review #7501,Food,14320,1326,52,9.2,54.81,1234.4,206,21
VID07502,2025-12-22,Best Settings #7502,Gaming,10731,402,118,8.26,72.47,657.5,38,23
VID07503,2025-12-22,Funny Family Moments #7503,Comedy,26887,871,138,10.3,57.81,2372.5,455,12
VID07504,2025-12-22,Best Apps #7504,Tech,12573,1334,32,7.8,45.86,1008.2,154,18
VID07505,2025-12-22,Morning Routine #7505,Lifestyle,34848,2653,454,8.21,45.72,2421.8,670,21
VID07506,2025-12-23,Money Mistakes #7506,Finance,42079,3503,136,11.1,49.41,4375.4,664,22
VID07507,2025-12-23,Productivity Tips #7507,Education,2154,182,6,7.68,55.39,200.2,29,21
VID07508,2025-12-23,Easy Recipes #7508,Food,20016,766,49,6.95,71.28,2544.4,134,8
VID07509,2025-12-23,Beginner Guide #7509,Gaming,9704,524,30,4.71,80.46,1664.8,80,22
VID07510,2025-12-23,Expectation vs Reality #7510,Comedy,12764,475,128,7.03,52.57,1292.8,246,8
VID07511,2025-12-23,Morning Routine #7511,Lifestyle,2270,110,18,7.56,48.61,72.2,15,8
VID07512,2025-12-23,Budget Meals #7512,Food,6877,180,72,2.69,53.66,501.6,120,23
VID07513,2025-12-23,Best Restaurants #7513,Food,8430,503,62,10.73,49.07,640.5,114,20
VID07514,2025-12-23,Beginner Guide #7514,Gaming,6635,205,47,10.19,56.84,879.0,42,22
VID07515,2025-12-23,Relatable College Life #7515,Comedy,32899,3143,422,4.86,65.01,1798.2,688,12
VID07516,2025-12-24,Cooking Tips #7516,Food,16864,451,222,7.21,42.36,464.4,201,8
VID07517,2025-12-24,Budget Meals #7517,Food,9048,250,48,6.55,77.93,549.7,162,18
VID07518,2025-12-24,Easy Recipes #7518,Food,11370,636,75,6.65,32.97,648.4,134,16
VID07519,2025-12-24,Saving Money #7519,Finance,3727,109,48,8.44,66.59,99.2,76,14
VID07520,2025-12-24,Career Tips #7520,Education,3014,241,33,11.07,58.63,322.3,57,20
VID07521,2025-12-24,Gaming Highlights #7521,Gaming,2495,105,30,8.05,48.11,151.1,8,22
VID07522,2025-12-24,Cooking Tips #7522,Food,1720,166,15,8.78,52.23,43.6,37,10
VID07523,2025-12-24,Budget Meals #7523,Food,23035,1543,171,8.43,58.37,1414.7,76,16
VID07524,2025-12-24,Best Friend Problems #7524,Comedy,22934,1269,54,8.18,62.0,958.1,337,21
VID07525,2025-12-24,Budget Travel Tips #7525,Travel,4224,214,38,9.88,66.63,387.3,32,10
VID07526,2025-12-24,Investment Basics #7526,Finance,19571,992,63,6.21,61.7,1405.5,153,20
VID07527,2025-12-25,Relatable College Life #7527,Comedy,3360,179,42,6.13,61.26,314.6,49,10
VID07528,2025-12-25,Interview Preparation #7528,Education,4826,490,24,5.21,61.2,184.4,14,19
VID07529,2025-12-25,Best Apps #7529,Tech,8759,933,71,8.5,78.8,680.5,156,19
VID07530,2025-12-25,Daily Routine #7530,Lifestyle,5651,487,18,8.47,85.91,313.3,134,18
VID07531,2025-12-25,Weekend Travel Vlog #7531,Travel,2428,174,29,6.95,36.21,161.7,38,20
VID07532,2025-12-25,Study Tips That Work #7532,Education,14478,1014,95,5.0,66.83,480.0,158,21
VID07533,2025-12-25,Morning Routine #7533,Lifestyle,23565,1533,176,13.47,65.7,2461.5,544,18
VID07534,2025-12-25,Easy Recipes #7534,Food,10619,932,137,5.2,76.1,688.5,232,19
VID07535,2025-12-25,Budget Lifestyle #7535,Lifestyle,8290,615,66,9.09,66.29,629.1,174,18
VID07536,2025-12-25,Weekend Travel Vlog #7536,Travel,21462,2171,187,8.85,70.75,3251.1,424,22
VID07537,2025-12-26,Funny Family Moments #7537,Comedy,40565,1662,62,9.49,55.72,3660.4,591,19
VID07538,2025-12-26,Phone Features You Missed #7538,Tech,26277,688,274,4.88,59.35,1852.4,361,22
VID07539,2025-12-26,Exam Preparation Guide #7539,Education,29839,898,243,5.88,48.6,1800.3,322,18
VID07540,2025-12-26,Study Tips That Work #7540,Education,34201,2946,241,4.28,61.81,3485.5,310,21
VID07541,2025-12-26,Useful Tech Tips #7541,Tech,13401,1076,29,8.46,52.52,1116.3,144,10
VID07542,2025-12-26,AI Tools #7542,Tech,4237,163,21,11.66,85.67,485.1,99,14
VID07543,2025-12-26,Personal Finance Tips #7543,Finance,14699,483,126,4.94,45.2,383.5,45,21
VID07544,2025-12-26,Funny Family Moments #7544,Comedy,70113,7398,68,10.31,72.66,6991.4,372,19
VID07545,2025-12-26,Useful Tech Tips #7545,Tech,36001,3661,381,9.74,54.69,3113.9,658,21
VID07546,2025-12-26,Career Tips #7546,Education,7689,249,22,10.71,58.1,338.2,72,16
VID07547,2025-12-26,Parents Be Like #7547,Comedy,10974,883,144,9.14,57.81,794.3,227,8
VID07548,2025-12-27,Study Tips That Work #7548,Education,12989,491,158,7.44,62.45,1155.2,88,12
VID07549,2025-12-27,Money Mistakes #7549,Finance,18899,1272,138,8.06,87.51,1365.8,294,8
VID07550,2025-12-27,Office Comedy #7550,Comedy,2728,138,5,10.48,53.24,180.1,19,8
VID07551,2025-12-27,Hidden Places #7551,Travel,5143,211,28,11.13,50.1,528.6,44,20
VID07552,2025-12-27,Morning Routine #7552,Lifestyle,16939,1269,134,10.2,46.73,1124.3,250,22
VID07553,2025-12-27,Study Tips That Work #7553,Education,15942,1274,58,8.97,56.48,1271.0,108,18
VID07554,2025-12-27,Parents Be Like #7554,Comedy,30123,3301,150,7.37,74.68,3537.9,106,6
VID07555,2025-12-27,Hidden Places #7555,Travel,7251,743,61,7.2,69.5,966.5,90,20
VID07556,2025-12-27,Cooking Tips #7556,Food,57451,1537,193,6.28,60.19,3012.0,552,19
VID07557,2025-12-27,Funny Family Moments #7557,Comedy,3177,201,36,8.01,53.83,227.3,21,12
VID07558,2025-12-28,Game Challenge #7558,Gaming,3950,158,25,11.51,63.75,323.2,35,16
VID07559,2025-12-28,Productivity Tips #7559,Education,7105,703,60,8.56,51.47,885.3,131,22
VID07560,2025-12-28,Study Tips That Work #7560,Education,3066,199,18,10.43,42.64,241.7,30,21
VID07561,2025-12-28,Budget Planning #7561,Finance,6692,648,56,9.2,46.75,176.6,99,19
VID07562,2025-12-28,Productivity Tips #7562,Education,9077,907,97,5.68,63.12,314.0,175,21
VID07563,2025-12-28,Hidden Places #7563,Travel,16233,545,47,10.53,90.0,1980.9,170,21
VID07564,2025-12-28,Best Places to Visit #7564,Travel,17263,1681,39,7.65,67.24,2030.8,52,6
VID07565,2025-12-28,Travel Mistakes #7565,Travel,19927,848,222,5.72,41.71,1104.6,300,12
VID07566,2025-12-28,Office Comedy #7566,Comedy,23046,1163,278,6.87,59.62,1091.5,120,22
VID07567,2025-12-28,Learning Strategies #7567,Education,12768,746,24,7.41,80.4,683.4,130,12
VID07568,2025-12-29,Investment Basics #7568,Finance,5661,435,41,7.37,66.99,446.8,57,18
VID07569,2025-12-29,Easy Recipes #7569,Food,53537,5658,667,6.07,46.13,3421.3,618,16
VID07570,2025-12-29,AI Tools #7570,Tech,14223,981,192,8.06,44.19,1052.5,47,22
VID07571,2025-12-29,Relatable College Life #7571,Comedy,43015,1215,294,7.34,33.71,642.7,730,20
VID07572,2025-12-29,Office Comedy #7572,Comedy,11078,373,99,12.38,62.17,1038.0,138,23
VID07573,2025-12-29,Office Comedy #7573,Comedy,3533,253,21,4.73,71.24,200.1,49,23
VID07574,2025-12-29,Cooking Tips #7574,Food,16068,654,101,8.69,59.8,677.5,237,18
VID07575,2025-12-29,Weekend Vlog #7575,Lifestyle,18538,1804,65,8.09,67.13,2116.6,168,8
VID07576,2025-12-29,Tech Hacks #7576,Tech,8781,848,33,6.77,59.1,183.2,148,20
VID07577,2025-12-29,Study Tips That Work #7577,Education,9114,880,50,2.89,67.1,834.1,28,19
VID07578,2025-12-29,Hidden Places #7578,Travel,2128,95,9,4.62,73.24,215.3,7,16
VID07579,2025-12-30,Exam Preparation Guide #7579,Education,2232,215,19,6.58,87.66,240.3,11,14
VID07580,2025-12-30,Weekend Vlog #7580,Lifestyle,6637,439,58,9.75,40.77,231.2,78,10
VID07581,2025-12-30,Game Challenge #7581,Gaming,35777,3611,80,6.82,48.75,1808.1,569,6
VID07582,2025-12-30,Best Settings #7582,Gaming,19337,930,109,5.79,61.11,614.7,303,19
VID07583,2025-12-30,Exam Preparation Guide #7583,Education,17018,810,93,4.74,78.94,2230.4,77,19
VID07584,2025-12-30,Expectation vs Reality #7584,Comedy,16400,1668,174,2.4,83.27,1763.3,124,8
VID07585,2025-12-30,Parents Be Like #7585,Comedy,2792,286,12,5.03,60.73,249.7,63,19
VID07586,2025-12-30,Healthy Habits #7586,Lifestyle,30584,1191,121,5.82,71.86,3169.7,292,16
VID07587,2025-12-30,Food Review #7587,Food,16925,1066,43,6.98,60.67,721.9,243,18
VID07588,2025-12-30,Investment Basics #7588,Finance,2809,110,21,8.22,52.39,239.9,61,19
VID07589,2025-12-31,Parents Be Like #7589,Comedy,22924,1625,80,8.35,55.12,2388.0,86,18
VID07590,2025-12-31,Useful Tech Tips #7590,Tech,45398,3359,291,5.85,57.01,3879.7,259,22
VID07591,2025-12-31,Office Comedy #7591,Comedy,24319,1342,69,9.45,61.95,2230.7,559,12
VID07592,2025-12-31,Office Comedy #7592,Comedy,7848,598,70,9.3,67.49,288.8,103,10
VID07593,2025-12-31,Relatable College Life #7593,Comedy,9160,839,14,6.84,57.34,798.9,118,22
VID07594,2025-12-31,Weekend Travel Vlog #7594,Travel,24397,2494,138,5.17,36.89,1899.6,170,21
VID07595,2025-12-31,Street Food Tour #7595,Food,878,56,10,4.77,45.47,64.9,17,21
VID07596,2025-12-31,Parents Be Like #7596,Comedy,9679,823,97,5.46,70.78,361.7,144,19
VID07597,2025-12-31,Beginner Guide #7597,Gaming,3214,185,19,5.73,82.4,358.7,46,21
VID07598,2025-12-31,Tech Hacks #7598,Tech,6804,244,68,11.1,61.33,867.0,136,10
VID07599,2026-01-01,Interview Preparation #7599,Education,586,63,1,6.25,62.43,33.7,6,16
VID07600,2026-01-01,Useful Tech Tips #7600,Tech,8925,341,68,8.51,72.58,1149.5,121,20
VID07601,2026-01-01,Budget Lifestyle #7601,Lifestyle,12410,1210,60,5.45,59.2,1111.9,79,10
VID07602,2026-01-01,Parents Be Like #7602,Comedy,8016,208,39,3.88,57.75,335.9,67,23
VID07603,2026-01-01,Daily Routine #7603,Lifestyle,25807,1988,272,7.83,58.95,985.7,198,18
VID07604,2026-01-01,Budget Meals #7604,Food,15979,556,197,6.1,78.17,1717.3,275,20
VID07605,2026-01-01,Productivity Tips #7605,Education,10467,882,32,8.31,90.0,991.1,47,14
VID07606,2026-01-01,Useful Tech Tips #7606,Tech,6698,690,35,9.56,48.54,363.3,52,6
VID07607,2026-01-01,Productivity Tips #7607,Education,28997,1107,315,9.04,66.61,2585.2,679,10
VID07608,2026-01-01,Exam Preparation Guide #7608,Education,19758,1511,175,6.13,48.49,1514.2,134,14
VID07609,2026-01-01,Best Settings #7609,Gaming,35347,3610,204,9.45,57.2,3666.5,201,20
VID07610,2026-01-02,Best Settings #7610,Gaming,10361,963,97,4.83,67.85,1382.1,210,10
VID07611,2026-01-02,Top Games #7611,Gaming,2684,115,26,9.11,54.57,114.6,39,21
VID07612,2026-01-02,Credit Score Tips #7612,Finance,16327,1356,163,8.62,58.13,598.6,222,18
VID07613,2026-01-02,Expectation vs Reality #7613,Comedy,2875,91,12,12.45,74.34,391.8,31,22
VID07614,2026-01-02,Cooking Tips #7614,Food,45003,2140,385,3.53,77.29,3236.3,668,12
VID07615,2026-01-02,Useful Tech Tips #7615,Tech,21111,1850,75,5.18,46.78,1030.6,176,20
VID07616,2026-01-02,Budget Travel Tips #7616,Travel,6149,463,45,8.98,58.66,291.4,68,6
VID07617,2026-01-02,Funny Family Moments #7617,Comedy,14070,619,154,7.72,58.13,454.9,277,14
VID07618,2026-01-02,Daily Routine #7618,Lifestyle,5427,475,18,7.29,46.97,402.8,25,21
VID07619,2026-01-02,Expectation vs Reality #7619,Comedy,25755,745,251,6.71,78.34,3596.7,530,19
VID07620,2026-01-03,AI Tools #7620,Tech,20462,1886,171,6.61,39.52,1112.5,216,21
VID07621,2026-01-03,Budget Meals #7621,Food,5987,603,28,9.41,56.09,450.7,72,8
VID07622,2026-01-03,Game Challenge #7622,Gaming,3379,298,13,6.01,73.21,390.5,80,18
VID07623,2026-01-03,Relatable College Life #7623,Comedy,4885,188,22,8.9,56.68,289.1,23,16
VID07624,2026-01-03,Budget Travel Tips #7624,Travel,8128,855,85,9.6,48.16,451.6,89,16
VID07625,2026-01-03,Game Challenge #7625,Gaming,38719,3038,199,10.89,51.55,2779.2,847,21
VID07626,2026-01-03,Best Places to Visit #7626,Travel,54263,3957,743,10.39,90.0,9021.4,848,20
VID07627,2026-01-03,Budget Travel Tips #7627,Travel,4808,509,9,7.43,71.14,143.7,20,16
VID07628,2026-01-03,Personal Finance Tips #7628,Finance,37178,973,326,8.22,48.47,1598.7,367,19
VID07629,2026-01-03,Daily Routine #7629,Lifestyle,1961,51,17,6.42,62.47,139.2,23,18
VID07630,2026-01-03,Morning Routine #7630,Lifestyle,2455,131,19,4.84,65.13,226.9,31,6
VID07631,2026-01-04,Parents Be Like #7631,Comedy,22277,1921,175,8.79,55.71,2024.7,251,18
VID07632,2026-01-04,Best Settings #7632,Gaming,6242,683,34,5.5,75.61,587.9,96,14
VID07633,2026-01-04,Funny Family Moments #7633,Comedy,12529,1041,115,8.39,71.4,534.3,131,19
VID07634,2026-01-04,Cooking Tips #7634,Food,9731,277,13,8.34,66.89,960.0,87,16
VID07635,2026-01-04,Cooking Tips #7635,Food,6012,206,51,3.97,74.45,184.8,66,19
VID07636,2026-01-04,Best Places to Visit #7636,Travel,1530,138,5,7.08,58.82,80.6,13,18
VID07637,2026-01-04,Easy Recipes #7637,Food,872,35,3,7.26,70.65,36.2,4,20
VID07638,2026-01-04,Tech Hacks #7638,Tech,24416,1556,254,5.23,61.12,1954.9,153,12
VID07639,2026-01-04,Food Review #7639,Food,41440,4406,560,10.23,51.87,4665.9,415,12
VID07640,2026-01-04,Personal Finance Tips #7640,Finance,6022,393,81,6.4,72.45,333.4,82,19
VID07641,2026-01-05,Learning Strategies #7641,Education,3694,130,6,6.32,82.9,390.1,17,19
VID07642,2026-01-05,Budget Travel Tips #7642,Travel,18579,915,69,5.53,48.27,605.5,164,14
VID07643,2026-01-05,Weekend Travel Vlog #7643,Travel,47341,4320,589,10.36,69.38,5855.5,795,14
VID07644,2026-01-05,Day In My Life #7644,Lifestyle,19542,1886,44,5.63,65.02,2134.1,308,10
VID07645,2026-01-05,Morning Routine #7645,Lifestyle,4951,518,48,7.6,47.56,337.7,25,14
VID07646,2026-01-05,Top Games #7646,Gaming,3953,142,51,5.3,38.1,167.2,42,23
VID07647,2026-01-05,Expectation vs Reality #7647,Comedy,43492,1239,130,10.5,48.11,3808.6,441,20
VID07648,2026-01-05,Day In My Life #7648,Lifestyle,4397,279,45,8.57,58.57,162.7,18,18
VID07649,2026-01-05,Office Comedy #7649,Comedy,3425,376,14,8.36,69.08,259.3,65,21
VID07650,2026-01-05,Office Comedy #7650,Comedy,3540,202,24,7.26,61.08,269.4,48,10
VID07651,2026-01-06,Relatable College Life #7651,Comedy,20951,709,137,3.62,53.55,1007.5,204,16
VID07652,2026-01-06,Travel Mistakes #7652,Travel,83346,5419,221,3.25,64.5,10646.5,545,21
VID07653,2026-01-06,Personal Finance Tips #7653,Finance,3703,169,9,8.06,38.1,209.2,72,22
VID07654,2026-01-06,Healthy Habits #7654,Lifestyle,35645,1238,129,8.61,39.01,537.2,371,18
VID07655,2026-01-06,Funny Family Moments #7655,Comedy,11081,1218,51,10.81,60.02,999.8,246,21
VID07656,2026-01-06,Tech Hacks #7656,Tech,13341,1417,63,2.33,42.01,1128.3,42,16
VID07657,2026-01-06,Parents Be Like #7657,Comedy,27536,2968,299,8.18,60.75,2751.8,610,22
VID07658,2026-01-06,Credit Score Tips #7658,Finance,29197,2715,253,5.5,57.61,2844.5,219,10
VID07659,2026-01-06,Best Restaurants #7659,Food,8167,615,108,4.54,57.91,501.7,79,14
VID07660,2026-01-06,Day In My Life #7660,Lifestyle,4404,355,61,6.89,55.87,345.7,95,19
VID07661,2026-01-06,Food Review #7661,Food,11988,993,38,9.58,75.17,1345.3,220,18
VID07662,2026-01-07,Top Games #7662,Gaming,10056,255,83,10.41,73.6,363.1,51,19
VID07663,2026-01-07,Tech Hacks #7663,Tech,2905,142,35,5.85,68.7,387.8,67,20
VID07664,2026-01-07,Easy Recipes #7664,Food,1496,106,10,6.25,79.64,213.5,34,8
VID07665,2026-01-07,Healthy Habits #7665,Lifestyle,17268,1501,108,4.36,58.56,1310.5,96,20
VID07666,2026-01-07,Parents Be Like #7666,Comedy,28583,2253,263,7.08,72.27,2194.7,575,21
VID07667,2026-01-07,Budget Planning #7667,Finance,42376,3585,499,8.64,62.71,2267.7,469,21
VID07668,2026-01-07,Laptop Buying Guide #7668,Tech,2098,81,27,6.81,55.55,88.3,22,18
VID07669,2026-01-07,Laptop Buying Guide #7669,Tech,15028,850,121,6.08,65.68,852.6,305,8
VID07670,2026-01-07,Morning Routine #7670,Lifestyle,7335,468,13,5.03,70.4,297.3,102,12
VID07671,2026-01-07,Funny Family Moments #7671,Comedy,21736,1391,303,10.97,61.45,1683.1,504,12
VID07672,2026-01-08,Laptop Buying Guide #7672,Tech,4283,122,56,6.4,61.2,129.6,61,22
VID07673,2026-01-08,Laptop Buying Guide #7673,Tech,38250,3650,262,4.01,58.35,3959.6,437,16
VID07674,2026-01-08,Healthy Habits #7674,Lifestyle,5342,497,38,8.38,61.42,634.3,44,19
VID07675,2026-01-08,Relatable College Life #7675,Comedy,14719,977,127,7.27,55.24,575.2,91,12
VID07676,2026-01-08,Food Review #7676,Food,1955,145,11,11.24,78.46,260.5,48,20
VID07677,2026-01-08,Budget Planning #7677,Finance,14931,1073,142,6.24,69.12,2019.3,352,20
VID07678,2026-01-08,Personal Finance Tips #7678,Finance,8088,294,103,7.95,68.36,991.1,155,16
VID07679,2026-01-08,Exam Preparation Guide #7679,Education,48701,1329,54,11.46,75.31,1406.3,880,16
VID07680,2026-01-08,Morning Routine #7680,Lifestyle,14285,1084,96,7.29,47.39,786.2,146,16
VID07681,2026-01-08,Gaming Highlights #7681,Gaming,8248,347,51,5.29,55.46,403.9,126,10
VID07682,2026-01-08,Best Apps #7682,Tech,17729,1497,169,10.7,55.26,766.9,288,22
VID07683,2026-01-09,Expectation vs Reality #7683,Comedy,2557,125,4,6.71,64.59,126.4,32,16
VID07684,2026-01-09,Daily Routine #7684,Lifestyle,6796,170,41,6.8,70.92,909.7,116,20
VID07685,2026-01-09,Hidden Places #7685,Travel,7193,619,20,5.6,56.51,185.7,109,19
VID07686,2026-01-09,Expectation vs Reality #7686,Comedy,9929,692,73,8.23,54.3,1183.1,36,19
VID07687,2026-01-09,Best Friend Problems #7687,Comedy,33433,2567,440,5.85,46.33,1106.7,628,21
VID07688,2026-01-09,Gaming Highlights #7688,Gaming,52635,3950,327,9.54,62.23,6468.7,704,21
VID07689,2026-01-09,Travel Mistakes #7689,Travel,99738,8473,544,10.74,83.74,3561.5,1223,21
VID07690,2026-01-09,Daily Routine #7690,Lifestyle,3577,287,21,12.32,70.82,236.7,85,19
VID07691,2026-01-09,Tech Hacks #7691,Tech,24916,2162,215,8.66,59.34,807.7,236,20
VID07692,2026-01-09,Best Apps #7692,Tech,54256,3894,266,7.76,60.7,3917.5,393,18
VID07693,2026-01-10,Street Food Tour #7693,Food,4663,263,60,8.91,68.29,648.9,66,16
VID07694,2026-01-10,Hidden Places #7694,Travel,11332,669,40,9.02,50.67,919.6,97,21
VID07695,2026-01-10,Learning Strategies #7695,Education,28093,1556,363,8.11,54.6,1336.9,191,20
VID07696,2026-01-10,Gaming Highlights #7696,Gaming,10283,918,87,9.57,45.76,885.6,200,16
VID07697,2026-01-10,Travel Mistakes #7697,Travel,13922,1267,147,5.96,49.67,1492.7,166,6
VID07698,2026-01-10,Study Tips That Work #7698,Education,36385,3735,202,8.81,47.03,3678.6,214,8
VID07699,2026-01-10,Hidden Places #7699,Travel,2546,134,9,10.43,64.29,194.0,49,19
VID07700,2026-01-10,Interview Preparation #7700,Education,7282,679,49,9.35,61.41,219.2,21,10
VID07701,2026-01-10,Office Comedy #7701,Comedy,4491,381,39,7.88,46.37,140.3,74,18
VID07702,2026-01-10,Healthy Habits #7702,Lifestyle,11852,473,77,5.3,73.62,510.7,193,16
VID07703,2026-01-11,Best Apps #7703,Tech,23917,1545,76,6.87,57.67,1182.3,531,20
VID07704,2026-01-11,Healthy Habits #7704,Lifestyle,8086,685,92,8.45,38.0,440.3,37,16
VID07705,2026-01-11,Funny Family Moments #7705,Comedy,112312,9910,712,5.75,67.88,7787.8,1418,18
VID07706,2026-01-11,Phone Features You Missed #7706,Tech,32934,2927,348,4.19,66.07,1802.0,290,20
VID07707,2026-01-11,Game Challenge #7707,Gaming,13547,742,106,6.79,75.26,664.5,199,14
VID07708,2026-01-11,Tech Hacks #7708,Tech,5317,565,14,5.62,43.41,138.5,58,16
VID07709,2026-01-11,Best Apps #7709,Tech,7431,694,21,5.68,53.99,564.7,67,12
VID07710,2026-01-11,Learning Strategies #7710,Education,51233,1363,399,10.27,61.8,2435.3,650,22
VID07711,2026-01-11,Learning Strategies #7711,Education,4223,116,49,7.93,51.67,434.2,46,19
VID07712,2026-01-11,Saving Money #7712,Finance,7616,825,24,5.88,44.77,512.5,96,20
VID07713,2026-01-11,Funny Family Moments #7713,Comedy,6116,350,7,9.48,69.8,764.1,72,20
VID07714,2026-01-12,Expectation vs Reality #7714,Comedy,6545,292,33,11.52,79.59,246.4,76,8
VID07715,2026-01-12,Budget Planning #7715,Finance,14618,927,96,6.87,53.5,625.8,291,23
VID07716,2026-01-12,Study Tips That Work #7716,Education,11204,980,119,6.01,71.71,578.8,259,16
VID07717,2026-01-12,Office Comedy #7717,Comedy,37229,2852,486,3.18,61.4,990.7,815,19
VID07718,2026-01-12,Office Comedy #7718,Comedy,14844,1233,87,7.19,52.58,412.1,94,16
VID07719,2026-01-12,Healthy Habits #7719,Lifestyle,4883,385,47,8.12,69.49,585.8,116,21
VID07720,2026-01-12,Game Challenge #7720,Gaming,61818,4303,61,8.84,65.09,7319.7,249,12
VID07721,2026-01-12,Morning Routine #7721,Lifestyle,9193,748,51,11.78,65.03,636.0,90,16
VID07722,2026-01-12,Exam Preparation Guide #7722,Education,12492,641,106,9.0,60.99,740.6,163,14
VID07723,2026-01-12,Gaming Highlights #7723,Gaming,11708,840,36,10.13,50.1,739.6,165,20
VID07724,2026-01-13,Travel Guide #7724,Travel,11535,1160,31,6.62,60.51,491.9,216,19
VID07725,2026-01-13,Day In My Life #7725,Lifestyle,13933,1374,27,8.35,59.58,871.7,220,10
VID07726,2026-01-13,Productivity Tips #7726,Education,46562,4051,67,8.74,64.56,5903.1,459,20
VID07727,2026-01-13,Game Challenge #7727,Gaming,3934,271,37,5.49,68.57,546.9,23,19
VID07728,2026-01-13,Healthy Habits #7728,Lifestyle,23436,2126,118,8.61,56.08,2274.5,232,21
VID07729,2026-01-13,Tech Hacks #7729,Tech,29499,2742,364,6.01,78.61,5004.1,529,18
VID07730,2026-01-13,Healthy Habits #7730,Lifestyle,13918,1429,104,7.63,56.45,1272.3,279,22
VID07731,2026-01-13,Office Comedy #7731,Comedy,32288,1149,181,5.4,82.43,1523.7,718,20
VID07732,2026-01-13,Best Settings #7732,Gaming,14545,803,63,7.4,56.7,1646.2,231,22
VID07733,2026-01-13,Phone Features You Missed #7733,Tech,22489,1712,76,4.21,90.0,4981.1,314,14
VID07734,2026-01-13,Learning Strategies #7734,Education,3013,206,18,9.25,49.48,153.1,42,21
VID07735,2026-01-14,Day In My Life #7735,Lifestyle,5089,145,44,3.93,70.15,715.8,92,21
VID07736,2026-01-14,Gaming Tips #7736,Gaming,18059,1082,115,7.34,46.32,1044.4,384,10
VID07737,2026-01-14,Interview Preparation #7737,Education,15505,568,153,8.68,50.99,1084.9,206,22
VID07738,2026-01-14,Travel Guide #7738,Travel,173464,16276,484,11.94,82.77,18878.2,3402,20
VID07739,2026-01-14,Investment Basics #7739,Finance,1101,71,5,7.77,65.93,51.1,9,18
VID07740,2026-01-14,Productivity Tips #7740,Education,5802,304,11,10.39,66.71,443.3,29,19
VID07741,2026-01-14,Budget Meals #7741,Food,23817,2438,135,5.41,64.72,1373.6,517,10
VID07742,2026-01-14,Top Games #7742,Gaming,3499,174,22,6.88,70.55,199.7,66,21
VID07743,2026-01-14,Productivity Tips #7743,Education,6241,604,79,8.08,66.81,359.6,145,8
VID07744,2026-01-14,Day In My Life #7744,Lifestyle,9064,606,122,10.12,82.37,1327.0,228,21
VID07745,2026-01-15,Beginner Guide #7745,Gaming,2219,159,13,8.04,48.61,228.7,40,20
VID07746,2026-01-15,Budget Lifestyle #7746,Lifestyle,4299,153,13,3.43,58.28,517.0,43,14
VID07747,2026-01-15,Parents Be Like #7747,Comedy,11567,534,131,7.7,67.74,1141.6,137,19
VID07748,2026-01-15,Expectation vs Reality #7748,Comedy,2384,186,10,9.6,53.58,58.9,31,21
VID07749,2026-01-15,AI Tools #7749,Tech,8018,852,60,8.83,66.38,500.7,104,16
VID07750,2026-01-15,Weekend Vlog #7750,Lifestyle,49492,2236,616,12.38,78.76,2018.0,868,14
VID07751,2026-01-15,Day In My Life #7751,Lifestyle,9897,670,123,12.6,38.31,621.9,160,18
VID07752,2026-01-15,Useful Tech Tips #7752,Tech,8201,570,77,5.17,53.03,329.5,123,19
VID07753,2026-01-15,Study Tips That Work #7753,Education,3920,133,11,3.79,48.68,122.9,37,21
VID07754,2026-01-15,Best Apps #7754,Tech,19565,1376,184,6.37,42.72,407.4,306,12
VID07755,2026-01-16,Expectation vs Reality #7755,Comedy,4667,485,22,10.72,60.36,417.5,77,16
VID07756,2026-01-16,Expectation vs Reality #7756,Comedy,7008,186,10,10.98,67.49,531.0,77,10
VID07757,2026-01-16,Street Food Tour #7757,Food,35633,3199,389,8.82,43.07,2939.7,625,18
VID07758,2026-01-16,Credit Score Tips #7758,Finance,3371,162,13,12.4,70.02,213.0,52,21
VID07759,2026-01-16,Learning Strategies #7759,Education,15714,1631,113,6.39,52.55,1141.8,194,18
VID07760,2026-01-16,AI Tools #7760,Tech,1773,175,11,9.29,66.14,152.7,13,20
VID07761,2026-01-16,Interview Preparation #7761,Education,56669,3055,428,10.46,82.69,3191.1,289,20
VID07762,2026-01-16,Budget Planning #7762,Finance,2049,76,14,8.18,68.04,243.8,39,20
VID07763,2026-01-16,Office Comedy #7763,Comedy,18704,1593,99,4.9,55.35,1444.1,286,19
VID07764,2026-01-16,Weekend Vlog #7764,Lifestyle,6253,495,19,6.53,53.04,559.2,101,14
VID07765,2026-01-16,Budget Meals #7765,Food,48649,3199,228,10.9,63.47,3309.3,798,19
VID07766,2026-01-17,Expectation vs Reality #7766,Comedy,58300,4411,415,7.49,46.51,6514.5,1113,21
VID07767,2026-01-17,Learning Strategies #7767,Education,7374,428,102,9.82,73.51,441.6,98,20
VID07768,2026-01-17,Hidden Places #7768,Travel,3600,336,49,8.89,58.58,323.0,69,20
VID07769,2026-01-17,Best Apps #7769,Tech,27943,1947,147,7.19,71.74,2297.9,117,21
VID07770,2026-01-17,Budget Lifestyle #7770,Lifestyle,8735,944,19,6.89,66.36,599.3,107,18
VID07771,2026-01-17,Tech Hacks #7771,Tech,7820,259,63,4.09,48.22,258.5,21,20
VID07772,2026-01-17,Exam Preparation Guide #7772,Education,28014,2779,157,9.29,54.69,3146.7,147,16
VID07773,2026-01-17,Laptop Buying Guide #7773,Tech,25304,2395,227,6.42,58.79,2669.0,360,14
VID07774,2026-01-17,Laptop Buying Guide #7774,Tech,3877,380,40,9.5,67.47,223.3,51,19
VID07775,2026-01-17,Daily Routine #7775,Lifestyle,6375,218,51,8.68,59.62,567.2,98,16
VID07776,2026-01-18,Weekend Travel Vlog #7776,Travel,27565,1976,342,9.2,70.88,1951.0,331,19
VID07777,2026-01-18,Parents Be Like #7777,Comedy,4474,392,15,2.58,52.66,318.0,89,16
VID07778,2026-01-18,Relatable College Life #7778,Comedy,13314,725,160,7.89,71.74,360.2,239,20
VID07779,2026-01-18,Street Food Tour #7779,Food,4601,472,26,8.91,61.5,170.2,32,19
VID07780,2026-01-18,Food Review #7780,Food,8815,438,108,6.39,57.85,281.2,39,21
VID07781,2026-01-18,Funny Family Moments #7781,Comedy,10179,961,27,8.5,57.36,376.9,179,12
VID07782,2026-01-18,Interview Preparation #7782,Education,7380,770,82,10.42,47.8,691.2,77,16
VID07783,2026-01-18,Weekend Travel Vlog #7783,Travel,45879,4239,590,7.8,72.33,3013.2,748,16
VID07784,2026-01-18,Healthy Habits #7784,Lifestyle,25351,2205,62,5.18,53.84,500.6,212,10
VID07785,2026-01-18,Relatable College Life #7785,Comedy,23756,838,326,7.14,38.65,463.4,418,14
VID07786,2026-01-18,Exam Preparation Guide #7786,Education,28728,1333,104,8.64,52.46,2958.8,548,6
VID07787,2026-01-19,Tech Hacks #7787,Tech,6556,270,60,8.29,65.0,700.0,145,16
VID07788,2026-01-19,Phone Features You Missed #7788,Tech,12454,611,37,6.91,63.45,851.6,200,10
VID07789,2026-01-19,Interview Preparation #7789,Education,4192,133,31,5.64,74.62,216.4,20,21
VID07790,2026-01-19,Daily Routine #7790,Lifestyle,7433,264,25,11.04,81.72,898.1,89,21
VID07791,2026-01-19,Expectation vs Reality #7791,Comedy,6375,451,85,13.02,57.71,343.8,109,21
VID07792,2026-01-19,Beginner Guide #7792,Gaming,12519,553,87,6.48,59.67,1317.2,272,22
VID07793,2026-01-19,Day In My Life #7793,Lifestyle,27090,2031,180,9.66,71.49,2281.4,396,20
VID07794,2026-01-19,Weekend Travel Vlog #7794,Travel,7032,301,98,8.48,49.1,352.3,108,8
VID07795,2026-01-19,Exam Preparation Guide #7795,Education,21963,867,87,9.83,54.47,1748.1,320,23
VID07796,2026-01-19,Personal Finance Tips #7796,Finance,9027,416,52,6.8,49.08,751.9,63,18
VID07797,2026-01-20,Funny Family Moments #7797,Comedy,3031,277,35,5.17,60.36,325.5,61,20
VID07798,2026-01-20,Weekend Travel Vlog #7798,Travel,5505,225,8,8.51,76.6,662.0,90,20
VID07799,2026-01-20,Money Mistakes #7799,Finance,2276,188,5,6.43,61.54,212.7,25,19
VID07800,2026-01-20,Best Friend Problems #7800,Comedy,5437,368,11,5.71,59.81,517.6,29,16
VID07801,2026-01-20,Study Tips That Work #7801,Education,3220,218,39,3.87,65.41,419.1,21,16
VID07802,2026-01-20,Career Tips #7802,Education,5207,130,11,8.51,45.66,468.7,63,20
VID07803,2026-01-20,Healthy Habits #7803,Lifestyle,4969,444,29,9.91,59.44,423.3,13,20
VID07804,2026-01-20,Weekend Vlog #7804,Lifestyle,11056,388,118,9.7,48.02,1139.2,97,20
VID07805,2026-01-20,Healthy Habits #7805,Lifestyle,121186,12615,1200,8.75,67.75,14126.6,681,22
VID07806,2026-01-20,Weekend Vlog #7806,Lifestyle,19374,590,16,9.98,50.47,2007.1,206,20
VID07807,2026-01-21,Daily Routine #7807,Lifestyle,4946,529,21,9.67,75.49,565.7,38,23
VID07808,2026-01-21,Morning Routine #7808,Lifestyle,36407,1911,198,9.56,52.97,2279.3,638,16
VID07809,2026-01-21,Budget Travel Tips #7809,Travel,6187,238,41,6.47,69.86,378.5,115,20
VID07810,2026-01-21,Travel Guide #7810,Travel,2533,208,9,6.68,75.78,121.5,51,18
VID07811,2026-01-21,Gaming Tips #7811,Gaming,12608,661,31,12.35,49.15,595.4,168,21
VID07812,2026-01-21,Exam Preparation Guide #7812,Education,12388,1009,145,6.54,42.57,705.6,90,20
VID07813,2026-01-21,Travel Guide #7813,Travel,6319,447,21,6.89,69.18,605.2,65,16
VID07814,2026-01-21,Learning Strategies #7814,Education,4107,340,47,5.55,56.17,283.5,80,23
VID07815,2026-01-21,Beginner Guide #7815,Gaming,15286,575,46,5.27,56.63,533.1,323,19
VID07816,2026-01-21,Top Games #7816,Gaming,627,41,2,10.96,50.87,61.4,11,19
VID07817,2026-01-21,Career Tips #7817,Education,13894,965,179,13.19,44.48,1145.1,290,10
VID07818,2026-01-22,Street Food Tour #7818,Food,30978,1971,202,5.26,39.22,1822.3,603,18
VID07819,2026-01-22,Money Mistakes #7819,Finance,14780,1043,157,10.68,32.8,605.9,290,18
VID07820,2026-01-22,Budget Lifestyle #7820,Lifestyle,10595,553,70,7.55,70.02,956.9,133,12
VID07821,2026-01-22,Credit Score Tips #7821,Finance,17504,689,53,8.0,66.5,739.3,415,20
VID07822,2026-01-22,Daily Routine #7822,Lifestyle,12128,1315,69,10.43,69.74,423.0,214,18
VID07823,2026-01-22,Morning Routine #7823,Lifestyle,6511,351,21,5.21,76.5,506.3,46,14
VID07824,2026-01-22,Relatable College Life #7824,Comedy,8338,839,22,11.33,58.03,436.3,160,16
VID07825,2026-01-22,Day In My Life #7825,Lifestyle,58547,5069,509,11.42,44.46,5613.8,200,10
VID07826,2026-01-22,Budget Meals #7826,Food,14309,1050,90,8.92,58.45,351.1,224,21
VID07827,2026-01-22,Weekend Vlog #7827,Lifestyle,33406,3665,291,6.09,69.44,3128.1,606,12
VID07828,2026-01-23,Relatable College Life #7828,Comedy,38471,1429,492,5.38,65.04,4888.6,828,12
VID07829,2026-01-23,Gaming Highlights #7829,Gaming,7005,393,95,5.37,87.25,684.8,47,23
VID07830,2026-01-23,Cooking Tips #7830,Food,25573,1669,323,7.0,69.86,2614.9,452,21
VID07831,2026-01-23,Study Tips That Work #7831,Education,39748,2206,138,5.67,67.35,3422.5,467,20
VID07832,2026-01-23,Budget Meals #7832,Food,19477,1501,219,6.78,59.07,1356.0,156,22
VID07833,2026-01-23,Food Review #7833,Food,13434,379,67,7.66,67.42,1737.5,173,20
VID07834,2026-01-23,Laptop Buying Guide #7834,Tech,70715,2630,512,7.55,60.75,7557.8,644,10
VID07835,2026-01-23,Expectation vs Reality #7835,Comedy,33178,2309,210,7.28,65.36,1035.0,433,20
VID07836,2026-01-23,Weekend Travel Vlog #7836,Travel,3779,230,37,10.14,69.77,239.3,74,20
VID07837,2026-01-23,Productivity Tips #7837,Education,17199,1592,156,7.43,78.82,2888.4,53,16
VID07838,2026-01-23,Street Food Tour #7838,Food,18629,891,216,7.41,65.86,716.7,133,22
VID07839,2026-01-24,Best Places to Visit #7839,Travel,17281,1283,234,7.83,72.17,1676.9,175,18
VID07840,2026-01-24,Cooking Tips #7840,Food,31264,1596,108,5.45,46.85,2142.9,523,23
VID07841,2026-01-24,Travel Mistakes #7841,Travel,52317,3824,402,12.22,62.91,5389.9,1001,21
VID07842,2026-01-24,Exam Preparation Guide #7842,Education,6470,625,25,9.07,53.04,186.0,88,20
VID07843,2026-01-24,Gaming Tips #7843,Gaming,45581,3812,47,7.83,62.75,4124.6,653,6
VID07844,2026-01-24,Office Comedy #7844,Comedy,10409,516,68,7.38,61.09,735.4,138,22
VID07845,2026-01-24,Budget Lifestyle #7845,Lifestyle,1718,127,5,9.58,64.53,162.4,29,21
VID07846,2026-01-24,Study Tips That Work #7846,Education,14811,857,60,8.21,48.91,525.4,180,16
VID07847,2026-01-24,Travel Guide #7847,Travel,8609,336,31,8.09,72.64,648.1,177,19
VID07848,2026-01-24,Useful Tech Tips #7848,Tech,12838,702,66,5.75,76.88,2391.5,179,20
VID07849,2026-01-25,Gaming Tips #7849,Gaming,9881,916,56,9.11,63.02,681.1,224,14
VID07850,2026-01-25,Interview Preparation #7850,Education,62696,4720,692,7.62,68.5,5501.4,1197,18
VID07851,2026-01-25,AI Tools #7851,Tech,4569,323,33,3.73,75.95,625.4,72,6
VID07852,2026-01-25,Office Comedy #7852,Comedy,37765,2869,215,7.13,63.79,3187.7,261,12
VID07853,2026-01-25,Laptop Buying Guide #7853,Tech,14576,1359,150,8.42,66.34,1358.6,146,16
VID07854,2026-01-25,Budget Meals #7854,Food,26285,2579,175,7.21,62.55,2411.2,173,16
VID07855,2026-01-25,Day In My Life #7855,Lifestyle,40655,3202,353,10.52,71.37,4508.4,566,21
VID07856,2026-01-25,Expectation vs Reality #7856,Comedy,1752,151,8,8.49,59.74,181.8,29,18
VID07857,2026-01-25,Healthy Habits #7857,Lifestyle,13206,650,169,8.11,53.92,1233.0,243,20
VID07858,2026-01-25,Tech Hacks #7858,Tech,13848,1254,150,7.63,71.78,529.0,291,23
VID07859,2026-01-26,Best Apps #7859,Tech,4898,446,3,5.2,67.67,257.3,105,22
VID07860,2026-01-26,Weekend Travel Vlog #7860,Travel,25160,1897,146,9.34,65.72,1562.9,525,16
VID07861,2026-01-26,AI Tools #7861,Tech,11902,383,83,7.78,55.05,314.0,103,18
VID07862,2026-01-26,Credit Score Tips #7862,Finance,47710,4602,588,4.68,59.79,1825.5,785,19
VID07863,2026-01-26,Healthy Habits #7863,Lifestyle,9575,637,27,7.05,62.31,701.6,159,12
VID07864,2026-01-26,Productivity Tips #7864,Education,8951,627,60,7.59,67.11,822.8,123,19
VID07865,2026-01-26,AI Tools #7865,Tech,27276,1041,256,8.02,68.33,974.8,313,22
VID07866,2026-01-26,Day In My Life #7866,Lifestyle,1272,77,8,8.93,57.96,105.4,3,16
VID07867,2026-01-26,Saving Money #7867,Finance,55345,5625,122,9.95,64.48,4791.2,454,14
VID07868,2026-01-26,Day In My Life #7868,Lifestyle,19283,1201,204,7.85,78.72,1443.1,221,20
VID07869,2026-01-26,Budget Travel Tips #7869,Travel,11411,527,64,10.19,48.83,759.3,81,14
VID07870,2026-01-27,Cooking Tips #7870,Food,40647,3807,219,9.29,74.96,1586.6,420,14
VID07871,2026-01-27,Best Settings #7871,Gaming,25595,1962,317,7.66,60.03,1805.8,115,20
VID07872,2026-01-27,Budget Lifestyle #7872,Lifestyle,3117,171,42,5.83,49.49,357.6,54,18
VID07873,2026-01-27,Hidden Places #7873,Travel,43776,3976,542,5.32,75.77,7748.7,394,12
VID07874,2026-01-27,Saving Money #7874,Finance,16418,866,59,6.78,43.85,953.0,185,19
VID07875,2026-01-27,Exam Preparation Guide #7875,Education,13918,552,26,10.49,50.31,1195.2,236,23
VID07876,2026-01-27,Learning Strategies #7876,Education,38148,3403,249,8.72,64.26,2911.8,173,18
VID07877,2026-01-27,Saving Money #7877,Finance,14019,531,184,11.01,61.29,665.5,90,21
VID07878,2026-01-27,Best Friend Problems #7878,Comedy,7352,511,22,5.81,61.0,623.0,159,22
VID07879,2026-01-27,AI Tools #7879,Tech,55079,5019,394,6.24,59.65,3248.5,905,19
VID07880,2026-01-28,Travel Guide #7880,Travel,10472,473,35,12.09,53.81,496.1,179,21
VID07881,2026-01-28,Budget Travel Tips #7881,Travel,75470,2931,229,7.86,66.74,2991.5,906,18
VID07882,2026-01-28,Best Restaurants #7882,Food,22568,1176,143,9.27,59.4,2967.4,232,12
VID07883,2026-01-28,Study Tips That Work #7883,Education,10071,259,44,6.19,64.11,750.2,96,20
VID07884,2026-01-28,Budget Lifestyle #7884,Lifestyle,3455,145,30,4.76,65.24,113.5,16,20
VID07885,2026-01-28,Parents Be Like #7885,Comedy,42088,4078,489,9.65,50.82,3809.6,337,21
VID07886,2026-01-28,Easy Recipes #7886,Food,23950,1153,322,5.42,64.11,2588.9,315,20
VID07887,2026-01-28,Laptop Buying Guide #7887,Tech,9675,615,14,4.08,60.55,306.7,77,21
VID07888,2026-01-28,Best Places to Visit #7888,Travel,60151,5294,112,3.7,61.75,2675.1,1223,16
VID07889,2026-01-28,Gaming Highlights #7889,Gaming,76599,8326,771,7.5,79.08,14238.4,1108,14
VID07890,2026-01-28,Gaming Highlights #7890,Gaming,12225,376,26,8.46,44.34,410.7,196,12
VID07891,2026-01-29,Relatable College Life #7891,Comedy,14067,899,114,9.96,73.86,1068.0,76,22
VID07892,2026-01-29,Gaming Tips #7892,Gaming,2350,165,24,6.1,47.1,43.1,30,23
VID07893,2026-01-29,Top Games #7893,Gaming,8779,444,68,7.4,61.19,421.7,81,21
VID07894,2026-01-29,Weekend Travel Vlog #7894,Travel,3040,288,12,9.16,66.88,121.2,37,18
VID07895,2026-01-29,AI Tools #7895,Tech,1658,80,9,7.21,73.82,131.6,23,20
VID07896,2026-01-29,Street Food Tour #7896,Food,4542,426,8,5.18,73.02,540.6,48,12
VID07897,2026-01-29,Tech Hacks #7897,Tech,8166,660,72,7.34,64.3,917.3,164,14
VID07898,2026-01-29,Easy Recipes #7898,Food,10283,900,115,2.98,85.21,1017.6,264,22
VID07899,2026-01-29,Learning Strategies #7899,Education,13054,404,35,7.13,62.81,1493.1,224,21
VID07900,2026-01-29,Budget Lifestyle #7900,Lifestyle,8657,387,8,10.98,58.06,198.8,192,18
VID07901,2026-01-30,Healthy Habits #7901,Lifestyle,7408,650,73,5.69,51.71,322.4,144,18
VID07902,2026-01-30,Personal Finance Tips #7902,Finance,16791,1616,15,7.42,48.28,1627.8,340,19
VID07903,2026-01-30,Food Review #7903,Food,15174,875,185,8.52,79.45,2463.3,300,20
VID07904,2026-01-30,Gaming Tips #7904,Gaming,45277,3074,621,10.76,67.22,3843.5,315,18
VID07905,2026-01-30,Exam Preparation Guide #7905,Education,9146,817,71,10.48,78.69,1150.5,110,14
VID07906,2026-01-30,Parents Be Like #7906,Comedy,24067,2235,262,9.54,51.77,2350.0,527,18
VID07907,2026-01-30,Expectation vs Reality #7907,Comedy,7440,721,42,8.36,41.69,172.5,150,19
VID07908,2026-01-30,Beginner Guide #7908,Gaming,2617,285,21,9.48,66.85,323.7,33,19
VID07909,2026-01-30,Relatable College Life #7909,Comedy,32612,3095,218,8.0,51.52,2555.7,431,16
VID07910,2026-01-30,Morning Routine #7910,Lifestyle,22493,1926,186,6.34,62.72,1074.4,165,12
VID07911,2026-01-31,Money Mistakes #7911,Finance,36418,2455,355,9.97,56.81,1521.7,622,8
VID07912,2026-01-31,Game Challenge #7912,Gaming,5812,428,53,8.81,58.21,192.2,83,21
VID07913,2026-01-31,Beginner Guide #7913,Gaming,14794,1556,141,7.38,72.59,905.1,144,8
VID07914,2026-01-31,Parents Be Like #7914,Comedy,26531,1466,156,7.4,68.54,3125.5,462,23
VID07915,2026-01-31,Productivity Tips #7915,Education,7086,222,71,7.45,68.2,685.5,44,22
VID07916,2026-01-31,Expectation vs Reality #7916,Comedy,17118,1760,180,10.53,65.21,466.0,309,19
VID07917,2026-01-31,Travel Mistakes #7917,Travel,16920,766,226,10.49,64.52,543.0,96,23
VID07918,2026-01-31,Day In My Life #7918,Lifestyle,1594,60,2,3.63,55.81,124.5,34,18
VID07919,2026-01-31,Parents Be Like #7919,Comedy,6939,484,48,8.35,57.21,296.5,55,23
VID07920,2026-01-31,Career Tips #7920,Education,11109,911,116,9.75,38.92,431.5,182,6
VID07921,2026-01-31,Best Settings #7921,Gaming,6507,572,51,6.35,73.03,301.9,57,20
VID07922,2026-02-01,Cooking Tips #7922,Food,42834,3435,389,8.52,54.62,2170.4,161,23
VID07923,2026-02-01,Funny Family Moments #7923,Comedy,28796,1552,387,7.19,51.41,1013.2,604,20
VID07924,2026-02-01,Phone Features You Missed #7924,Tech,13776,1296,67,8.92,34.74,469.9,109,19
VID07925,2026-02-01,Phone Features You Missed #7925,Tech,46501,2164,610,7.55,64.69,4069.3,226,20
VID07926,2026-02-01,Travel Mistakes #7926,Travel,5167,292,63,6.42,53.89,348.8,64,18
VID07927,2026-02-01,Productivity Tips #7927,Education,8699,672,10,6.89,50.05,460.9,126,20
VID07928,2026-02-01,AI Tools #7928,Tech,17690,1368,51,5.27,64.75,2627.8,291,21
VID07929,2026-02-01,Morning Routine #7929,Lifestyle,4645,495,12,6.64,65.9,195.6,100,20
VID07930,2026-02-01,Phone Features You Missed #7930,Tech,4495,329,59,5.77,59.95,230.8,85,18
VID07931,2026-02-01,Food Review #7931,Food,5474,519,65,6.57,47.16,320.4,59,20
VID07932,2026-02-02,Gaming Highlights #7932,Gaming,95908,4918,676,6.8,62.7,10227.6,759,19
VID07933,2026-02-02,Morning Routine #7933,Lifestyle,13999,1114,137,8.72,62.56,910.1,135,20
VID07934,2026-02-02,Career Tips #7934,Education,14623,896,122,9.25,60.61,939.6,163,20
VID07935,2026-02-02,Easy Recipes #7935,Food,55636,4675,488,8.81,54.53,5844.3,936,12
VID07936,2026-02-02,Exam Preparation Guide #7936,Education,16618,829,168,5.65,43.53,1467.6,237,18
VID07937,2026-02-02,Tech Hacks #7937,Tech,60044,1731,415,6.14,78.37,5175.3,1257,19
VID07938,2026-02-02,Interview Preparation #7938,Education,10410,335,104,9.11,60.42,941.5,146,20
VID07939,2026-02-02,Daily Routine #7939,Lifestyle,29821,1300,227,9.18,66.6,2739.3,693,19
VID07940,2026-02-02,Money Mistakes #7940,Finance,24152,2021,163,9.73,67.28,635.7,317,18
VID07941,2026-02-02,Cooking Tips #7941,Food,18589,1747,238,5.84,66.79,2246.8,86,23
VID07942,2026-02-03,Budget Meals #7942,Food,9459,477,131,7.92,53.53,627.6,100,8
VID07943,2026-02-03,Gaming Tips #7943,Gaming,8977,532,78,8.08,70.89,953.9,207,21
VID07944,2026-02-03,Best Friend Problems #7944,Comedy,2063,205,14,7.34,61.18,166.2,8,8
VID07945,2026-02-03,Expectation vs Reality #7945,Comedy,6865,277,48,4.22,40.67,219.3,63,10
VID07946,2026-02-03,Budget Travel Tips #7946,Travel,7624,640,67,7.65,56.2,761.2,20,19
VID07947,2026-02-03,Top Games #7947,Gaming,8912,877,99,7.81,39.42,561.1,133,10
VID07948,2026-02-03,Beginner Guide #7948,Gaming,16081,661,142,5.19,48.49,874.1,82,20
VID07949,2026-02-03,Phone Features You Missed #7949,Tech,7260,688,61,8.84,62.31,608.4,20,19
VID07950,2026-02-03,Saving Money #7950,Finance,5607,412,19,7.0,68.1,847.9,56,22
VID07951,2026-02-03,Parents Be Like #7951,Comedy,3608,255,28,11.55,49.41,199.6,49,12
VID07952,2026-02-03,Food Review #7952,Food,14843,576,142,5.44,54.94,983.9,306,18
VID07953,2026-02-04,Exam Preparation Guide #7953,Education,21737,1700,206,7.03,59.34,1081.3,334,10
VID07954,2026-02-04,Best Friend Problems #7954,Comedy,28163,3086,105,8.9,45.69,2015.6,398,20
VID07955,2026-02-04,Healthy Habits #7955,Lifestyle,3686,222,35,12.6,84.6,374.0,84,18
VID07956,2026-02-04,Cooking Tips #7956,Food,35366,2451,283,7.83,61.32,3812.7,453,14
VID07957,2026-02-04,Gaming Highlights #7957,Gaming,1818,91,13,6.82,47.96,131.9,37,21
VID07958,2026-02-04,Best Apps #7958,Tech,1898,208,23,8.12,72.65,91.1,42,18
VID07959,2026-02-04,Best Places to Visit #7959,Travel,1462,51,7,7.9,70.2,122.1,6,20
VID07960,2026-02-04,Relatable College Life #7960,Comedy,29265,2525,347,8.58,47.81,1743.0,383,10
VID07961,2026-02-04,Office Comedy #7961,Comedy,15213,454,96,8.0,53.88,796.3,324,21
VID07962,2026-02-04,Study Tips That Work #7962,Education,21376,1050,124,8.48,59.39,531.5,404,14
VID07963,2026-02-05,Credit Score Tips #7963,Finance,24160,2504,248,11.76,62.13,1682.1,153,18
VID07964,2026-02-05,Healthy Habits #7964,Lifestyle,2197,159,15,7.28,50.43,166.2,26,21
VID07965,2026-02-05,Office Comedy #7965,Comedy,6916,512,67,6.98,73.01,1097.5,144,20
VID07966,2026-02-05,Tech Hacks #7966,Tech,2021,123,17,3.3,47.95,82.8,39,23
VID07967,2026-02-05,Tech Hacks #7967,Tech,4735,189,51,6.92,46.44,339.2,22,19
VID07968,2026-02-05,Weekend Vlog #7968,Lifestyle,5141,542,71,9.22,48.18,358.9,42,6
VID07969,2026-02-05,Best Settings #7969,Gaming,28419,2312,250,10.39,57.75,2736.6,458,18
VID07970,2026-02-05,Office Comedy #7970,Comedy,24162,701,41,6.73,72.05,2592.5,87,12
VID07971,2026-02-05,Productivity Tips #7971,Education,1933,133,13,7.18,60.75,56.4,32,22
VID07972,2026-02-05,Gaming Tips #7972,Gaming,3242,114,26,8.79,71.2,297.9,19,20
VID07973,2026-02-05,Parents Be Like #7973,Comedy,19974,786,253,6.59,68.49,2772.2,68,20
VID07974,2026-02-06,Cooking Tips #7974,Food,2736,176,34,9.14,51.73,212.1,34,16
VID07975,2026-02-06,Personal Finance Tips #7975,Finance,8801,394,36,8.03,74.13,831.5,207,16
VID07976,2026-02-06,Hidden Places #7976,Travel,7656,580,28,6.24,55.48,953.5,103,21
VID07977,2026-02-06,Best Places to Visit #7977,Travel,12547,375,38,8.8,54.2,1100.8,157,10
VID07978,2026-02-06,Exam Preparation Guide #7978,Education,5019,171,68,6.99,48.24,396.9,57,14
VID07979,2026-02-06,Best Restaurants #7979,Food,50124,5480,552,10.62,77.56,1645.2,1032,16
VID07980,2026-02-06,Funny Family Moments #7980,Comedy,16917,1199,68,3.63,67.18,2264.1,172,19
VID07981,2026-02-06,Funny Family Moments #7981,Comedy,26432,1570,130,7.25,41.41,2399.5,392,23
VID07982,2026-02-06,Career Tips #7982,Education,7829,728,19,7.74,64.11,859.6,88,19
VID07983,2026-02-06,Credit Score Tips #7983,Finance,3142,176,13,5.02,72.11,228.5,66,19
VID07984,2026-02-07,Expectation vs Reality #7984,Comedy,43859,1637,437,9.41,72.87,5567.1,821,8
VID07985,2026-02-07,Office Comedy #7985,Comedy,16730,515,208,9.0,75.56,1814.7,154,18
VID07986,2026-02-07,Office Comedy #7986,Comedy,3978,404,39,9.46,67.38,593.8,17,12
VID07987,2026-02-07,Productivity Tips #7987,Education,2677,137,10,10.84,43.19,156.1,53,18
VID07988,2026-02-07,Best Restaurants #7988,Food,13277,751,42,6.41,64.45,1501.8,93,12
VID07989,2026-02-07,Budget Travel Tips #7989,Travel,16542,1056,20,8.53,56.73,758.0,301,16
VID07990,2026-02-07,Personal Finance Tips #7990,Finance,21298,904,161,9.92,72.43,1987.9,392,21
VID07991,2026-02-07,Expectation vs Reality #7991,Comedy,19426,1534,127,6.62,59.29,810.7,253,20
VID07992,2026-02-07,Food Review #7992,Food,7104,671,84,7.89,45.66,122.4,29,16
VID07993,2026-02-07,Top Games #7993,Gaming,6067,401,12,9.74,61.52,214.8,67,6
VID07994,2026-02-08,Phone Features You Missed #7994,Tech,50892,2017,501,6.46,59.55,4848.6,320,19
VID07995,2026-02-08,Expectation vs Reality #7995,Comedy,27901,2232,363,10.87,48.89,1200.0,538,19
VID07996,2026-02-08,Learning Strategies #7996,Education,5488,451,42,8.04,41.18,280.7,15,14
VID07997,2026-02-08,Office Comedy #7997,Comedy,20096,1776,254,5.26,55.4,1495.2,58,20
VID07998,2026-02-08,Cooking Tips #7998,Food,8817,577,61,12.49,56.29,178.7,63,19
VID07999,2026-02-08,Productivity Tips #7999,Education,41214,3273,118,9.02,48.54,1735.4,302,16
VID08000,2026-02-08,Day In My Life #8000,Lifestyle,2382,144,5,9.58,66.45,140.9,52,20
VID08001,2026-02-08,Travel Mistakes #8001,Travel,2659,142,20,6.44,72.59,246.3,31,23
VID08002,2026-02-08,Parents Be Like #8002,Comedy,12976,1150,88,6.88,75.27,1022.3,238,20
VID08003,2026-02-08,Weekend Vlog #8003,Lifestyle,7493,488,60,5.63,50.83,674.8,36,19
VID08004,2026-02-08,Money Mistakes #8004,Finance,7557,534,55,9.52,73.63,884.4,87,19
VID08005,2026-02-09,Interview Preparation #8005,Education,3402,344,10,9.09,71.97,460.3,21,23
VID08006,2026-02-09,Best Places to Visit #8006,Travel,3883,240,35,6.74,58.34,101.9,71,18
VID08007,2026-02-09,Budget Planning #8007,Finance,9764,275,75,7.01,62.23,592.6,74,21
VID08008,2026-02-09,Best Friend Problems #8008,Comedy,3158,138,6,8.97,61.05,226.1,15,10
VID08009,2026-02-09,Gaming Tips #8009,Gaming,21814,1530,115,6.42,74.47,2965.9,138,6
VID08010,2026-02-09,Money Mistakes #8010,Finance,12301,364,151,8.71,64.11,950.1,54,12
VID08011,2026-02-09,Phone Features You Missed #8011,Tech,1229,60,4,8.64,68.09,155.1,20,8
VID08012,2026-02-09,Easy Recipes #8012,Food,5667,490,78,7.07,62.53,721.9,34,23
VID08013,2026-02-09,Relatable College Life #8013,Comedy,33855,2699,188,8.09,82.9,3012.7,826,18
VID08014,2026-02-09,Street Food Tour #8014,Food,43552,2470,552,6.33,58.26,4252.9,222,19
VID08015,2026-02-10,Best Settings #8015,Gaming,52068,1714,564,5.29,70.05,4307.4,925,19
VID08016,2026-02-10,Parents Be Like #8016,Comedy,17959,477,226,10.32,62.48,782.1,54,18
VID08017,2026-02-10,Gaming Tips #8017,Gaming,1914,54,2,5.75,67.15,109.3,41,18
VID08018,2026-02-10,Career Tips #8018,Education,3943,349,41,6.11,46.48,270.6,25,18
VID08019,2026-02-10,Daily Routine #8019,Lifestyle,2765,144,30,12.02,55.3,103.7,7,20
VID08020,2026-02-10,Healthy Habits #8020,Lifestyle,18015,479,112,9.13,63.32,1131.2,398,10
VID08021,2026-02-10,Easy Recipes #8021,Food,12822,1127,34,6.53,66.51,1472.9,68,20
VID08022,2026-02-10,Morning Routine #8022,Lifestyle,12110,437,150,4.76,52.05,358.7,92,20
VID08023,2026-02-10,Office Comedy #8023,Comedy,6537,681,77,6.03,64.02,403.1,53,21
VID08024,2026-02-10,Phone Features You Missed #8024,Tech,9218,457,46,10.65,67.88,1221.5,195,16
VID08025,2026-02-10,Best Places to Visit #8025,Travel,36099,2983,124,4.98,67.38,4369.9,746,19
VID08026,2026-02-11,Food Review #8026,Food,5680,612,62,8.84,81.53,789.8,38,12
VID08027,2026-02-11,Expectation vs Reality #8027,Comedy,4296,211,54,11.0,39.39,232.1,30,18
VID08028,2026-02-11,Funny Family Moments #8028,Comedy,6186,469,10,8.03,58.68,469.0,102,22
VID08029,2026-02-11,Laptop Buying Guide #8029,Tech,22356,2391,294,12.28,56.47,1794.3,325,19
VID08030,2026-02-11,Day In My Life #8030,Lifestyle,4611,503,47,7.69,62.04,411.0,102,12
VID08031,2026-02-11,Day In My Life #8031,Lifestyle,7703,343,66,7.33,65.47,568.9,161,14
VID08032,2026-02-11,Learning Strategies #8032,Education,17767,1578,127,7.04,48.89,807.4,335,23
VID08033,2026-02-11,Top Games #8033,Gaming,7277,694,78,3.86,58.37,830.6,82,20
VID08034,2026-02-11,Tech Hacks #8034,Tech,19450,864,72,10.56,54.01,2313.5,429,19
VID08035,2026-02-11,Travel Mistakes #8035,Travel,29524,1625,334,5.14,66.94,3365.8,578,21
VID08036,2026-02-12,Parents Be Like #8036,Comedy,11490,783,85,7.91,53.63,1096.6,125,16
VID08037,2026-02-12,Best Friend Problems #8037,Comedy,36314,2943,344,8.81,35.96,890.5,187,20
VID08038,2026-02-12,Study Tips That Work #8038,Education,24535,1653,56,9.96,73.38,1853.6,447,10
VID08039,2026-02-12,Productivity Tips #8039,Education,10135,890,77,8.39,67.55,913.4,163,19
VID08040,2026-02-12,Food Review #8040,Food,10503,395,132,7.12,42.71,404.6,179,19
VID08041,2026-02-12,Budget Planning #8041,Finance,30577,3265,180,7.34,51.34,1654.0,197,21
VID08042,2026-02-12,Study Tips That Work #8042,Education,3811,407,51,10.22,54.79,338.6,32,6
VID08043,2026-02-12,Game Challenge #8043,Gaming,3852,292,10,8.78,51.29,255.0,59,20
VID08044,2026-02-12,Parents Be Like #8044,Comedy,31860,1790,108,5.49,62.94,3728.6,123,22
VID08045,2026-02-12,Food Review #8045,Food,3700,224,4,3.53,71.53,417.7,14,8
VID08046,2026-02-13,Morning Routine #8046,Lifestyle,17415,689,213,7.71,79.92,1696.9,384,23
VID08047,2026-02-13,Money Mistakes #8047,Finance,31792,840,74,8.64,72.62,3024.0,534,19
VID08048,2026-02-13,Healthy Habits #8048,Lifestyle,52642,1324,663,8.45,64.6,3668.0,834,12
VID08049,2026-02-13,Study Tips That Work #8049,Education,3832,254,17,8.05,60.05,215.9,31,18
VID08050,2026-02-13,Cooking Tips #8050,Food,19489,1798,160,4.8,58.51,1821.5,320,21
VID08051,2026-02-13,Learning Strategies #8051,Education,3357,355,9,9.17,85.52,199.1,20,18
VID08052,2026-02-13,Daily Routine #8052,Lifestyle,17247,825,20,10.61,70.11,930.2,181,19
VID08053,2026-02-13,Top Games #8053,Gaming,19383,687,132,5.96,65.91,2738.1,110,14
VID08054,2026-02-13,Weekend Travel Vlog #8054,Travel,4903,425,63,6.66,56.15,477.9,53,14
VID08055,2026-02-13,Office Comedy #8055,Comedy,9779,864,19,9.46,50.29,476.5,160,6
VID08056,2026-02-13,Food Review #8056,Food,10101,982,62,6.68,61.93,583.9,92,14
VID08057,2026-02-14,Money Mistakes #8057,Finance,10085,890,76,5.94,90.0,943.3,39,22
VID08058,2026-02-14,Healthy Habits #8058,Lifestyle,23265,1345,250,3.77,78.13,2723.7,157,20
VID08059,2026-02-14,Daily Routine #8059,Lifestyle,843,27,10,6.8,55.39,94.1,16,20
VID08060,2026-02-14,Weekend Travel Vlog #8060,Travel,9951,422,82,9.36,70.64,951.9,40,12
VID08061,2026-02-14,Exam Preparation Guide #8061,Education,5320,400,69,9.9,84.01,412.6,24,20
VID08062,2026-02-14,Study Tips That Work #8062,Education,56459,3108,119,7.85,59.7,6367.0,722,20
VID08063,2026-02-14,Best Friend Problems #8063,Comedy,3651,322,41,6.02,64.25,186.5,75,18
VID08064,2026-02-14,Gaming Tips #8064,Gaming,2429,196,19,5.11,56.06,228.8,13,22
VID08065,2026-02-14,Travel Mistakes #8065,Travel,33865,1763,203,8.06,71.99,4922.0,576,18
VID08066,2026-02-14,Food Review #8066,Food,7948,508,97,10.09,64.89,746.5,40,20
VID08067,2026-02-15,Healthy Habits #8067,Lifestyle,7164,262,56,10.71,84.95,1449.1,97,19
VID08068,2026-02-15,Budget Lifestyle #8068,Lifestyle,3682,155,30,6.61,63.16,398.6,15,21
VID08069,2026-02-15,Food Review #8069,Food,11724,317,27,6.87,62.19,874.9,35,19
VID08070,2026-02-15,Interview Preparation #8070,Education,22283,2042,186,9.27,70.53,1178.4,246,19
VID08071,2026-02-15,Day In My Life #8071,Lifestyle,25666,2710,168,8.78,67.34,1006.4,112,19
VID08072,2026-02-15,Morning Routine #8072,Lifestyle,56460,2591,458,6.48,54.56,3312.0,1268,18
VID08073,2026-02-15,Saving Money #8073,Finance,24022,1960,163,9.71,61.76,2403.7,145,18
VID08074,2026-02-15,AI Tools #8074,Tech,78153,4311,592,6.49,70.53,4230.9,559,20
VID08075,2026-02-15,Exam Preparation Guide #8075,Education,4966,148,15,9.69,54.78,372.5,65,18
VID08076,2026-02-15,Money Mistakes #8076,Finance,14447,876,171,5.41,56.3,745.8,290,16
VID08077,2026-02-15,Relatable College Life #8077,Comedy,6713,463,8,6.04,57.81,755.5,49,12
VID08078,2026-02-16,AI Tools #8078,Tech,6432,345,56,7.89,68.44,486.9,76,12
VID08079,2026-02-16,Day In My Life #8079,Lifestyle,3277,294,30,7.28,47.86,193.4,9,19
VID08080,2026-02-16,Investment Basics #8080,Finance,849,75,7,7.6,71.8,115.4,4,22
VID08081,2026-02-16,Best Places to Visit #8081,Travel,45113,1440,147,7.91,43.18,1279.9,473,12
VID08082,2026-02-16,Office Comedy #8082,Comedy,12884,778,96,8.46,40.75,493.3,155,19
VID08083,2026-02-16,Expectation vs Reality #8083,Comedy,13618,591,183,9.19,63.97,1228.9,149,21
VID08084,2026-02-16,Best Restaurants #8084,Food,10275,1052,125,8.49,61.99,922.8,181,20
VID08085,2026-02-16,Best Apps #8085,Tech,4434,439,26,7.11,58.12,178.8,51,21
VID08086,2026-02-16,Credit Score Tips #8086,Finance,4094,259,41,11.9,61.89,205.6,31,21
VID08087,2026-02-16,Travel Mistakes #8087,Travel,5435,382,12,7.37,47.98,248.2,30,19
VID08088,2026-02-17,Budget Lifestyle #8088,Lifestyle,12574,568,161,7.05,50.39,1019.8,253,19
VID08089,2026-02-17,Funny Family Moments #8089,Comedy,23116,2347,154,10.31,58.81,1947.6,436,21
VID08090,2026-02-17,Weekend Travel Vlog #8090,Travel,6963,668,97,9.06,61.43,577.6,60,21
VID08091,2026-02-17,Office Comedy #8091,Comedy,2060,220,15,7.15,62.15,184.0,7,20
VID08092,2026-02-17,Beginner Guide #8092,Gaming,2602,158,7,10.22,40.64,133.7,54,20
VID08093,2026-02-17,Healthy Habits #8093,Lifestyle,4807,303,20,9.8,54.21,133.9,85,21
VID08094,2026-02-17,Budget Lifestyle #8094,Lifestyle,6787,405,8,7.02,62.35,231.8,79,20
VID08095,2026-02-17,Money Mistakes #8095,Finance,7358,373,87,10.76,47.93,777.9,39,16
VID08096,2026-02-17,Best Friend Problems #8096,Comedy,15396,635,91,8.92,52.43,718.4,254,19
VID08097,2026-02-17,Learning Strategies #8097,Education,2013,219,12,7.27,42.26,61.5,36,19
VID08098,2026-02-18,Travel Guide #8098,Travel,10644,565,40,7.48,64.19,400.1,181,16
VID08099,2026-02-18,Easy Recipes #8099,Food,2097,55,14,10.44,46.18,76.5,20,21
VID08100,2026-02-18,Top Games #8100,Gaming,10078,487,107,10.06,67.34,975.1,113,20
VID08101,2026-02-18,Travel Mistakes #8101,Travel,16371,884,122,8.64,53.14,1422.3,223,20
VID08102,2026-02-18,AI Tools #8102,Tech,8359,323,51,7.88,58.35,1062.6,77,21
VID08103,2026-02-18,Best Friend Problems #8103,Comedy,16727,732,74,6.34,67.86,1250.8,239,20
VID08104,2026-02-18,Beginner Guide #8104,Gaming,16513,1134,191,9.5,72.84,1589.8,108,19
VID08105,2026-02-18,Budget Lifestyle #8105,Lifestyle,11677,484,92,6.22,50.39,848.2,34,20
VID08106,2026-02-18,Saving Money #8106,Finance,14873,1031,155,7.94,63.91,417.1,342,20
VID08107,2026-02-18,Easy Recipes #8107,Food,19562,864,124,6.32,56.62,2105.9,171,20
VID08108,2026-02-18,Morning Routine #8108,Lifestyle,5679,514,67,4.84,45.02,454.5,43,18
VID08109,2026-02-19,Parents Be Like #8109,Comedy,64998,4953,739,6.61,62.25,4209.7,678,20
VID08110,2026-02-19,Budget Lifestyle #8110,Lifestyle,11458,1215,41,9.75,48.34,451.7,156,19
VID08111,2026-02-19,Gaming Highlights #8111,Gaming,8754,859,19,10.29,50.6,942.1,73,8
VID08112,2026-02-19,Funny Family Moments #8112,Comedy,6541,311,69,10.94,53.16,301.2,19,16
VID08113,2026-02-19,Morning Routine #8113,Lifestyle,5569,308,47,8.55,57.63,403.7,81,18
VID08114,2026-02-19,Expectation vs Reality #8114,Comedy,3224,176,22,8.59,58.45,214.0,38,23
VID08115,2026-02-19,Weekend Travel Vlog #8115,Travel,45221,3235,319,7.67,84.34,4639.0,846,12
VID08116,2026-02-19,Budget Lifestyle #8116,Lifestyle,11774,693,114,7.48,77.42,592.1,180,19
VID08117,2026-02-19,Tech Hacks #8117,Tech,19385,1421,175,9.63,83.17,846.7,456,20
VID08118,2026-02-19,Study Tips That Work #8118,Education,13061,389,145,6.05,44.76,1216.7,128,10
VID08119,2026-02-20,Expectation vs Reality #8119,Comedy,14711,467,163,5.34,75.22,1486.4,113,22
VID08120,2026-02-20,Career Tips #8120,Education,8156,819,78,8.73,75.3,1062.1,122,16
VID08121,2026-02-20,Relatable College Life #8121,Comedy,4361,429,33,10.34,44.3,312.9,33,20
VID08122,2026-02-20,Best Apps #8122,Tech,18590,536,132,7.01,83.62,2955.5,414,10
VID08123,2026-02-20,Morning Routine #8123,Lifestyle,1325,65,5,7.3,53.14,93.0,13,21
VID08124,2026-02-20,Budget Planning #8124,Finance,5062,480,42,3.41,60.88,244.8,39,18
VID08125,2026-02-20,Interview Preparation #8125,Education,21914,1689,304,7.04,54.22,956.2,248,20
VID08126,2026-02-20,Food Review #8126,Food,5057,287,15,7.32,51.49,375.1,46,20
VID08127,2026-02-20,Learning Strategies #8127,Education,2376,232,23,6.45,69.85,309.6,33,22
VID08128,2026-02-20,Career Tips #8128,Education,994,87,12,8.94,74.74,95.0,7,16
VID08129,2026-02-20,Study Tips That Work #8129,Education,18109,1631,28,6.06,45.81,1122.5,365,8
VID08130,2026-02-21,Interview Preparation #8130,Education,6992,273,49,7.53,25.0,327.5,44,18
VID08131,2026-02-21,Street Food Tour #8131,Food,7252,490,84,12.02,76.23,1232.1,38,21
VID08132,2026-02-21,Learning Strategies #8132,Education,12744,782,161,4.52,45.08,1042.7,140,22
VID08133,2026-02-21,Interview Preparation #8133,Education,16884,826,103,5.98,52.17,1483.1,137,12
VID08134,2026-02-21,Productivity Tips #8134,Education,7200,201,27,9.11,48.45,425.5,106,20
VID08135,2026-02-21,Parents Be Like #8135,Comedy,30168,1094,134,7.71,83.12,3495.4,365,21
VID08136,2026-02-21,Learning Strategies #8136,Education,25525,1673,213,11.05,54.32,2549.8,221,19
VID08137,2026-02-21,Funny Family Moments #8137,Comedy,7407,661,40,8.25,54.58,338.6,128,16
VID08138,2026-02-21,Career Tips #8138,Education,1419,70,19,7.39,52.07,59.4,22,19
VID08139,2026-02-21,Travel Guide #8139,Travel,2774,125,24,7.15,60.05,274.5,44,21
VID08140,2026-02-22,Healthy Habits #8140,Lifestyle,4579,181,53,9.37,80.28,184.2,68,8
VID08141,2026-02-22,Productivity Tips #8141,Education,29624,1176,283,7.43,80.59,3666.8,592,22
VID08142,2026-02-22,Laptop Buying Guide #8142,Tech,9906,696,27,4.61,40.3,800.7,106,23
VID08143,2026-02-22,Useful Tech Tips #8143,Tech,41142,3737,320,7.14,65.67,2605.1,573,20
VID08144,2026-02-22,Food Review #8144,Food,4190,112,41,7.05,53.98,262.6,13,18
VID08145,2026-02-22,Best Restaurants #8145,Food,26394,1968,166,6.52,30.65,284.7,151,23
VID08146,2026-02-22,Budget Planning #8146,Finance,32720,2135,117,9.64,49.37,2065.1,627,20
VID08147,2026-02-22,Best Places to Visit #8147,Travel,9229,374,36,4.1,84.58,423.1,170,19
VID08148,2026-02-22,Exam Preparation Guide #8148,Education,33784,1192,398,3.96,59.13,1482.0,510,22
VID08149,2026-02-22,Day In My Life #8149,Lifestyle,7985,462,17,10.27,60.1,746.7,130,8
VID08150,2026-02-23,Budget Lifestyle #8150,Lifestyle,543,15,1,4.59,69.98,26.8,12,21
VID08151,2026-02-23,Interview Preparation #8151,Education,6513,463,69,5.89,52.26,116.2,22,19
VID08152,2026-02-23,Top Games #8152,Gaming,5370,525,21,10.61,64.59,341.2,52,20
VID08153,2026-02-23,Best Friend Problems #8153,Comedy,41422,2217,152,7.26,46.02,3820.3,691,20
VID08154,2026-02-23,Travel Mistakes #8154,Travel,5235,337,23,8.29,64.27,268.5,88,14
VID08155,2026-02-23,Travel Mistakes #8155,Travel,22449,1742,88,5.66,52.67,1752.2,134,18
VID08156,2026-02-23,Best Friend Problems #8156,Comedy,11850,599,84,5.26,69.01,630.4,201,12
VID08157,2026-02-23,Parents Be Like #8157,Comedy,11632,443,10,9.39,78.36,1760.4,239,14
VID08158,2026-02-23,Healthy Habits #8158,Lifestyle,20918,2204,114,6.67,54.82,641.1,237,12
VID08159,2026-02-23,Gaming Highlights #8159,Gaming,6276,369,9,7.08,58.56,379.7,86,14
VID08160,2026-02-23,Best Apps #8160,Tech,6308,231,36,6.41,62.41,803.9,25,22
VID08161,2026-02-24,Best Settings #8161,Gaming,29096,850,242,8.72,79.88,4694.0,137,20
VID08162,2026-02-24,Weekend Travel Vlog #8162,Travel,12157,1308,152,7.76,54.46,1117.0,254,8
VID08163,2026-02-24,Money Mistakes #8163,Finance,13769,669,29,8.16,73.64,580.7,66,20
VID08164,2026-02-24,Weekend Vlog #8164,Lifestyle,10909,1024,59,7.62,88.89,1472.5,158,18
VID08165,2026-02-24,Budget Planning #8165,Finance,4842,376,62,7.47,56.31,366.0,64,18
VID08166,2026-02-24,Easy Recipes #8166,Food,4308,331,33,3.68,57.3,158.0,69,20
VID08167,2026-02-24,Weekend Vlog #8167,Lifestyle,13973,1123,184,5.63,37.5,649.3,33,16
VID08168,2026-02-24,Street Food Tour #8168,Food,10400,963,73,6.43,58.82,270.4,179,16
VID08169,2026-02-24,Exam Preparation Guide #8169,Education,21889,1479,262,9.74,42.87,725.7,335,10
VID08170,2026-02-24,Travel Mistakes #8170,Travel,22848,907,298,5.35,57.59,1327.1,102,22
VID08171,2026-02-25,Study Tips That Work #8171,Education,14858,1515,137,8.44,55.78,1202.8,304,21
VID08172,2026-02-25,Budget Planning #8172,Finance,19927,948,168,6.55,62.65,599.9,288,20
VID08173,2026-02-25,Career Tips #8173,Education,9522,302,80,8.59,38.95,526.1,30,20
VID08174,2026-02-25,Best Settings #8174,Gaming,9651,274,115,7.81,52.25,915.8,200,23
VID08175,2026-02-25,Learning Strategies #8175,Education,26678,2754,323,11.65,53.32,2190.7,220,21
VID08176,2026-02-25,Productivity Tips #8176,Education,12292,950,40,6.51,55.9,1252.5,109,21
VID08177,2026-02-25,Morning Routine #8177,Lifestyle,4739,261,28,10.05,38.73,401.0,89,14
VID08178,2026-02-25,Morning Routine #8178,Lifestyle,10856,1128,78,8.96,61.65,877.5,77,12
VID08179,2026-02-25,Interview Preparation #8179,Education,19293,851,256,8.98,62.81,1640.6,272,18
VID08180,2026-02-25,Interview Preparation #8180,Education,9578,965,49,9.9,55.95,439.0,68,8
VID08181,2026-02-25,Top Games #8181,Gaming,13219,1339,98,9.52,66.06,1296.0,178,16
VID08182,2026-02-26,Healthy Habits #8182,Lifestyle,12666,1229,143,4.58,59.37,895.1,91,20
VID08183,2026-02-26,Study Tips That Work #8183,Education,5546,544,47,8.41,65.93,272.4,128,19
VID08184,2026-02-26,Top Games #8184,Gaming,6846,435,88,7.18,50.62,368.1,91,10
VID08185,2026-02-26,Street Food Tour #8185,Food,59015,3850,240,4.75,69.42,3558.5,948,14
VID08186,2026-02-26,Career Tips #8186,Education,9876,922,25,6.93,78.16,599.7,227,14
VID08187,2026-02-26,Office Comedy #8187,Comedy,5821,347,35,6.38,54.97,257.7,47,16
VID08188,2026-02-26,Day In My Life #8188,Lifestyle,2286,150,16,6.8,37.38,97.4,7,6
VID08189,2026-02-26,Phone Features You Missed #8189,Tech,28630,3083,297,9.41,51.0,1003.0,205,20
VID08190,2026-02-26,Useful Tech Tips #8190,Tech,3122,279,5,9.65,62.2,121.1,55,20
VID08191,2026-02-26,Parents Be Like #8191,Comedy,3383,278,43,7.07,69.29,521.2,79,23
VID08192,2026-02-27,Best Apps #8192,Tech,2440,231,12,8.37,47.31,185.8,19,16
VID08193,2026-02-27,Relatable College Life #8193,Comedy,19416,603,271,6.73,62.87,1985.7,159,18
VID08194,2026-02-27,Saving Money #8194,Finance,1955,84,16,7.65,46.55,78.6,39,18
VID08195,2026-02-27,AI Tools #8195,Tech,8818,586,59,6.97,62.73,1009.1,148,19
VID08196,2026-02-27,Morning Routine #8196,Lifestyle,7809,699,20,5.58,48.15,238.6,114,19
VID08197,2026-02-27,Relatable College Life #8197,Comedy,288212,25460,1833,8.45,70.49,39562.1,4768,20
VID08198,2026-02-27,Relatable College Life #8198,Comedy,7364,536,39,9.32,45.91,405.4,51,21
VID08199,2026-02-27,Best Restaurants #8199,Food,16063,1137,30,11.92,62.52,2416.2,313,16
VID08200,2026-02-27,Weekend Travel Vlog #8200,Travel,13857,798,27,8.76,70.4,833.9,258,16
VID08201,2026-02-27,Top Games #8201,Gaming,40486,1249,474,7.11,71.26,4338.6,504,22
VID08202,2026-02-28,Laptop Buying Guide #8202,Tech,8609,707,49,6.84,81.71,660.0,57,21
VID08203,2026-02-28,Office Comedy #8203,Comedy,7972,550,60,5.59,72.2,543.6,84,6
VID08204,2026-02-28,Study Tips That Work #8204,Education,4438,311,45,9.77,39.33,227.1,54,20
VID08205,2026-02-28,Hidden Places #8205,Travel,5859,420,36,9.07,64.5,467.5,71,16
VID08206,2026-02-28,Relatable College Life #8206,Comedy,7408,290,58,8.11,52.18,590.9,129,22
VID08207,2026-02-28,Exam Preparation Guide #8207,Education,2545,128,13,6.05,66.59,281.7,44,19
VID08208,2026-02-28,Best Friend Problems #8208,Comedy,2684,85,21,9.61,76.13,164.8,53,21
VID08209,2026-02-28,Personal Finance Tips #8209,Finance,15699,961,139,5.42,87.06,880.5,215,20
VID08210,2026-02-28,Gaming Highlights #8210,Gaming,7817,219,38,7.23,64.48,766.3,101,20
VID08211,2026-02-28,Parents Be Like #8211,Comedy,21719,1637,289,6.87,69.09,837.0,211,18
VID08212,2026-02-28,Budget Travel Tips #8212,Travel,6504,668,40,5.12,53.62,593.0,112,20
VID08213,2026-03-01,Investment Basics #8213,Finance,11109,331,79,10.36,66.62,396.8,208,12
VID08214,2026-03-01,Daily Routine #8214,Lifestyle,6980,671,40,10.16,47.93,227.3,126,19
VID08215,2026-03-01,Weekend Vlog #8215,Lifestyle,38491,3998,144,11.4,80.15,6455.7,138,6
VID08216,2026-03-01,Travel Mistakes #8216,Travel,10547,1043,91,9.27,70.88,1178.8,212,21
VID08217,2026-03-01,Travel Mistakes #8217,Travel,26071,837,217,8.49,71.87,1618.0,300,16
VID08218,2026-03-01,Parents Be Like #8218,Comedy,5899,483,8,8.74,55.36,397.1,94,20
VID08219,2026-03-01,Morning Routine #8219,Lifestyle,17898,1125,96,4.39,65.03,1842.1,354,12
VID08220,2026-03-01,Food Review #8220,Food,33018,1962,410,10.82,56.52,795.5,731,20
VID08221,2026-03-01,Relatable College Life #8221,Comedy,8685,696,112,8.95,75.19,625.9,51,19
VID08222,2026-03-01,Office Comedy #8222,Comedy,18306,744,221,8.94,67.8,2159.4,220,21
VID08223,2026-03-02,Relatable College Life #8223,Comedy,24537,1573,278,6.36,58.62,2338.2,530,22
VID08224,2026-03-02,Study Tips That Work #8224,Education,3596,177,45,7.62,64.83,405.6,38,14
VID08225,2026-03-02,Study Tips That Work #8225,Education,1337,120,9,10.29,66.13,124.6,19,16
VID08226,2026-03-02,Relatable College Life #8226,Comedy,24252,2108,244,8.3,49.91,2148.9,426,22
VID08227,2026-03-02,Street Food Tour #8227,Food,9143,673,100,7.95,86.85,673.2,185,19
VID08228,2026-03-02,Expectation vs Reality #8228,Comedy,15191,1571,200,8.39,73.21,855.6,145,16
VID08229,2026-03-02,Parents Be Like #8229,Comedy,3717,250,46,7.75,63.82,122.2,85,21
VID08230,2026-03-02,Laptop Buying Guide #8230,Tech,7789,464,63,7.38,63.19,382.5,153,21
VID08231,2026-03-02,Best Restaurants #8231,Food,8663,846,74,8.37,47.6,526.7,82,21
VID08232,2026-03-02,Budget Lifestyle #8232,Lifestyle,1718,81,22,5.81,57.25,40.0,34,21
VID08233,2026-03-02,Hidden Places #8233,Travel,20325,917,244,8.67,61.28,1166.3,96,20
VID08234,2026-03-03,Parents Be Like #8234,Comedy,14861,1515,175,9.12,74.95,1765.8,304,20
VID08235,2026-03-03,Budget Travel Tips #8235,Travel,13637,596,35,10.7,61.1,880.7,291,20
VID08236,2026-03-03,Game Challenge #8236,Gaming,29640,2674,137,7.03,63.3,1814.4,573,12
VID08237,2026-03-03,Travel Mistakes #8237,Travel,9486,950,125,5.21,55.65,1042.4,134,19
VID08238,2026-03-03,Productivity Tips #8238,Education,6004,155,47,5.21,50.53,327.2,120,12
VID08239,2026-03-03,Laptop Buying Guide #8239,Tech,18510,639,164,10.79,65.34,2184.1,59,16
VID08240,2026-03-03,Investment Basics #8240,Finance,24715,1716,159,11.66,63.23,1441.3,90,22
VID08241,2026-03-03,Cooking Tips #8241,Food,17802,1673,228,7.86,75.14,1906.5,63,23
VID08242,2026-03-03,Travel Guide #8242,Travel,3086,100,36,8.47,72.08,344.3,20,23
VID08243,2026-03-03,Exam Preparation Guide #8243,Education,6300,350,19,11.26,56.37,694.0,23,18
VID08244,2026-03-04,Phone Features You Missed #8244,Tech,11285,717,116,9.61,63.8,778.7,185,12
VID08245,2026-03-04,Game Challenge #8245,Gaming,1397,83,17,4.44,72.6,61.5,22,10
VID08246,2026-03-04,Investment Basics #8246,Finance,4976,341,63,9.25,71.28,567.0,88,12
VID08247,2026-03-04,Exam Preparation Guide #8247,Education,3718,209,4,9.02,65.63,244.3,40,18
VID08248,2026-03-04,Funny Family Moments #8248,Comedy,11366,452,66,6.12,78.42,681.9,46,19
VID08249,2026-03-04,Interview Preparation #8249,Education,12404,1324,92,11.06,71.73,1330.7,152,21
VID08250,2026-03-04,Funny Family Moments #8250,Comedy,19014,1775,125,7.61,43.88,1356.5,107,18
VID08251,2026-03-04,Best Apps #8251,Tech,6690,430,72,8.97,49.74,481.0,55,19
VID08252,2026-03-04,Travel Mistakes #8252,Travel,15589,924,68,9.15,77.16,2427.9,245,20
VID08253,2026-03-04,Budget Planning #8253,Finance,3164,155,35,7.29,53.45,243.9,29,10
VID08254,2026-03-05,Easy Recipes #8254,Food,25631,951,212,8.64,47.29,1911.4,216,8
VID08255,2026-03-05,Office Comedy #8255,Comedy,17623,1107,224,11.01,44.45,972.3,216,12
VID08256,2026-03-05,Weekend Vlog #8256,Lifestyle,6833,699,64,8.13,49.02,442.0,114,16
VID08257,2026-03-05,Best Apps #8257,Tech,70077,1754,438,8.01,70.42,3317.2,628,21
VID08258,2026-03-05,Top Games #8258,Gaming,11419,683,77,13.11,54.92,732.8,101,18
VID08259,2026-03-05,Travel Mistakes #8259,Travel,37948,3632,200,5.15,44.35,826.1,290,14
VID08260,2026-03-05,Study Tips That Work #8260,Education,18185,1426,28,10.02,67.91,1396.3,319,19
VID08261,2026-03-05,Productivity Tips #8261,Education,2857,311,36,9.38,77.65,191.3,56,22
VID08262,2026-03-05,Budget Meals #8262,Food,27174,1570,131,8.95,68.01,1160.1,372,22
VID08263,2026-03-05,Parents Be Like #8263,Comedy,32349,3451,272,4.65,74.18,3695.4,553,12
VID08264,2026-03-05,Weekend Vlog #8264,Lifestyle,3716,315,34,6.39,88.19,638.0,15,23
VID08265,2026-03-06,Food Review #8265,Food,15742,829,216,7.66,74.75,1556.2,253,20
VID08266,2026-03-06,Best Apps #8266,Tech,21330,588,161,6.82,60.33,657.3,297,14
VID08267,2026-03-06,Productivity Tips #8267,Education,32806,2672,43,6.46,53.86,1683.3,477,21
VID08268,2026-03-06,Best Restaurants #8268,Food,17527,448,28,10.18,66.88,522.8,146,20
VID08269,2026-03-06,Day In My Life #8269,Lifestyle,7413,209,47,7.59,46.18,382.1,102,20
VID08270,2026-03-06,Healthy Habits #8270,Lifestyle,1799,91,2,7.5,67.95,185.0,42,12
VID08271,2026-03-06,Travel Mistakes #8271,Travel,3102,185,36,7.29,64.94,111.1,46,18
VID08272,2026-03-06,Productivity Tips #8272,Education,12580,796,79,5.64,50.03,948.1,209,10
VID08273,2026-03-06,Learning Strategies #8273,Education,24536,1945,204,6.37,74.92,2850.2,78,16
VID08274,2026-03-06,Useful Tech Tips #8274,Tech,3622,338,27,8.7,49.49,176.7,42,21
VID08275,2026-03-07,Street Food Tour #8275,Food,6834,370,18,7.85,74.55,283.5,81,18
VID08276,2026-03-07,Best Apps #8276,Tech,6983,259,64,5.21,59.23,551.2,120,14
VID08277,2026-03-07,Productivity Tips #8277,Education,15951,1021,75,12.7,43.15,756.8,211,10
VID08278,2026-03-07,Tech Hacks #8278,Tech,17836,1451,248,8.4,79.69,2134.0,420,10
VID08279,2026-03-07,Weekend Vlog #8279,Lifestyle,35312,1942,292,8.25,46.26,1667.6,370,20
VID08280,2026-03-07,Parents Be Like #8280,Comedy,24667,2107,155,7.62,38.35,492.9,287,16
VID08281,2026-03-07,Career Tips #8281,Education,1655,179,13,9.03,65.5,101.3,31,18
VID08282,2026-03-07,Office Comedy #8282,Comedy,31645,2845,185,7.68,64.6,3844.1,535,21
VID08283,2026-03-07,Best Friend Problems #8283,Comedy,13860,392,145,9.6,35.15,655.2,147,18
VID08284,2026-03-07,Best Settings #8284,Gaming,3256,167,31,7.68,59.8,141.6,32,20
VID08285,2026-03-08,Street Food Tour #8285,Food,4109,346,48,8.44,90.0,356.8,99,20
VID08286,2026-03-08,Game Challenge #8286,Gaming,5094,245,60,10.26,58.51,438.2,74,22
VID08287,2026-03-08,Daily Routine #8287,Lifestyle,10659,956,40,6.64,39.96,576.1,94,18
VID08288,2026-03-08,Weekend Travel Vlog #8288,Travel,5775,208,60,10.26,64.5,611.1,27,20
VID08289,2026-03-08,Career Tips #8289,Education,9390,420,127,8.31,72.85,871.0,196,22
VID08290,2026-03-08,Money Mistakes #8290,Finance,8636,907,27,10.3,61.78,631.3,193,21
VID08291,2026-03-08,Career Tips #8291,Education,19416,780,73,5.78,52.79,1739.9,410,22
VID08292,2026-03-08,Best Settings #8292,Gaming,2467,188,31,6.29,41.18,149.6,22,18
VID08293,2026-03-08,Money Mistakes #8293,Finance,3245,299,26,8.72,81.3,157.5,46,18
VID08294,2026-03-08,Weekend Vlog #8294,Lifestyle,113204,11080,1184,10.49,50.61,8746.8,1940,19
VID08295,2026-03-08,Budget Planning #8295,Finance,19246,2048,17,7.2,66.54,1632.4,170,19
VID08296,2026-03-09,Study Tips That Work #8296,Education,3184,220,25,6.57,55.3,178.5,63,16
VID08297,2026-03-09,Tech Hacks #8297,Tech,35849,2620,392,7.82,73.68,3284.0,825,14
VID08298,2026-03-09,Budget Travel Tips #8298,Travel,34716,1851,472,7.17,46.54,2899.0,688,21
VID08299,2026-03-09,Gaming Highlights #8299,Gaming,2114,220,6,8.01,65.37,228.0,25,23
VID08300,2026-03-09,Parents Be Like #8300,Comedy,8252,597,57,2.76,59.64,285.9,167,20
VID08301,2026-03-09,Budget Lifestyle #8301,Lifestyle,9102,838,78,5.33,70.36,1275.5,88,20
VID08302,2026-03-09,Healthy Habits #8302,Lifestyle,12717,811,75,9.16,67.67,863.5,200,10
VID08303,2026-03-09,Funny Family Moments #8303,Comedy,19751,524,151,7.72,57.53,693.9,405,6
VID08304,2026-03-09,Learning Strategies #8304,Education,11116,486,60,12.33,75.92,846.4,36,20
VID08305,2026-03-09,Study Tips That Work #8305,Education,3814,134,29,6.87,61.52,223.2,37,18
VID08306,2026-03-10,Weekend Travel Vlog #8306,Travel,50946,4853,79,6.98,66.49,5778.3,413,16
VID08307,2026-03-10,Weekend Travel Vlog #8307,Travel,5119,186,35,7.99,60.3,634.4,42,18
VID08308,2026-03-10,Budget Planning #8308,Finance,4786,519,20,8.68,49.08,87.0,103,20
VID08309,2026-03-10,Best Settings #8309,Gaming,34753,2819,51,4.04,77.39,4453.6,572,10
VID08310,2026-03-10,Gaming Tips #8310,Gaming,26633,2165,304,5.08,68.41,1679.8,496,21
VID08311,2026-03-10,Funny Family Moments #8311,Comedy,14821,1186,96,8.37,54.25,1344.2,271,18
VID08312,2026-03-10,Budget Travel Tips #8312,Travel,54401,1955,159,13.03,69.84,3880.2,1086,16
VID08313,2026-03-10,Weekend Vlog #8313,Lifestyle,7618,529,65,8.29,54.46,237.0,148,18
VID08314,2026-03-10,Best Apps #8314,Tech,4771,172,11,7.73,65.19,300.2,102,6
VID08315,2026-03-10,Best Friend Problems #8315,Comedy,11619,375,134,10.89,58.96,225.3,210,6
VID08316,2026-03-10,Money Mistakes #8316,Finance,44596,4247,422,7.52,64.83,3354.5,711,16
VID08317,2026-03-11,Travel Mistakes #8317,Travel,5537,177,33,7.15,74.62,599.9,68,19
VID08318,2026-03-11,Laptop Buying Guide #8318,Tech,8148,853,39,5.85,73.89,447.1,121,12
VID08319,2026-03-11,Laptop Buying Guide #8319,Tech,16607,1157,156,7.49,73.73,2430.1,53,12
VID08320,2026-03-11,Office Comedy #8320,Comedy,28353,1839,31,10.47,51.78,1150.6,623,19
VID08321,2026-03-11,Best Friend Problems #8321,Comedy,16853,1692,184,5.88,54.72,1937.4,61,22
VID08322,2026-03-11,Tech Hacks #8322,Tech,1556,125,16,8.35,65.98,168.1,10,21
VID08323,2026-03-11,Useful Tech Tips #8323,Tech,4846,510,17,5.14,40.96,95.6,58,16
VID08324,2026-03-11,Office Comedy #8324,Comedy,58476,4294,48,5.17,61.29,5814.3,967,20
VID08325,2026-03-11,Budget Travel Tips #8325,Travel,6374,555,74,9.33,58.74,480.2,99,19
VID08326,2026-03-11,Day In My Life #8326,Lifestyle,6838,654,89,11.94,59.74,302.4,106,18
VID08327,2026-03-12,Exam Preparation Guide #8327,Education,21007,1943,221,6.26,58.6,1249.4,146,21
VID08328,2026-03-12,Learning Strategies #8328,Education,29171,2678,90,8.88,90.0,3008.5,124,10
VID08329,2026-03-12,Budget Lifestyle #8329,Lifestyle,9703,541,125,7.93,56.52,418.4,193,21
VID08330,2026-03-12,Parents Be Like #8330,Comedy,7031,771,95,6.61,44.63,384.5,42,10
VID08331,2026-03-12,Career Tips #8331,Education,1974,57,27,7.35,61.03,58.4,9,20
VID08332,2026-03-12,Gaming Highlights #8332,Gaming,1406,61,2,8.84,58.79,65.0,14,22
VID08333,2026-03-12,Budget Travel Tips #8333,Travel,14825,963,150,7.94,49.84,807.4,62,20
VID08334,2026-03-12,Budget Travel Tips #8334,Travel,29859,2948,392,7.57,59.62,3506.1,412,14
VID08335,2026-03-12,Expectation vs Reality #8335,Comedy,598,47,5,10.33,52.85,53.9,11,20
VID08336,2026-03-12,Office Comedy #8336,Comedy,5092,133,41,7.11,63.13,237.0,109,6
VID08337,2026-03-13,Best Restaurants #8337,Food,6582,441,40,11.56,43.78,283.9,102,18
VID08338,2026-03-13,Personal Finance Tips #8338,Finance,7536,587,20,5.29,50.3,390.5,75,19
VID08339,2026-03-13,Personal Finance Tips #8339,Finance,14713,456,87,9.37,68.04,1010.3,193,20
VID08340,2026-03-13,Tech Hacks #8340,Tech,81168,3938,1106,8.48,62.14,6458.1,622,8
VID08341,2026-03-13,Expectation vs Reality #8341,Comedy,155225,15862,358,3.87,76.6,7035.9,3174,23
VID08342,2026-03-13,Morning Routine #8342,Lifestyle,14179,1318,193,10.82,56.03,539.5,279,20
VID08343,2026-03-13,Best Apps #8343,Tech,31177,1626,427,5.51,71.43,1428.4,607,20
VID08344,2026-03-13,Budget Meals #8344,Food,5477,501,41,5.97,70.96,836.5,87,19
VID08345,2026-03-13,Office Comedy #8345,Comedy,26503,1017,261,8.69,63.51,2949.6,367,18
VID08346,2026-03-13,Gaming Highlights #8346,Gaming,14921,1484,83,5.74,53.64,1035.9,190,20
VID08347,2026-03-13,Best Friend Problems #8347,Comedy,25137,2412,311,4.42,54.71,1195.3,217,18
VID08348,2026-03-14,Best Restaurants #8348,Food,3924,360,29,6.82,84.93,315.4,52,22
VID08349,2026-03-14,Best Friend Problems #8349,Comedy,14287,1229,151,7.81,76.22,597.5,84,19
VID08350,2026-03-14,Travel Mistakes #8350,Travel,1597,69,18,6.77,46.65,91.9,13,21
VID08351,2026-03-14,Parents Be Like #8351,Comedy,2445,209,32,9.7,62.89,342.1,24,6
VID08352,2026-03-14,Funny Family Moments #8352,Comedy,26335,1616,348,7.08,68.3,1324.8,335,16
VID08353,2026-03-14,Best Friend Problems #8353,Comedy,51612,4484,79,6.56,48.96,3336.6,1077,20
VID08354,2026-03-14,Expectation vs Reality #8354,Comedy,4955,200,44,8.59,67.28,406.9,74,18
VID08355,2026-03-14,Beginner Guide #8355,Gaming,5145,184,47,7.08,44.9,184.8,54,19
VID08356,2026-03-14,Street Food Tour #8356,Food,21581,2093,53,6.9,73.87,1471.5,203,21
VID08357,2026-03-14,Best Friend Problems #8357,Comedy,24276,914,183,7.91,57.71,1570.9,333,20
VID08358,2026-03-15,Budget Lifestyle #8358,Lifestyle,15581,1025,157,8.64,70.07,700.1,200,12
VID08359,2026-03-15,Travel Mistakes #8359,Travel,6846,527,91,5.59,69.56,735.3,58,19
VID08360,2026-03-15,Best Places to Visit #8360,Travel,5392,396,70,7.46,38.05,361.9,44,20
VID08361,2026-03-15,Daily Routine #8361,Lifestyle,13643,985,47,11.79,50.61,596.3,204,12
VID08362,2026-03-15,Travel Guide #8362,Travel,10164,571,122,7.59,43.6,663.2,110,8
VID08363,2026-03-15,Exam Preparation Guide #8363,Education,13002,762,174,8.91,51.75,1313.5,155,21
VID08364,2026-03-15,Hidden Places #8364,Travel,13123,476,112,6.87,60.07,1713.5,86,12
VID08365,2026-03-15,Budget Meals #8365,Food,7982,397,52,11.09,38.95,434.4,21,19
VID08366,2026-03-15,Best Apps #8366,Tech,9545,585,122,6.39,60.55,1223.1,120,16
VID08367,2026-03-15,Parents Be Like #8367,Comedy,61119,5764,104,4.11,82.07,4721.5,413,23
VID08368,2026-03-15,Exam Preparation Guide #8368,Education,3065,105,23,7.52,62.88,378.4,41,21
VID08369,2026-03-16,Morning Routine #8369,Lifestyle,6402,536,84,6.6,59.18,370.7,48,19
VID08370,2026-03-16,Office Comedy #8370,Comedy,2259,70,29,9.06,56.76,105.4,12,18
VID08371,2026-03-16,Funny Family Moments #8371,Comedy,14483,1282,141,10.07,60.17,823.6,314,21
VID08372,2026-03-16,Morning Routine #8372,Lifestyle,5126,262,52,8.77,52.01,397.6,102,10
VID08373,2026-03-16,Expectation vs Reality #8373,Comedy,15997,866,14,6.74,69.07,1713.1,383,23
VID08374,2026-03-16,Useful Tech Tips #8374,Tech,11487,339,30,6.62,36.03,529.7,116,14
VID08375,2026-03-16,Investment Basics #8375,Finance,1087,99,5,3.68,49.16,37.2,22,21
VID08376,2026-03-16,Investment Basics #8376,Finance,8454,525,11,7.26,67.48,801.6,95,18
VID08377,2026-03-16,Best Settings #8377,Gaming,1701,72,9,10.98,44.22,104.9,9,22
VID08378,2026-03-16,Tech Hacks #8378,Tech,12732,1118,64,9.4,50.03,1219.0,69,20
VID08379,2026-03-17,Food Review #8379,Food,4824,488,34,10.17,52.54,413.3,55,19
VID08380,2026-03-17,Interview Preparation #8380,Education,10022,357,43,9.35,63.65,447.6,82,22
VID08381,2026-03-17,Gaming Tips #8381,Gaming,8993,725,100,10.76,52.08,766.9,87,21
VID08382,2026-03-17,Travel Guide #8382,Travel,25861,2694,158,7.23,78.11,1481.8,488,20
VID08383,2026-03-17,Interview Preparation #8383,Education,8966,579,51,9.23,69.69,1134.2,172,22
VID08384,2026-03-17,Hidden Places #8384,Travel,4091,291,21,12.06,62.06,255.4,73,14
VID08385,2026-03-17,Daily Routine #8385,Lifestyle,9113,814,125,10.29,61.18,620.1,32,18
VID08386,2026-03-17,Relatable College Life #8386,Comedy,22026,1747,94,8.42,53.41,2002.2,87,14
VID08387,2026-03-17,Expectation vs Reality #8387,Comedy,7237,319,44,8.56,54.73,585.3,161,10
VID08388,2026-03-17,Study Tips That Work #8388,Education,8402,732,45,8.43,70.18,853.6,63,12
VID08389,2026-03-18,Funny Family Moments #8389,Comedy,25750,1574,181,6.78,89.47,1014.9,169,19
VID08390,2026-03-18,Day In My Life #8390,Lifestyle,8431,506,64,10.66,59.8,989.1,146,18
VID08391,2026-03-18,Gaming Highlights #8391,Gaming,11474,332,113,8.15,56.36,1039.4,99,8
VID08392,2026-03-18,Morning Routine #8392,Lifestyle,15059,1296,18,6.8,57.03,777.1,332,22
VID08393,2026-03-18,Study Tips That Work #8393,Education,10929,703,17,9.46,81.22,981.5,256,21
VID08394,2026-03-18,Office Comedy #8394,Comedy,1159,97,15,7.99,48.84,56.1,2,12
VID08395,2026-03-18,Hidden Places #8395,Travel,21849,869,264,6.42,60.34,713.9,432,16
VID08396,2026-03-18,Career Tips #8396,Education,7753,629,16,4.57,56.48,526.2,161,19
VID08397,2026-03-18,Budget Meals #8397,Food,3596,323,45,7.34,49.41,165.4,20,22
VID08398,2026-03-18,Productivity Tips #8398,Education,4595,147,61,5.23,78.25,163.9,22,21
VID08399,2026-03-18,Phone Features You Missed #8399,Tech,10177,1048,52,7.08,65.23,1029.1,210,18
VID08400,2026-03-19,Best Friend Problems #8400,Comedy,31302,3391,88,7.32,69.25,4045.6,388,10
VID08401,2026-03-19,Learning Strategies #8401,Education,3731,94,31,9.34,57.16,385.1,63,10
VID08402,2026-03-19,Budget Meals #8402,Food,30510,3133,142,5.79,57.06,1187.3,626,20
VID08403,2026-03-19,Beginner Guide #8403,Gaming,33656,1795,196,6.36,50.04,1783.6,374,20
VID08404,2026-03-19,Funny Family Moments #8404,Comedy,55106,2167,719,8.28,57.72,4225.8,446,18
VID08405,2026-03-19,Best Friend Problems #8405,Comedy,10886,627,68,4.64,68.16,986.7,161,10
VID08406,2026-03-19,Credit Score Tips #8406,Finance,10534,1046,24,7.24,49.51,389.6,166,16
VID08407,2026-03-19,Laptop Buying Guide #8407,Tech,2813,281,35,7.25,65.33,327.2,53,19
VID08408,2026-03-19,Game Challenge #8408,Gaming,3523,163,10,8.33,61.87,403.5,71,20
VID08409,2026-03-19,Investment Basics #8409,Finance,10407,285,55,6.79,54.48,517.5,148,18
VID08410,2026-03-20,Street Food Tour #8410,Food,5704,239,68,4.38,90.0,1189.0,119,8
VID08411,2026-03-20,Gaming Tips #8411,Gaming,22880,1982,271,6.83,61.98,2033.1,411,18
VID08412,2026-03-20,Best Friend Problems #8412,Comedy,11696,421,102,4.05,59.32,1336.3,219,18
VID08413,2026-03-20,Gaming Highlights #8413,Gaming,18938,1247,217,8.13,53.95,428.9,73,19
VID08414,2026-03-20,Interview Preparation #8414,Education,6826,552,10,5.9,77.98,1227.6,89,19
VID08415,2026-03-20,Parents Be Like #8415,Comedy,9965,324,65,7.04,65.96,645.2,187,18
VID08416,2026-03-20,Daily Routine #8416,Lifestyle,79505,4961,958,10.38,74.94,9929.3,295,10
VID08417,2026-03-20,Cooking Tips #8417,Food,62114,2967,78,6.16,57.75,2231.9,970,16
VID08418,2026-03-20,Useful Tech Tips #8418,Tech,2544,194,3,5.28,71.58,317.8,33,21
VID08419,2026-03-20,Budget Travel Tips #8419,Travel,10063,901,18,5.57,61.14,744.0,130,16
VID08420,2026-03-20,Personal Finance Tips #8420,Finance,12410,833,56,7.04,49.68,627.5,150,21
VID08421,2026-03-21,Street Food Tour #8421,Food,13339,1017,102,9.53,61.84,1449.1,270,18
VID08422,2026-03-21,Street Food Tour #8422,Food,31314,2005,363,6.56,56.02,2954.5,202,20
VID08423,2026-03-21,Day In My Life #8423,Lifestyle,5065,383,32,6.93,69.61,606.2,66,20
VID08424,2026-03-21,Best Settings #8424,Gaming,1199,126,4,6.3,56.38,161.7,23,14
VID08425,2026-03-21,Top Games #8425,Gaming,3036,280,18,8.59,44.9,102.2,15,20
VID08426,2026-03-21,Daily Routine #8426,Lifestyle,58222,4869,792,6.71,52.02,5792.7,951,21
VID08427,2026-03-21,Credit Score Tips #8427,Finance,13873,1015,106,11.72,63.0,1675.2,65,14
VID08428,2026-03-21,Study Tips That Work #8428,Education,5152,530,21,10.48,45.66,287.7,15,14
VID08429,2026-03-21,Learning Strategies #8429,Education,66602,3304,435,13.8,55.1,2350.9,199,14
VID08430,2026-03-21,Best Places to Visit #8430,Travel,7310,413,76,5.25,70.57,1086.5,112,10
VID08431,2026-03-22,Office Comedy #8431,Comedy,13463,996,37,8.45,55.76,1018.4,266,18
VID08432,2026-03-22,Game Challenge #8432,Gaming,1613,110,22,6.69,44.12,166.3,29,16
VID08433,2026-03-22,Beginner Guide #8433,Gaming,5449,222,49,7.52,62.14,712.6,89,20
VID08434,2026-03-22,Street Food Tour #8434,Food,17782,1623,110,11.66,63.31,2061.3,229,20
VID08435,2026-03-22,Expectation vs Reality #8435,Comedy,14460,1378,96,9.36,54.99,1267.2,102,19
VID08436,2026-03-22,Daily Routine #8436,Lifestyle,16285,453,149,8.96,55.83,1077.4,143,20
VID08437,2026-03-22,Exam Preparation Guide #8437,Education,2135,77,18,6.86,85.17,410.7,11,18
VID08438,2026-03-22,Learning Strategies #8438,Education,13848,974,43,8.89,54.01,642.5,35,19
VID08439,2026-03-22,Best Restaurants #8439,Food,12914,596,176,4.81,54.72,975.9,95,20
VID08440,2026-03-22,Best Restaurants #8440,Food,9715,256,122,7.94,70.56,421.6,224,22
VID08441,2026-03-23,Budget Travel Tips #8441,Travel,13618,1076,81,5.96,55.54,942.4,139,23
VID08442,2026-03-23,Relatable College Life #8442,Comedy,9411,701,43,10.22,43.86,758.4,156,21
VID08443,2026-03-23,Expectation vs Reality #8443,Comedy,12970,1346,94,7.17,58.42,597.9,123,21
VID08444,2026-03-23,Expectation vs Reality #8444,Comedy,12842,1045,80,9.46,76.97,2063.9,66,22
VID08445,2026-03-23,Day In My Life #8445,Lifestyle,3848,246,40,9.1,48.74,242.0,46,10
VID08446,2026-03-23,Game Challenge #8446,Gaming,2947,178,23,7.68,58.82,295.4,21,20
VID08447,2026-03-23,Weekend Travel Vlog #8447,Travel,610,17,8,5.01,54.82,29.7,9,14
VID08448,2026-03-23,Healthy Habits #8448,Lifestyle,4526,326,30,7.47,41.63,254.7,22,20
VID08449,2026-03-23,Best Friend Problems #8449,Comedy,54913,2952,651,8.73,63.98,3113.6,638,12
VID08450,2026-03-23,Budget Lifestyle #8450,Lifestyle,9158,779,78,7.52,72.37,1048.9,205,18
VID08451,2026-03-23,Interview Preparation #8451,Education,4230,163,42,8.94,68.82,468.0,61,22
VID08452,2026-03-24,Productivity Tips #8452,Education,9278,884,93,10.57,81.36,724.2,106,6
VID08453,2026-03-24,AI Tools #8453,Tech,3264,316,8,6.66,51.72,88.1,13,12
VID08454,2026-03-24,Gaming Highlights #8454,Gaming,1607,175,17,11.48,59.14,142.0,22,10
VID08455,2026-03-24,Budget Planning #8455,Finance,3596,311,24,8.98,75.02,495.5,21,23
VID08456,2026-03-24,Best Settings #8456,Gaming,11849,715,142,6.72,56.08,446.0,170,16
VID08457,2026-03-24,Daily Routine #8457,Lifestyle,2177,115,3,3.87,56.58,62.1,27,20
VID08458,2026-03-24,Parents Be Like #8458,Comedy,10357,479,39,5.3,34.39,206.6,125,21
VID08459,2026-03-24,Daily Routine #8459,Lifestyle,26783,2632,124,10.56,75.96,3576.6,237,6
VID08460,2026-03-24,Career Tips #8460,Education,23715,2141,323,10.28,64.61,2853.2,152,20
VID08461,2026-03-24,Phone Features You Missed #8461,Tech,4406,446,37,8.05,41.57,150.5,89,18
VID08462,2026-03-25,Parents Be Like #8462,Comedy,6284,684,76,10.88,73.02,278.9,24,23
VID08463,2026-03-25,Expectation vs Reality #8463,Comedy,3739,332,20,7.45,67.45,298.4,58,16
VID08464,2026-03-25,Funny Family Moments #8464,Comedy,6281,449,34,5.52,48.03,229.2,124,21
VID08465,2026-03-25,Expectation vs Reality #8465,Comedy,500,37,3,8.97,56.68,20.9,3,16
VID08466,2026-03-25,Travel Mistakes #8466,Travel,69010,1973,55,11.12,66.63,4258.2,585,19
VID08467,2026-03-25,Best Friend Problems #8467,Comedy,10662,645,138,4.87,73.77,1667.6,35,20
VID08468,2026-03-25,Best Restaurants #8468,Food,40846,3403,43,7.9,64.26,4413.0,479,22
VID08469,2026-03-25,AI Tools #8469,Tech,6385,496,74,5.92,50.1,362.5,112,12
VID08470,2026-03-25,Day In My Life #8470,Lifestyle,10665,1074,41,3.08,46.27,336.5,86,12
VID08471,2026-03-25,Productivity Tips #8471,Education,92549,2822,1057,4.03,69.5,9175.9,786,19
VID08472,2026-03-25,Expectation vs Reality #8472,Comedy,16208,823,40,12.4,73.08,2548.9,270,10
VID08473,2026-03-26,Budget Lifestyle #8473,Lifestyle,11107,584,146,6.83,63.01,955.7,71,19
VID08474,2026-03-26,Interview Preparation #8474,Education,19886,1536,243,11.01,54.93,729.2,307,21
VID08475,2026-03-26,Food Review #8475,Food,6583,337,10,10.27,74.76,267.6,149,20
VID08476,2026-03-26,Expectation vs Reality #8476,Comedy,7628,710,23,10.89,58.03,298.7,49,20
VID08477,2026-03-26,Saving Money #8477,Finance,4805,420,11,8.53,67.99,622.1,78,20
VID08478,2026-03-26,Laptop Buying Guide #8478,Tech,5051,319,64,7.21,67.38,280.1,107,16
VID08479,2026-03-26,Saving Money #8479,Finance,4566,297,48,8.99,49.04,298.7,15,21
VID08480,2026-03-26,Useful Tech Tips #8480,Tech,13306,1435,62,10.71,53.11,1315.8,139,16
VID08481,2026-03-26,Street Food Tour #8481,Food,22678,1320,273,6.9,55.92,1843.5,248,16
VID08482,2026-03-26,Career Tips #8482,Education,7409,200,30,10.7,50.42,810.5,160,10
VID08483,2026-03-27,Productivity Tips #8483,Education,4005,347,40,7.8,65.81,209.0,47,22
VID08484,2026-03-27,Healthy Habits #8484,Lifestyle,11691,1153,92,12.57,45.27,557.9,80,21
VID08485,2026-03-27,Funny Family Moments #8485,Comedy,17764,675,240,5.52,39.64,603.6,214,16
VID08486,2026-03-27,Day In My Life #8486,Lifestyle,5498,602,5,8.69,83.15,295.5,70,21
VID08487,2026-03-27,Career Tips #8487,Education,7478,798,96,6.56,44.0,248.3,46,20
VID08488,2026-03-27,Healthy Habits #8488,Lifestyle,15741,1210,40,7.42,75.96,2036.0,123,18
VID08489,2026-03-27,Saving Money #8489,Finance,9021,543,44,7.6,46.4,789.4,72,23
VID08490,2026-03-27,Laptop Buying Guide #8490,Tech,10648,657,100,7.74,39.48,219.8,63,10
VID08491,2026-03-27,Expectation vs Reality #8491,Comedy,31492,2787,229,4.97,66.6,2344.1,148,21
VID08492,2026-03-27,Best Settings #8492,Gaming,10521,598,103,7.02,57.09,601.2,86,6
VID08493,2026-03-28,Money Mistakes #8493,Finance,8027,814,10,5.43,82.55,897.5,164,18
VID08494,2026-03-28,Budget Meals #8494,Food,8596,658,21,9.26,90.0,359.4,44,22
VID08495,2026-03-28,Gaming Highlights #8495,Gaming,48688,4389,325,7.32,65.62,5055.7,931,8
VID08496,2026-03-28,Travel Mistakes #8496,Travel,44845,4012,334,7.0,62.16,4144.5,514,12
VID08497,2026-03-28,Best Friend Problems #8497,Comedy,15999,1083,35,7.81,73.22,1440.5,194,6
VID08498,2026-03-28,Cooking Tips #8498,Food,8067,525,58,8.66,61.5,347.6,34,19
VID08499,2026-03-28,Game Challenge #8499,Gaming,20106,543,126,6.49,53.91,1984.5,181,16
VID08500,2026-03-28,Investment Basics #8500,Finance,1640,107,5,7.93,59.41,95.8,20,23
VID08501,2026-03-28,Personal Finance Tips #8501,Finance,6784,588,45,7.75,53.6,454.4,39,16
VID08502,2026-03-28,Travel Guide #8502,Travel,26447,1539,62,11.96,67.64,2740.7,398,10
VID08503,2026-03-28,Relatable College Life #8503,Comedy,27310,2622,264,8.73,69.97,1141.9,314,20
VID08504,2026-03-29,Parents Be Like #8504,Comedy,4186,414,53,10.66,72.62,577.6,67,10
VID08505,2026-03-29,Credit Score Tips #8505,Finance,3039,226,42,8.32,41.65,147.3,24,14
VID08506,2026-03-29,Best Settings #8506,Gaming,27737,924,190,7.49,61.98,3915.3,226,20
VID08507,2026-03-29,Phone Features You Missed #8507,Tech,4995,521,25,3.43,57.12,424.2,53,16
VID08508,2026-03-29,Daily Routine #8508,Lifestyle,7966,808,51,8.78,66.37,1057.2,145,18
VID08509,2026-03-29,AI Tools #8509,Tech,6992,465,13,12.2,79.82,953.4,132,8
VID08510,2026-03-29,Productivity Tips #8510,Education,2565,199,35,6.69,51.06,211.7,50,21
VID08511,2026-03-29,Weekend Travel Vlog #8511,Travel,12420,403,83,8.87,69.59,696.3,281,18
VID08512,2026-03-29,Street Food Tour #8512,Food,13781,674,169,6.81,46.0,616.8,239,21
VID08513,2026-03-29,Relatable College Life #8513,Comedy,4500,432,45,7.62,58.23,356.7,37,20
VID08514,2026-03-30,Street Food Tour #8514,Food,60698,3824,209,7.22,52.0,2918.3,422,12
VID08515,2026-03-30,Office Comedy #8515,Comedy,20175,1325,190,7.21,65.84,1955.5,327,12
VID08516,2026-03-30,AI Tools #8516,Tech,19404,900,53,8.17,60.18,1024.5,98,21
VID08517,2026-03-30,Relatable College Life #8517,Comedy,9433,1027,79,7.97,44.64,334.1,194,10
VID08518,2026-03-30,Productivity Tips #8518,Education,6401,296,48,3.23,78.94,854.4,134,20
VID08519,2026-03-30,Game Challenge #8519,Gaming,7269,731,49,6.66,61.63,385.6,112,22
VID08520,2026-03-30,Cooking Tips #8520,Food,14099,724,47,9.8,72.17,1699.6,330,22
VID08521,2026-03-30,Career Tips #8521,Education,4646,289,45,3.73,71.13,322.8,43,21
VID08522,2026-03-30,Productivity Tips #8522,Education,5110,191,17,8.86,58.52,450.9,19,19
VID08523,2026-03-30,Investment Basics #8523,Finance,7370,713,27,8.13,50.56,372.5,55,20
VID08524,2026-03-30,Weekend Travel Vlog #8524,Travel,9279,283,44,6.97,68.55,988.7,105,19
VID08525,2026-03-31,Best Settings #8525,Gaming,19850,649,158,10.81,29.88,389.7,50,12
VID08526,2026-03-31,Budget Lifestyle #8526,Lifestyle,6089,511,77,7.43,68.99,438.2,92,20
VID08527,2026-03-31,Budget Lifestyle #8527,Lifestyle,153298,10948,1846,10.65,49.08,12644.7,1180,19
VID08528,2026-03-31,Morning Routine #8528,Lifestyle,9319,279,26,8.91,67.5,635.8,154,16
VID08529,2026-03-31,Cooking Tips #8529,Food,25961,1810,76,8.37,45.39,1763.2,291,19
VID08530,2026-03-31,Funny Family Moments #8530,Comedy,11919,998,143,9.05,53.86,310.8,59,19
VID08531,2026-03-31,Top Games #8531,Gaming,100455,3610,290,6.86,46.93,9931.2,763,22
VID08532,2026-03-31,AI Tools #8532,Tech,26648,2370,50,7.52,61.21,2045.7,299,12
VID08533,2026-03-31,Learning Strategies #8533,Education,3009,176,35,7.23,49.2,270.0,58,23
VID08534,2026-03-31,Morning Routine #8534,Lifestyle,35591,3119,283,10.56,60.79,2777.4,506,14
VID08535,2026-04-01,Saving Money #8535,Finance,6514,212,41,9.02,43.45,292.3,16,20
VID08536,2026-04-01,Study Tips That Work #8536,Education,4979,135,42,9.49,60.26,536.7,106,16
VID08537,2026-04-01,Relatable College Life #8537,Comedy,1133,109,6,10.38,82.29,112.7,12,6
VID08538,2026-04-01,Daily Routine #8538,Lifestyle,7983,668,69,5.59,50.42,551.3,157,12
VID08539,2026-04-01,Best Places to Visit #8539,Travel,16573,524,144,10.52,54.71,1787.9,64,23
VID08540,2026-04-01,Interview Preparation #8540,Education,25491,1879,290,4.48,65.85,1105.0,417,20
VID08541,2026-04-01,Gaming Highlights #8541,Gaming,5190,202,44,11.65,60.48,229.8,19,20
VID08542,2026-04-01,Study Tips That Work #8542,Education,8898,696,55,8.74,55.42,314.6,155,22
VID08543,2026-04-01,Expectation vs Reality #8543,Comedy,1772,123,11,8.63,66.37,76.3,22,14
VID08544,2026-04-01,Weekend Vlog #8544,Lifestyle,2049,57,10,6.02,69.19,229.5,22,8
VID08545,2026-04-02,Game Challenge #8545,Gaming,30570,1676,382,11.02,39.8,901.7,443,18
VID08546,2026-04-02,Best Friend Problems #8546,Comedy,40909,2738,550,7.69,64.77,2790.0,901,20
VID08547,2026-04-02,Gaming Tips #8547,Gaming,21650,718,260,6.76,73.16,1746.8,275,16
VID08548,2026-04-02,Best Apps #8548,Tech,6079,201,51,9.18,74.31,897.7,45,20
VID08549,2026-04-02,AI Tools #8549,Tech,38088,1955,40,7.09,60.38,2618.9,703,14
VID08550,2026-04-02,Study Tips That Work #8550,Education,3290,247,32,11.37,50.83,202.9,35,21
VID08551,2026-04-02,Best Friend Problems #8551,Comedy,3714,127,19,6.61,62.39,363.3,57,21
VID08552,2026-04-02,Office Comedy #8552,Comedy,30246,3066,81,5.97,57.72,3098.2,501,19
VID08553,2026-04-02,Budget Planning #8553,Finance,14073,1539,57,7.25,69.73,1151.5,259,23
VID08554,2026-04-02,Weekend Travel Vlog #8554,Travel,11162,1183,14,6.06,55.38,938.9,46,18
VID08555,2026-04-02,Cooking Tips #8555,Food,1856,81,2,10.76,67.73,199.2,37,19
VID08556,2026-04-03,Best Friend Problems #8556,Comedy,44964,1167,295,5.19,52.26,1542.9,734,19
VID08557,2026-04-03,Cooking Tips #8557,Food,37438,1362,301,4.84,80.96,3112.9,340,14
VID08558,2026-04-03,Investment Basics #8558,Finance,3820,336,25,10.16,69.64,136.1,31,20
VID08559,2026-04-03,Best Friend Problems #8559,Comedy,15353,654,175,8.01,51.69,640.2,161,20
VID08560,2026-04-03,Saving Money #8560,Finance,5567,367,48,9.11,78.72,626.2,75,12
VID08561,2026-04-03,Productivity Tips #8561,Education,8075,490,60,8.45,54.13,381.3,36,16
VID08562,2026-04-03,Productivity Tips #8562,Education,41414,3807,470,7.12,59.06,2904.1,178,21
VID08563,2026-04-03,Travel Guide #8563,Travel,3019,287,24,9.35,61.31,416.9,11,22
VID08564,2026-04-03,Beginner Guide #8564,Gaming,56021,3889,344,10.56,75.62,4660.1,408,14
VID08565,2026-04-03,Street Food Tour #8565,Food,13204,914,36,7.58,50.63,530.1,153,16
VID08566,2026-04-04,Funny Family Moments #8566,Comedy,16319,1716,90,3.69,53.55,1298.4,301,21
VID08567,2026-04-04,Saving Money #8567,Finance,1043,103,7,6.67,61.88,73.8,17,16
VID08568,2026-04-04,Weekend Travel Vlog #8568,Travel,7751,433,108,7.18,56.53,809.5,116,10
VID08569,2026-04-04,Travel Guide #8569,Travel,3204,111,26,9.53,46.43,191.4,37,18
VID08570,2026-04-04,Expectation vs Reality #8570,Comedy,13516,449,106,12.33,70.86,819.3,247,20
VID08571,2026-04-04,Interview Preparation #8571,Education,5525,545,24,6.29,50.82,189.4,63,21
VID08572,2026-04-04,Office Comedy #8572,Comedy,18402,681,232,6.99,54.78,1490.6,260,14
VID08573,2026-04-04,Career Tips #8573,Education,2233,74,21,6.92,64.83,121.4,49,20
VID08574,2026-04-04,Phone Features You Missed #8574,Tech,6497,613,42,8.34,55.02,507.8,113,6
VID08575,2026-04-04,Travel Guide #8575,Travel,23626,806,43,8.22,63.97,2236.7,247,6
VID08576,2026-04-04,Best Places to Visit #8576,Travel,5356,542,38,8.45,52.34,99.4,115,12
VID08577,2026-04-05,Best Apps #8577,Tech,15512,882,93,7.26,85.47,2217.5,324,16
VID08578,2026-04-05,Game Challenge #8578,Gaming,4292,260,18,8.05,62.25,392.2,97,20
VID08579,2026-04-05,Morning Routine #8579,Lifestyle,19097,1860,165,9.97,89.74,3475.9,147,14
VID08580,2026-04-05,Best Friend Problems #8580,Comedy,28952,2930,298,8.66,43.75,2416.0,293,21
VID08581,2026-04-05,Best Friend Problems #8581,Comedy,16702,1801,71,5.54,58.25,962.6,353,18
VID08582,2026-04-05,Best Restaurants #8582,Food,12671,630,134,7.27,53.47,249.7,160,10
VID08583,2026-04-05,Budget Planning #8583,Finance,13063,735,20,9.36,60.47,1397.1,98,20
VID08584,2026-04-05,Weekend Travel Vlog #8584,Travel,23018,2184,151,4.34,68.25,1665.2,100,23
VID08585,2026-04-05,Office Comedy #8585,Comedy,27208,2981,297,6.39,77.32,1556.2,452,10
VID08586,2026-04-05,Tech Hacks #8586,Tech,13073,880,26,3.51,68.79,1624.3,63,18
VID08587,2026-04-06,Day In My Life #8587,Lifestyle,4295,452,11,7.25,54.18,114.2,90,20
VID08588,2026-04-06,Office Comedy #8588,Comedy,24362,690,270,10.42,84.37,1650.8,597,22
VID08589,2026-04-06,Budget Meals #8589,Food,12773,1326,74,11.02,63.32,970.0,58,10
VID08590,2026-04-06,Budget Planning #8590,Finance,53559,5155,91,8.1,43.78,3719.3,1070,14
VID08591,2026-04-06,Morning Routine #8591,Lifestyle,1880,139,22,11.77,61.05,248.6,36,19
VID08592,2026-04-06,Weekend Travel Vlog #8592,Travel,22456,1350,271,6.26,40.59,1086.7,402,23
VID08593,2026-04-06,Top Games #8593,Gaming,3832,394,12,10.86,57.47,435.5,59,19
VID08594,2026-04-06,Laptop Buying Guide #8594,Tech,17001,887,71,7.3,45.91,332.8,137,14
VID08595,2026-04-06,Day In My Life #8595,Lifestyle,2346,128,30,4.63,55.15,69.0,22,21
VID08596,2026-04-06,AI Tools #8596,Tech,33779,1649,268,6.4,68.44,1525.6,740,23
VID08597,2026-04-07,Relatable College Life #8597,Comedy,727,30,7,11.22,75.76,85.6,9,14
VID08598,2026-04-07,Healthy Habits #8598,Lifestyle,7129,489,85,9.77,74.93,890.0,98,21
VID08599,2026-04-07,Best Friend Problems #8599,Comedy,3665,225,21,12.17,64.43,217.1,38,12
VID08600,2026-04-07,Cooking Tips #8600,Food,6072,208,10,10.21,41.56,260.1,114,12
VID08601,2026-04-07,AI Tools #8601,Tech,24842,2712,193,8.4,71.77,1565.2,315,19
VID08602,2026-04-07,Day In My Life #8602,Lifestyle,5156,557,28,10.0,54.79,331.4,22,16
VID08603,2026-04-07,Daily Routine #8603,Lifestyle,2909,219,29,6.92,79.95,197.0,50,12
VID08604,2026-04-07,Travel Guide #8604,Travel,11994,1226,82,6.48,82.99,719.1,237,23
VID08605,2026-04-07,Expectation vs Reality #8605,Comedy,18077,1316,249,8.37,67.28,792.2,214,20
VID08606,2026-04-07,Budget Planning #8606,Finance,13255,407,145,8.93,55.42,554.1,59,18
VID08607,2026-04-07,Travel Guide #8607,Travel,5075,369,48,9.82,63.19,400.2,51,8
VID08608,2026-04-08,Interview Preparation #8608,Education,30033,2563,316,6.17,67.17,3284.3,564,21
VID08609,2026-04-08,Game Challenge #8609,Gaming,40758,3084,172,7.14,66.74,994.2,482,21
VID08610,2026-04-08,Office Comedy #8610,Comedy,18149,1226,103,9.5,70.45,1894.3,141,19
VID08611,2026-04-08,Beginner Guide #8611,Gaming,28858,870,371,9.48,53.56,2836.1,248,20
VID08612,2026-04-08,Career Tips #8612,Education,11821,1277,161,9.06,56.39,1598.2,213,20
VID08613,2026-04-08,Food Review #8613,Food,1332,80,11,11.18,74.79,224.7,22,16
VID08614,2026-04-08,Hidden Places #8614,Travel,8112,381,100,7.86,73.47,435.5,80,21
VID08615,2026-04-08,Best Restaurants #8615,Food,41219,4360,564,3.79,52.94,2072.4,672,23
VID08616,2026-04-08,Phone Features You Missed #8616,Tech,50331,4988,166,9.2,66.4,7250.0,724,22
VID08617,2026-04-08,Laptop Buying Guide #8617,Tech,38474,3394,56,7.44,57.19,5042.3,636,16
VID08618,2026-04-09,Exam Preparation Guide #8618,Education,8499,690,84,10.59,60.5,201.2,148,16
VID08619,2026-04-09,Office Comedy #8619,Comedy,32806,3153,64,7.76,58.71,2850.5,620,21
VID08620,2026-04-09,Interview Preparation #8620,Education,5245,374,40,9.29,70.53,659.5,27,10
VID08621,2026-04-09,Office Comedy #8621,Comedy,15061,1331,176,7.87,76.53,555.2,373,18
VID08622,2026-04-09,Parents Be Like #8622,Comedy,52834,4279,664,8.0,57.08,2207.9,700,18
VID08623,2026-04-09,Gaming Highlights #8623,Gaming,6984,648,60,8.64,60.45,630.3,76,19
VID08624,2026-04-09,Laptop Buying Guide #8624,Tech,16058,533,220,5.59,49.23,791.0,167,18
VID08625,2026-04-09,Hidden Places #8625,Travel,7635,540,74,5.88,49.22,819.3,114,20
VID08626,2026-04-09,Expectation vs Reality #8626,Comedy,135837,6935,1786,7.38,67.52,15623.7,2092,6
VID08627,2026-04-09,Career Tips #8627,Education,43592,1388,114,6.97,50.22,1169.9,228,20
VID08628,2026-04-10,Healthy Habits #8628,Lifestyle,44136,3370,171,8.3,70.57,2418.1,894,23
VID08629,2026-04-10,Best Friend Problems #8629,Comedy,5221,521,62,7.64,65.0,155.4,38,10
VID08630,2026-04-10,Relatable College Life #8630,Comedy,21801,1373,214,8.67,80.37,3252.9,204,20
VID08631,2026-04-10,Career Tips #8631,Education,44147,4089,343,6.48,52.9,3126.8,518,18
VID08632,2026-04-10,AI Tools #8632,Tech,10110,842,128,8.7,68.58,513.1,164,16
VID08633,2026-04-10,Travel Mistakes #8633,Travel,8333,438,52,8.29,66.51,940.1,45,21
VID08634,2026-04-10,Career Tips #8634,Education,1594,174,2,9.83,64.99,210.3,25,12
VID08635,2026-04-10,Exam Preparation Guide #8635,Education,14592,1536,60,7.46,64.38,382.8,94,21
VID08636,2026-04-10,AI Tools #8636,Tech,66907,3931,736,7.81,61.16,6885.6,749,18
VID08637,2026-04-10,Budget Meals #8637,Food,8123,319,60,6.96,73.39,1071.0,129,6
VID08638,2026-04-10,Tech Hacks #8638,Tech,4397,447,24,6.94,79.85,541.0,12,18
VID08639,2026-04-11,Weekend Vlog #8639,Lifestyle,28998,1110,196,8.05,70.02,2769.1,641,20
VID08640,2026-04-11,Best Settings #8640,Gaming,39463,1848,45,12.6,64.58,2766.3,816,18
VID08641,2026-04-11,Expectation vs Reality #8641,Comedy,38544,2110,134,6.05,56.26,3103.5,315,14
VID08642,2026-04-11,Weekend Vlog #8642,Lifestyle,11672,478,141,6.26,56.74,934.9,63,21
VID08643,2026-04-11,Exam Preparation Guide #8643,Education,2411,219,27,4.43,64.11,164.5,21,18
VID08644,2026-04-11,Useful Tech Tips #8644,Tech,36489,1418,326,7.37,65.58,3643.1,490,19
VID08645,2026-04-11,Office Comedy #8645,Comedy,4571,432,11,5.35,71.96,164.5,22,19
VID08646,2026-04-11,Budget Lifestyle #8646,Lifestyle,12387,398,105,9.76,80.86,848.3,121,20
VID08647,2026-04-11,Learning Strategies #8647,Education,11614,327,28,9.57,60.57,1106.8,78,23
VID08648,2026-04-11,Tech Hacks #8648,Tech,11680,641,139,9.47,49.37,432.5,68,19
VID08649,2026-04-12,Laptop Buying Guide #8649,Tech,7051,588,94,6.4,57.85,443.3,35,16
VID08650,2026-04-12,Day In My Life #8650,Lifestyle,4135,367,12,6.51,72.1,309.4,33,12
VID08651,2026-04-12,Morning Routine #8651,Lifestyle,7772,521,28,5.06,67.63,798.1,73,19
VID08652,2026-04-12,Budget Meals #8652,Food,4430,319,41,6.48,45.74,138.1,11,21
VID08653,2026-04-12,Healthy Habits #8653,Lifestyle,12356,808,121,9.88,65.14,946.3,176,16
VID08654,2026-04-12,Best Settings #8654,Gaming,13521,1048,97,7.56,68.39,1422.1,104,6
VID08655,2026-04-12,Relatable College Life #8655,Comedy,20877,628,34,4.07,67.22,2432.7,159,14
VID08656,2026-04-12,Best Restaurants #8656,Food,5883,501,70,9.89,61.11,395.9,96,19
VID08657,2026-04-12,Best Friend Problems #8657,Comedy,20173,945,61,10.9,55.88,1881.7,186,6
VID08658,2026-04-12,Money Mistakes #8658,Finance,18567,1469,203,3.87,73.46,1237.5,275,22
VID08659,2026-04-12,Weekend Travel Vlog #8659,Travel,15079,1412,197,5.32,62.79,587.2,42,16
VID08660,2026-04-13,Day In My Life #8660,Lifestyle,2646,91,30,12.46,71.36,142.0,27,10
VID08661,2026-04-13,Learning Strategies #8661,Education,5126,263,54,6.45,54.42,386.2,27,22
VID08662,2026-04-13,Office Comedy #8662,Comedy,5617,321,12,5.78,64.88,408.4,85,21
VID08663,2026-04-13,Street Food Tour #8663,Food,2040,52,19,12.66,57.7,166.2,15,20
VID08664,2026-04-13,Phone Features You Missed #8664,Tech,13768,1168,19,7.01,56.11,1070.3,110,14
VID08665,2026-04-13,Beginner Guide #8665,Gaming,21279,1683,240,9.35,62.34,850.8,394,16
VID08666,2026-04-13,Productivity Tips #8666,Education,4752,267,39,6.84,48.68,389.8,80,19
VID08667,2026-04-13,Laptop Buying Guide #8667,Tech,74987,2521,539,5.06,51.96,3705.9,1293,8
VID08668,2026-04-13,Credit Score Tips #8668,Finance,6380,478,52,7.55,61.24,702.4,83,21
VID08669,2026-04-13,Parents Be Like #8669,Comedy,28933,1038,275,8.05,59.48,1514.7,265,18
VID08670,2026-04-14,Investment Basics #8670,Finance,3269,155,8,7.91,44.17,128.3,68,19
VID08671,2026-04-14,Day In My Life #8671,Lifestyle,3874,243,31,10.7,56.78,213.6,32,20
VID08672,2026-04-14,Food Review #8672,Food,4234,106,23,8.03,64.24,311.5,85,20
VID08673,2026-04-14,Top Games #8673,Gaming,9355,654,95,7.92,41.96,435.5,55,19
VID08674,2026-04-14,Personal Finance Tips #8674,Finance,16329,1659,208,6.43,55.52,1493.6,338,20
VID08675,2026-04-14,Relatable College Life #8675,Comedy,73438,5826,728,10.19,59.44,5182.0,737,21
VID08676,2026-04-14,Interview Preparation #8676,Education,9575,330,110,11.05,58.54,850.6,184,19
VID08677,2026-04-14,Budget Travel Tips #8677,Travel,6191,155,9,10.09,59.28,579.5,54,14
VID08678,2026-04-14,Weekend Travel Vlog #8678,Travel,18019,1423,57,3.4,71.64,1109.7,426,18
VID08679,2026-04-14,Learning Strategies #8679,Education,10000,687,100,9.44,66.61,551.0,119,20
VID08680,2026-04-15,Phone Features You Missed #8680,Tech,16912,1107,135,5.54,78.65,1856.3,354,21
VID08681,2026-04-15,Budget Travel Tips #8681,Travel,6803,452,20,7.19,53.89,825.5,129,19
VID08682,2026-04-15,Useful Tech Tips #8682,Tech,4888,308,26,5.74,69.01,158.7,42,22
VID08683,2026-04-15,Saving Money #8683,Finance,6559,545,30,9.31,69.94,418.8,94,21
VID08684,2026-04-15,Saving Money #8684,Finance,91804,4760,742,6.62,67.66,7679.4,1792,22
VID08685,2026-04-15,Top Games #8685,Gaming,8796,591,47,6.07,40.59,280.8,95,14
VID08686,2026-04-15,Money Mistakes #8686,Finance,63156,2448,545,6.82,64.54,6083.4,772,6
VID08687,2026-04-15,AI Tools #8687,Tech,8306,882,28,8.96,52.74,864.2,28,23
VID08688,2026-04-15,Parents Be Like #8688,Comedy,1165,124,6,5.95,66.61,68.2,8,20
VID08689,2026-04-15,Credit Score Tips #8689,Finance,11874,934,116,6.0,60.33,695.2,255,8
VID08690,2026-04-15,Funny Family Moments #8690,Comedy,24207,1961,21,4.96,67.9,2826.4,512,10
VID08691,2026-04-16,Expectation vs Reality #8691,Comedy,18164,1528,169,3.8,64.47,1949.4,84,12
VID08692,2026-04-16,Tech Hacks #8692,Tech,20188,949,252,6.31,49.05,959.1,393,10
VID08693,2026-04-16,Budget Travel Tips #8693,Travel,9747,750,62,9.83,59.65,1143.0,209,6
VID08694,2026-04-16,Budget Planning #8694,Finance,30453,2816,298,8.38,62.03,3136.9,88,19
VID08695,2026-04-16,Food Review #8695,Food,10492,505,21,7.46,73.24,604.6,233,10
VID08696,2026-04-16,Productivity Tips #8696,Education,5684,195,6,11.33,61.92,445.6,60,20
VID08697,2026-04-16,Phone Features You Missed #8697,Tech,8623,541,37,8.36,56.07,583.9,43,21
VID08698,2026-04-16,Game Challenge #8698,Gaming,4380,478,50,6.39,61.72,361.9,51,21
VID08699,2026-04-16,Office Comedy #8699,Comedy,11633,1166,43,8.42,58.7,1425.3,116,12
VID08700,2026-04-16,Budget Lifestyle #8700,Lifestyle,500,18,6,6.17,76.38,32.9,5,20
VID08701,2026-04-17,Weekend Vlog #8701,Lifestyle,15841,1475,176,5.59,51.3,1606.6,73,19
VID08702,2026-04-17,Easy Recipes #8702,Food,9503,844,77,8.75,57.79,279.0,86,18
VID08703,2026-04-17,Best Settings #8703,Gaming,56311,1871,411,5.88,33.43,2867.8,858,6
VID08704,2026-04-17,Office Comedy #8704,Comedy,10229,915,116,6.11,54.25,609.0,89,14
VID08705,2026-04-17,Budget Lifestyle #8705,Lifestyle,4162,431,56,9.35,66.77,502.1,62,20
VID08706,2026-04-17,Food Review #8706,Food,9825,353,33,9.9,41.79,911.5,126,18
VID08707,2026-04-17,Best Friend Problems #8707,Comedy,14989,1620,52,6.01,45.46,796.8,239,22
VID08708,2026-04-17,Food Review #8708,Food,2645,229,20,9.03,78.11,250.9,37,18
VID08709,2026-04-17,Budget Planning #8709,Finance,2943,137,11,7.9,68.07,138.5,70,18
VID08710,2026-04-17,Cooking Tips #8710,Food,25196,1749,162,9.82,27.77,752.3,133,18
VID08711,2026-04-17,Best Apps #8711,Tech,16492,1434,137,9.33,51.91,1478.2,82,21
VID08712,2026-04-18,Travel Guide #8712,Travel,46502,2890,389,7.14,77.64,1710.6,1161,23
VID08713,2026-04-18,Money Mistakes #8713,Finance,4050,226,52,7.2,44.52,185.8,59,18
VID08714,2026-04-18,Relatable College Life #8714,Comedy,22383,1825,44,5.37,54.14,2226.3,285,6
VID08715,2026-04-18,Day In My Life #8715,Lifestyle,11030,882,95,14.13,57.56,427.2,101,19
VID08716,2026-04-18,Parents Be Like #8716,Comedy,10666,328,20,7.82,75.14,779.0,149,20
VID08717,2026-04-18,Relatable College Life #8717,Comedy,11244,529,24,5.64,57.92,1131.8,71,16
VID08718,2026-04-18,Gaming Tips #8718,Gaming,5869,330,15,4.74,51.18,599.9,124,8
VID08719,2026-04-18,Parents Be Like #8719,Comedy,33577,3241,158,6.78,56.83,3081.4,128,22
VID08720,2026-04-18,Phone Features You Missed #8720,Tech,4650,175,8,7.32,65.76,166.9,39,10
VID08721,2026-04-18,Budget Lifestyle #8721,Lifestyle,19792,1082,117,4.67,68.7,1766.5,78,16
VID08722,2026-04-19,Street Food Tour #8722,Food,45667,3199,600,7.31,51.11,3801.5,172,22
VID08723,2026-04-19,Funny Family Moments #8723,Comedy,3943,217,38,7.43,68.14,221.3,38,21
VID08724,2026-04-19,Daily Routine #8724,Lifestyle,6602,376,26,11.27,50.79,135.8,121,20
VID08725,2026-04-19,Office Comedy #8725,Comedy,3244,135,8,11.92,58.53,264.4,10,12
VID08726,2026-04-19,AI Tools #8726,Tech,10400,659,28,9.48,64.12,1100.7,150,14
VID08727,2026-04-19,Study Tips That Work #8727,Education,34232,1454,333,12.15,55.08,880.8,736,21
VID08728,2026-04-19,Healthy Habits #8728,Lifestyle,7114,497,57,8.65,82.77,583.4,53,20
VID08729,2026-04-19,Day In My Life #8729,Lifestyle,7807,205,70,7.51,68.84,757.9,132,23
VID08730,2026-04-19,Beginner Guide #8730,Gaming,35397,2220,414,8.2,47.45,3180.9,721,20
VID08731,2026-04-19,Investment Basics #8731,Finance,6440,197,36,6.21,63.15,270.2,64,14
VID08732,2026-04-20,Office Comedy #8732,Comedy,35771,2426,230,8.88,57.66,2653.8,326,20
VID08733,2026-04-20,Saving Money #8733,Finance,5157,216,47,8.77,60.64,355.9,20,23
VID08734,2026-04-20,Budget Travel Tips #8734,Travel,7770,555,22,6.43,57.81,867.3,27,19
VID08735,2026-04-20,Productivity Tips #8735,Education,23684,1978,310,3.7,67.88,2949.7,215,16
VID08736,2026-04-20,Office Comedy #8736,Comedy,138350,13564,1628,7.48,66.69,10573.0,2052,18
VID08737,2026-04-20,Beginner Guide #8737,Gaming,6307,569,43,6.23,52.8,333.4,45,14
VID08738,2026-04-20,Best Settings #8738,Gaming,42589,4319,110,5.45,46.55,4015.4,692,18
VID08739,2026-04-20,AI Tools #8739,Tech,6243,265,69,4.51,70.25,484.8,64,23
VID08740,2026-04-20,Credit Score Tips #8740,Finance,5167,548,54,7.17,70.76,658.5,62,12
VID08741,2026-04-20,Game Challenge #8741,Gaming,35379,2850,269,3.97,64.68,2678.5,745,12
VID08742,2026-04-20,Best Friend Problems #8742,Comedy,16133,1484,148,9.34,67.04,964.5,114,16
VID08743,2026-04-21,Travel Mistakes #8743,Travel,5441,163,14,5.46,64.91,574.9,34,19
VID08744,2026-04-21,Productivity Tips #8744,Education,6035,259,81,9.38,60.58,428.0,130,23
VID08745,2026-04-21,Daily Routine #8745,Lifestyle,10233,811,30,8.35,54.66,406.1,226,20
VID08746,2026-04-21,Cooking Tips #8746,Food,7807,304,37,10.68,72.27,1165.6,65,19
VID08747,2026-04-21,Office Comedy #8747,Comedy,25604,2356,273,7.47,37.37,1464.5,213,20
VID08748,2026-04-21,Investment Basics #8748,Finance,7403,513,58,7.07,43.61,192.6,108,10
VID08749,2026-04-21,Laptop Buying Guide #8749,Tech,9062,497,59,9.79,52.07,615.8,80,14
VID08750,2026-04-21,Morning Routine #8750,Lifestyle,2979,250,9,6.68,54.65,127.5,61,8
VID08751,2026-04-21,Best Settings #8751,Gaming,10037,739,132,9.9,51.87,1135.4,136,20
VID08752,2026-04-21,Relatable College Life #8752,Comedy,17415,645,118,5.18,40.05,982.1,119,16
VID08753,2026-04-22,Laptop Buying Guide #8753,Tech,5382,333,68,8.21,70.9,254.7,39,19
VID08754,2026-04-22,Street Food Tour #8754,Food,11973,728,150,7.19,58.55,769.8,246,12
VID08755,2026-04-22,Weekend Travel Vlog #8755,Travel,8072,624,68,5.91,70.61,718.2,83,10
VID08756,2026-04-22,Laptop Buying Guide #8756,Tech,6332,165,77,6.77,56.62,606.2,79,20
VID08757,2026-04-22,Study Tips That Work #8757,Education,8724,875,28,8.58,60.2,598.9,116,14
VID08758,2026-04-22,Office Comedy #8758,Comedy,40290,2158,344,5.91,44.08,882.3,147,20
VID08759,2026-04-22,Credit Score Tips #8759,Finance,6900,490,7,9.27,60.98,714.5,109,12
VID08760,2026-04-22,Budget Meals #8760,Food,8979,301,70,7.01,58.96,634.4,187,12
VID08761,2026-04-22,Game Challenge #8761,Gaming,9058,717,28,7.8,81.85,811.3,30,6
VID08762,2026-04-22,Healthy Habits #8762,Lifestyle,4311,362,16,5.14,51.45,239.5,78,23
VID08763,2026-04-22,Relatable College Life #8763,Comedy,17084,1110,45,9.16,58.66,950.1,280,8
VID08764,2026-04-23,Learning Strategies #8764,Education,5222,338,38,6.36,54.52,368.8,102,19
VID08765,2026-04-23,Exam Preparation Guide #8765,Education,26806,813,140,4.94,75.74,2280.7,234,6
VID08766,2026-04-23,Daily Routine #8766,Lifestyle,4946,220,49,7.34,30.21,182.5,38,18
VID08767,2026-04-23,Gaming Tips #8767,Gaming,10562,1055,125,8.57,66.44,616.5,219,23
VID08768,2026-04-23,Office Comedy #8768,Comedy,7365,717,26,5.39,69.15,542.1,67,18
VID08769,2026-04-23,Budget Planning #8769,Finance,36928,2955,200,5.88,52.4,1459.9,489,16
VID08770,2026-04-23,Learning Strategies #8770,Education,14727,1310,81,5.24,76.88,2351.0,94,21
VID08771,2026-04-23,AI Tools #8771,Tech,3885,301,40,8.24,66.68,621.0,79,21
VID08772,2026-04-23,Hidden Places #8772,Travel,36309,3400,409,10.82,56.01,1335.5,747,10
VID08773,2026-04-23,AI Tools #8773,Tech,60199,3011,185,8.58,62.84,6310.7,498,22
VID08774,2026-04-24,Phone Features You Missed #8774,Tech,26309,1340,241,8.82,51.42,523.9,528,19
VID08775,2026-04-24,Career Tips #8775,Education,6362,385,72,5.64,65.79,872.6,117,19
VID08776,2026-04-24,Funny Family Moments #8776,Comedy,3805,155,43,9.47,53.46,175.6,33,8
VID08777,2026-04-24,Food Review #8777,Food,13079,1214,162,5.3,75.79,1418.8,307,16
VID08778,2026-04-24,Exam Preparation Guide #8778,Education,53009,1835,283,3.68,40.79,3084.8,972,6
VID08779,2026-04-24,Funny Family Moments #8779,Comedy,9938,654,45,8.57,42.79,483.4,110,19
VID08780,2026-04-24,Food Review #8780,Food,12695,688,175,6.31,64.97,519.9,247,20
VID08781,2026-04-24,Food Review #8781,Food,8572,538,107,11.02,50.79,759.9,170,14
VID08782,2026-04-24,Career Tips #8782,Education,28937,1465,404,8.98,48.55,1076.1,397,12
VID08783,2026-04-24,Money Mistakes #8783,Finance,4538,461,29,12.56,52.7,279.1,42,21
VID08784,2026-04-25,Budget Planning #8784,Finance,14824,1052,55,4.22,71.33,2249.4,129,12
VID08785,2026-04-25,AI Tools #8785,Tech,4492,339,24,6.92,71.27,468.4,17,20
VID08786,2026-04-25,Relatable College Life #8786,Comedy,15668,1386,161,8.81,75.61,2614.2,55,20
VID08787,2026-04-25,Best Apps #8787,Tech,5194,402,49,7.48,57.17,317.2,40,16
VID08788,2026-04-25,Credit Score Tips #8788,Finance,10086,1038,86,9.17,58.01,361.3,202,14
VID08789,2026-04-25,Best Friend Problems #8789,Comedy,34916,2613,343,11.75,60.53,2254.5,366,20
VID08790,2026-04-25,Best Friend Problems #8790,Comedy,28163,2078,22,5.69,49.27,3016.9,241,6
VID08791,2026-04-25,Office Comedy #8791,Comedy,6762,727,28,7.06,60.66,189.7,84,21
VID08792,2026-04-25,Exam Preparation Guide #8792,Education,1743,55,10,7.5,38.34,51.8,20,23
VID08793,2026-04-25,Investment Basics #8793,Finance,2175,141,2,4.29,51.09,88.1,33,18
VID08794,2026-04-25,Morning Routine #8794,Lifestyle,8177,350,93,12.73,74.13,1101.0,41,22
VID08795,2026-04-26,Office Comedy #8795,Comedy,16630,1328,24,5.07,54.06,1544.0,50,20
VID08796,2026-04-26,Weekend Vlog #8796,Lifestyle,3090,97,25,9.03,58.38,85.4,54,21
VID08797,2026-04-26,Best Restaurants #8797,Food,44850,4635,619,10.41,70.5,1357.2,525,19
VID08798,2026-04-26,Office Comedy #8798,Comedy,36444,2984,43,7.78,75.71,2434.5,547,21
VID08799,2026-04-26,Laptop Buying Guide #8799,Tech,2033,145,4,6.7,66.58,69.7,27,12
VID08800,2026-04-26,Game Challenge #8800,Gaming,155095,8602,1344,7.61,74.59,25871.3,2350,12
VID08801,2026-04-26,Travel Guide #8801,Travel,33134,2607,188,9.47,83.06,3592.8,574,16
VID08802,2026-04-26,Funny Family Moments #8802,Comedy,3467,91,11,9.54,48.85,128.3,22,21
VID08803,2026-04-26,Morning Routine #8803,Lifestyle,1975,192,3,5.47,72.78,232.9,36,10
VID08804,2026-04-26,Office Comedy #8804,Comedy,15260,643,208,6.02,77.6,1354.0,243,19
VID08805,2026-04-27,Budget Lifestyle #8805,Lifestyle,4192,146,7,4.69,45.24,262.4,67,22
VID08806,2026-04-27,Office Comedy #8806,Comedy,25828,2273,144,10.49,80.41,3419.2,330,19
VID08807,2026-04-27,Best Places to Visit #8807,Travel,10991,1142,139,8.67,77.21,1019.5,233,12
VID08808,2026-04-27,Productivity Tips #8808,Education,8328,839,17,4.55,56.24,705.3,143,22
VID08809,2026-04-27,Phone Features You Missed #8809,Tech,6868,576,6,7.57,64.58,602.1,97,18
VID08810,2026-04-27,Expectation vs Reality #8810,Comedy,20366,727,212,8.69,61.12,604.7,415,18
VID08811,2026-04-27,Useful Tech Tips #8811,Tech,3550,173,28,7.03,73.2,230.5,29,14
VID08812,2026-04-27,Morning Routine #8812,Lifestyle,5179,158,31,5.54,50.59,254.6,87,6
VID08813,2026-04-27,Office Comedy #8813,Comedy,21707,555,267,7.46,50.52,1062.3,300,20
VID08814,2026-04-27,Relatable College Life #8814,Comedy,26061,1196,68,7.71,67.93,901.1,328,16
VID08815,2026-04-27,Study Tips That Work #8815,Education,9418,404,32,8.95,80.76,908.8,90,18
VID08816,2026-04-28,Useful Tech Tips #8816,Tech,4528,409,25,3.72,60.25,187.6,36,16
VID08817,2026-04-28,Tech Hacks #8817,Tech,60438,3283,617,8.38,67.26,2829.5,968,22
VID08818,2026-04-28,Relatable College Life #8818,Comedy,4742,122,46,8.65,72.86,421.1,109,18
VID08819,2026-04-28,Budget Meals #8819,Food,3227,204,42,8.32,53.4,392.2,30,21
VID08820,2026-04-28,Beginner Guide #8820,Gaming,6286,392,60,5.09,51.42,221.0,31,12
VID08821,2026-04-28,Investment Basics #8821,Finance,3233,106,10,6.75,55.36,413.3,41,18
VID08822,2026-04-28,Phone Features You Missed #8822,Tech,25165,735,55,7.38,76.12,1432.8,357,10
VID08823,2026-04-28,Office Comedy #8823,Comedy,4524,288,5,6.71,57.99,105.2,67,16
VID08824,2026-04-28,Weekend Vlog #8824,Lifestyle,3600,270,5,7.53,63.22,478.0,46,14
VID08825,2026-04-28,Productivity Tips #8825,Education,20961,718,233,7.63,54.85,1186.3,312,23
VID08826,2026-04-29,Best Friend Problems #8826,Comedy,23371,2096,326,8.35,39.34,1729.2,328,6
VID08827,2026-04-29,Parents Be Like #8827,Comedy,56442,5242,141,7.5,77.69,6252.7,344,21
VID08828,2026-04-29,Budget Travel Tips #8828,Travel,6240,391,63,10.68,59.72,275.9,83,18
VID08829,2026-04-29,Top Games #8829,Gaming,1026,41,13,10.3,64.81,115.2,15,14
VID08830,2026-04-29,Travel Mistakes #8830,Travel,15962,833,98,10.21,79.74,1880.9,264,22
VID08831,2026-04-29,Investment Basics #8831,Finance,18337,1504,205,10.75,70.83,1863.9,430,20
VID08832,2026-04-29,Funny Family Moments #8832,Comedy,23125,962,252,11.44,60.44,1526.6,408,20
VID08833,2026-04-29,Career Tips #8833,Education,36787,2031,251,10.54,51.28,1060.7,320,10
VID08834,2026-04-29,Food Review #8834,Food,37838,2257,332,4.46,58.27,2571.5,343,12
VID08835,2026-04-29,Best Friend Problems #8835,Comedy,31627,3061,316,11.19,57.52,4028.0,603,8
VID08836,2026-04-30,Street Food Tour #8836,Food,25900,2486,144,4.48,40.63,712.7,149,16
VID08837,2026-04-30,Hidden Places #8837,Travel,29886,2882,242,5.51,53.23,928.9,461,12
VID08838,2026-04-30,Best Friend Problems #8838,Comedy,39235,3759,473,7.89,59.1,5501.4,220,21
VID08839,2026-04-30,Budget Lifestyle #8839,Lifestyle,3794,265,3,9.01,72.47,177.2,49,16
VID08840,2026-04-30,Expectation vs Reality #8840,Comedy,11263,681,145,9.53,46.29,569.7,220,16
VID08841,2026-04-30,Office Comedy #8841,Comedy,15947,416,149,5.06,72.67,1726.6,95,20
VID08842,2026-04-30,Expectation vs Reality #8842,Comedy,69933,7285,479,5.94,59.21,4240.1,215,18
VID08843,2026-04-30,Tech Hacks #8843,Tech,7110,465,63,10.64,37.67,296.9,38,16
VID08844,2026-04-30,Laptop Buying Guide #8844,Tech,7000,250,23,11.48,71.65,698.6,86,16
VID08845,2026-04-30,Weekend Vlog #8845,Lifestyle,2856,230,33,11.53,49.26,201.0,56,18
VID08846,2026-04-30,Office Comedy #8846,Comedy,4019,341,5,5.97,57.84,500.6,35,22
VID08847,2026-05-01,Budget Meals #8847,Food,8929,919,82,8.29,50.11,767.0,132,16
VID08848,2026-05-01,Funny Family Moments #8848,Comedy,34498,2226,366,8.15,66.41,4431.1,167,14
VID08849,2026-05-01,Day In My Life #8849,Lifestyle,12779,974,157,6.89,47.91,736.5,142,21
VID08850,2026-05-01,Best Apps #8850,Tech,1080,59,9,7.51,39.19,21.1,16,22
VID08851,2026-05-01,Useful Tech Tips #8851,Tech,19734,776,65,8.34,75.47,2682.5,81,12
VID08852,2026-05-01,Easy Recipes #8852,Food,7867,489,85,7.77,28.31,427.6,102,19
VID08853,2026-05-01,Best Places to Visit #8853,Travel,8223,839,18,5.0,58.74,799.6,105,21
VID08854,2026-05-01,Tech Hacks #8854,Tech,5230,245,69,8.02,66.67,611.1,31,16
VID08855,2026-05-01,Morning Routine #8855,Lifestyle,21779,2203,147,8.21,74.7,2134.0,95,20
VID08856,2026-05-01,Office Comedy #8856,Comedy,36053,2496,501,7.36,46.02,1362.6,673,21
VID08857,2026-05-02,Travel Mistakes #8857,Travel,18459,1934,213,3.83,58.39,882.6,134,14
VID08858,2026-05-02,Laptop Buying Guide #8858,Tech,4377,170,52,8.49,47.85,495.4,53,19
VID08859,2026-05-02,Parents Be Like #8859,Comedy,22103,1418,308,5.02,51.87,1144.8,327,18
VID08860,2026-05-02,Expectation vs Reality #8860,Comedy,20515,717,181,9.11,77.65,1177.9,473,22
VID08861,2026-05-02,Personal Finance Tips #8861,Finance,2774,266,18,11.7,80.01,233.1,36,21
VID08862,2026-05-02,Best Apps #8862,Tech,7969,351,77,6.8,46.15,215.2,76,22
VID08863,2026-05-02,Gaming Tips #8863,Gaming,27201,757,341,8.29,59.6,2569.5,602,20
VID08864,2026-05-02,Laptop Buying Guide #8864,Tech,8496,640,31,7.72,63.07,938.5,45,19
VID08865,2026-05-02,Easy Recipes #8865,Food,26602,1065,113,6.92,56.37,2702.8,504,20
VID08866,2026-05-02,AI Tools #8866,Tech,24879,1756,229,8.7,38.55,734.0,476,18
VID08867,2026-05-02,Best Apps #8867,Tech,37532,3852,165,11.3,64.84,2673.8,562,20
VID08868,2026-05-03,Expectation vs Reality #8868,Comedy,19694,547,134,6.79,76.28,2324.1,219,12
VID08869,2026-05-03,Best Friend Problems #8869,Comedy,22956,810,68,2.83,69.15,764.0,153,20
VID08870,2026-05-03,Career Tips #8870,Education,11764,574,32,7.36,37.19,422.6,219,16
VID08871,2026-05-03,Daily Routine #8871,Lifestyle,1049,104,3,7.43,61.06,73.0,19,21
VID08872,2026-05-03,Budget Travel Tips #8872,Travel,6247,517,80,9.31,62.57,423.4,59,18
VID08873,2026-05-03,Game Challenge #8873,Gaming,11190,309,131,4.64,79.44,647.5,93,18
VID08874,2026-05-03,Personal Finance Tips #8874,Finance,5194,217,31,9.57,53.47,464.5,53,16
VID08875,2026-05-03,Relatable College Life #8875,Comedy,22695,1225,284,9.73,72.67,3113.5,401,20
VID08876,2026-05-03,Laptop Buying Guide #8876,Tech,10401,751,51,6.69,53.66,1347.7,68,14
VID08877,2026-05-03,Gaming Highlights #8877,Gaming,7623,324,18,6.05,51.41,737.3,148,22
VID08878,2026-05-04,Productivity Tips #8878,Education,10857,519,90,5.16,57.79,485.3,192,20
VID08879,2026-05-04,Productivity Tips #8879,Education,5342,528,15,9.93,65.37,520.4,112,22
VID08880,2026-05-04,Weekend Vlog #8880,Lifestyle,13254,549,173,5.39,66.7,1682.0,124,22
VID08881,2026-05-04,Interview Preparation #8881,Education,2177,119,14,10.68,54.16,63.7,27,18
VID08882,2026-05-04,Budget Travel Tips #8882,Travel,561,49,4,5.33,53.09,37.6,8,10
VID08883,2026-05-04,Parents Be Like #8883,Comedy,2737,170,19,11.18,69.49,298.3,34,22
VID08884,2026-05-04,Office Comedy #8884,Comedy,41105,4299,431,8.44,53.13,876.9,127,16
VID08885,2026-05-04,Budget Travel Tips #8885,Travel,2759,94,14,5.71,56.61,263.9,16,23
VID08886,2026-05-04,Exam Preparation Guide #8886,Education,5901,458,66,9.1,61.98,599.0,134,20
VID08887,2026-05-04,Top Games #8887,Gaming,17919,1220,136,5.2,48.79,1765.7,251,22
VID08888,2026-05-05,Morning Routine #8888,Lifestyle,1078,55,9,10.03,50.94,103.8,15,23
VID08889,2026-05-05,Learning Strategies #8889,Education,8125,707,62,7.9,74.55,1274.5,24,22
VID08890,2026-05-05,Relatable College Life #8890,Comedy,79767,7428,145,9.01,72.78,8983.1,1414,12
VID08891,2026-05-05,Game Challenge #8891,Gaming,4257,194,25,4.38,51.33,340.3,49,20
VID08892,2026-05-05,Budget Meals #8892,Food,78465,8071,601,7.36,71.57,7139.0,439,20
VID08893,2026-05-05,Relatable College Life #8893,Comedy,8976,508,26,7.33,51.7,883.3,29,14
VID08894,2026-05-05,Budget Planning #8894,Finance,9988,403,120,7.29,32.68,212.4,64,12
VID08895,2026-05-05,Productivity Tips #8895,Education,8925,786,52,11.96,58.02,860.4,97,12
VID08896,2026-05-05,Learning Strategies #8896,Education,8348,246,37,11.11,51.37,708.7,123,21
VID08897,2026-05-05,Funny Family Moments #8897,Comedy,16657,1646,185,4.32,71.81,727.7,390,19
VID08898,2026-05-05,Laptop Buying Guide #8898,Tech,9001,328,11,7.71,57.62,554.1,145,19
VID08899,2026-05-06,Best Restaurants #8899,Food,35581,2663,192,6.06,78.48,4506.9,160,20
VID08900,2026-05-06,Learning Strategies #8900,Education,8653,286,80,10.67,54.97,800.6,194,12
VID08901,2026-05-06,Study Tips That Work #8901,Education,3883,249,19,5.22,42.98,156.7,65,16
VID08902,2026-05-06,Travel Guide #8902,Travel,11473,1047,141,5.2,44.09,450.4,136,21
VID08903,2026-05-06,Funny Family Moments #8903,Comedy,19881,1857,37,7.48,83.02,3719.8,78,12
VID08904,2026-05-06,Learning Strategies #8904,Education,17857,1787,130,9.27,48.13,336.1,106,20
VID08905,2026-05-06,Relatable College Life #8905,Comedy,10190,846,120,5.02,56.27,650.2,227,20
VID08906,2026-05-06,Best Places to Visit #8906,Travel,785,62,2,10.21,62.73,17.7,10,18
VID08907,2026-05-06,Game Challenge #8907,Gaming,13564,964,126,9.06,57.14,1621.2,290,20
VID08908,2026-05-06,Top Games #8908,Gaming,7361,524,66,9.27,68.49,959.0,45,20
VID08909,2026-05-07,Budget Meals #8909,Food,51113,4058,715,10.25,53.42,1494.3,391,20
VID08910,2026-05-07,Interview Preparation #8910,Education,15377,647,131,6.65,59.91,1255.7,201,23
VID08911,2026-05-07,Phone Features You Missed #8911,Tech,10172,501,98,8.42,77.14,395.8,115,18
VID08912,2026-05-07,Game Challenge #8912,Gaming,74019,5831,761,6.25,65.62,4960.7,1229,16
VID08913,2026-05-07,Day In My Life #8913,Lifestyle,5716,335,57,9.06,62.86,720.6,66,19
VID08914,2026-05-07,Best Friend Problems #8914,Comedy,13410,1391,123,5.35,61.22,999.9,296,18
VID08915,2026-05-07,Productivity Tips #8915,Education,9354,536,72,7.99,53.1,681.4,125,16
VID08916,2026-05-07,Saving Money #8916,Finance,2660,270,21,8.49,82.89,196.8,17,21
VID08917,2026-05-07,Best Apps #8917,Tech,10260,610,12,5.09,67.71,766.8,245,12
VID08918,2026-05-07,Beginner Guide #8918,Gaming,7822,701,56,9.23,38.39,153.1,122,21
VID08919,2026-05-07,Daily Routine #8919,Lifestyle,14529,1299,188,2.24,57.98,659.8,121,23
VID08920,2026-05-08,Phone Features You Missed #8920,Tech,24507,2657,245,6.19,38.74,571.9,156,14
VID08921,2026-05-08,Funny Family Moments #8921,Comedy,33032,1774,372,6.35,44.33,2601.6,170,20
VID08922,2026-05-08,AI Tools #8922,Tech,7364,319,92,9.44,65.22,538.8,137,21
VID08923,2026-05-08,Best Settings #8923,Gaming,3128,123,13,8.46,74.31,377.2,71,14
VID08924,2026-05-08,Best Friend Problems #8924,Comedy,922,73,11,7.43,61.64,76.5,5,22
VID08925,2026-05-08,Learning Strategies #8925,Education,6224,516,75,3.42,57.44,279.8,109,22
VID08926,2026-05-08,Daily Routine #8926,Lifestyle,13511,1387,25,3.64,75.08,541.1,88,18
VID08927,2026-05-08,Hidden Places #8927,Travel,7568,479,101,4.7,51.99,193.1,86,21
VID08928,2026-05-08,Career Tips #8928,Education,816,83,3,3.43,62.0,18.9,5,14
VID08929,2026-05-08,Office Comedy #8929,Comedy,34839,1081,30,6.27,76.62,4817.4,811,14
VID08930,2026-05-09,Top Games #8930,Gaming,41878,3723,279,6.46,52.37,3268.2,727,20
VID08931,2026-05-09,Beginner Guide #8931,Gaming,18371,993,145,5.8,34.62,1047.4,64,20
VID08932,2026-05-09,Learning Strategies #8932,Education,7039,531,45,9.79,62.29,438.1,151,18
VID08933,2026-05-09,Beginner Guide #8933,Gaming,15686,542,183,9.45,53.09,965.5,103,14
VID08934,2026-05-09,Gaming Highlights #8934,Gaming,17002,1695,101,10.8,62.95,2445.5,98,18
VID08935,2026-05-09,Laptop Buying Guide #8935,Tech,36195,2757,494,8.62,61.19,2751.1,280,22
VID08936,2026-05-09,Weekend Travel Vlog #8936,Travel,13575,1113,115,9.96,69.5,1206.5,38,21
VID08937,2026-05-09,Hidden Places #8937,Travel,2880,81,32,7.1,58.82,172.3,56,20
VID08938,2026-05-09,Best Friend Problems #8938,Comedy,24553,2277,225,5.2,65.91,2569.3,361,21
VID08939,2026-05-09,Gaming Tips #8939,Gaming,7877,468,37,6.35,73.41,765.7,98,20
VID08940,2026-05-10,Best Places to Visit #8940,Travel,2103,53,15,7.68,76.03,126.8,41,20
VID08941,2026-05-10,Street Food Tour #8941,Food,3949,300,52,8.48,62.13,524.0,50,16
VID08942,2026-05-10,Gaming Tips #8942,Gaming,21726,1673,253,8.03,60.34,479.4,228,23
VID08943,2026-05-10,Office Comedy #8943,Comedy,2347,105,7,6.31,53.37,226.2,43,18
VID08944,2026-05-10,Hidden Places #8944,Travel,7264,707,23,4.95,50.14,252.4,127,23
VID08945,2026-05-10,Interview Preparation #8945,Education,7202,762,44,7.79,67.01,257.1,38,19
VID08946,2026-05-10,Interview Preparation #8946,Education,6569,594,70,7.45,79.91,359.8,107,20
VID08947,2026-05-10,Hidden Places #8947,Travel,12014,533,71,4.34,71.31,1622.3,151,20
VID08948,2026-05-10,Weekend Vlog #8948,Lifestyle,9770,471,16,6.96,47.76,706.8,76,14
VID08949,2026-05-10,Gaming Tips #8949,Gaming,35310,972,84,9.52,81.63,1767.1,851,18
VID08950,2026-05-10,Street Food Tour #8950,Food,8376,678,29,7.46,43.58,436.5,97,20
VID08951,2026-05-11,Cooking Tips #8951,Food,7724,849,19,8.2,59.86,459.2,94,14
VID08952,2026-05-11,Useful Tech Tips #8952,Tech,24380,2342,51,9.34,75.53,1455.2,278,8
VID08953,2026-05-11,Best Places to Visit #8953,Travel,12364,857,115,11.35,75.87,1306.6,273,12
VID08954,2026-05-11,Weekend Vlog #8954,Lifestyle,31080,1651,342,6.15,66.84,3126.9,86,16
VID08955,2026-05-11,Office Comedy #8955,Comedy,378340,22473,4125,6.96,46.06,14377.3,4272,14
VID08956,2026-05-11,Beginner Guide #8956,Gaming,27138,1755,233,10.97,79.12,2566.7,394,10
VID08957,2026-05-11,Personal Finance Tips #8957,Finance,1405,129,3,2.79,47.39,61.8,20,19
VID08958,2026-05-11,Parents Be Like #8958,Comedy,24761,2266,321,3.5,40.95,1630.8,410,16
VID08959,2026-05-11,Money Mistakes #8959,Finance,5397,190,43,8.11,47.26,163.9,37,10
VID08960,2026-05-11,Cooking Tips #8960,Food,9030,304,71,5.52,66.19,797.2,198,22
VID08961,2026-05-12,Day In My Life #8961,Lifestyle,1399,148,14,7.47,80.31,93.9,32,8
VID08962,2026-05-12,Money Mistakes #8962,Finance,25618,1084,349,2.63,78.8,1861.9,371,16
VID08963,2026-05-12,Daily Routine #8963,Lifestyle,12244,832,129,12.51,34.71,402.8,200,16
VID08964,2026-05-12,Budget Travel Tips #8964,Travel,17821,1712,131,6.25,59.83,2192.4,153,20
VID08965,2026-05-12,Easy Recipes #8965,Food,7707,355,101,4.3,77.2,988.8,189,20
VID08966,2026-05-12,Funny Family Moments #8966,Comedy,6666,680,15,8.54,58.13,232.1,82,10
VID08967,2026-05-12,Healthy Habits #8967,Lifestyle,38588,1809,389,9.12,66.33,2387.1,851,18
VID08968,2026-05-12,Expectation vs Reality #8968,Comedy,839,59,8,6.71,69.25,27.7,15,21
VID08969,2026-05-12,Career Tips #8969,Education,55503,5615,418,10.97,65.57,5605.3,253,14
VID08970,2026-05-12,Easy Recipes #8970,Food,22971,1164,131,10.3,82.29,1418.6,282,20
VID08971,2026-05-13,Food Review #8971,Food,30288,1791,410,6.18,57.54,2549.2,462,21
VID08972,2026-05-13,Career Tips #8972,Education,108875,5913,687,8.15,50.26,8729.8,1252,19
VID08973,2026-05-13,Funny Family Moments #8973,Comedy,11071,553,134,7.07,61.18,1489.6,244,14
VID08974,2026-05-13,Interview Preparation #8974,Education,10153,542,133,9.12,59.38,585.2,122,21
VID08975,2026-05-13,Daily Routine #8975,Lifestyle,10352,886,35,4.14,51.86,597.1,77,22
VID08976,2026-05-13,Learning Strategies #8976,Education,19031,1931,253,8.69,57.86,1731.0,427,12
VID08977,2026-05-13,Best Places to Visit #8977,Travel,35679,3703,324,9.39,52.72,1998.9,167,12
VID08978,2026-05-13,Hidden Places #8978,Travel,28247,2305,164,8.6,45.63,2592.7,417,14
VID08979,2026-05-13,Morning Routine #8979,Lifestyle,7964,251,89,6.48,81.03,1155.1,57,20
VID08980,2026-05-13,Study Tips That Work #8980,Education,6385,265,22,9.3,80.23,787.9,138,16
VID08981,2026-05-13,Budget Lifestyle #8981,Lifestyle,7525,444,86,5.56,59.59,660.8,100,12
VID08982,2026-05-14,Laptop Buying Guide #8982,Tech,11654,479,33,6.78,62.0,270.0,77,16
VID08983,2026-05-14,Productivity Tips #8983,Education,28605,2900,164,8.03,54.89,2738.7,74,14
VID08984,2026-05-14,Weekend Vlog #8984,Lifestyle,1930,84,17,8.89,57.28,92.3,42,19
VID08985,2026-05-14,Exam Preparation Guide #8985,Education,1448,126,15,6.73,60.24,97.5,3,20
VID08986,2026-05-14,Career Tips #8986,Education,18914,1352,197,9.1,55.85,833.1,62,19
VID08987,2026-05-14,Interview Preparation #8987,Education,5873,558,62,5.41,49.36,157.6,83,21
VID08988,2026-05-14,Beginner Guide #8988,Gaming,10049,684,115,5.42,74.55,1089.1,80,21
VID08989,2026-05-14,Food Review #8989,Food,23886,996,84,5.64,47.41,1571.6,282,20
VID08990,2026-05-14,Tech Hacks #8990,Tech,2086,69,28,9.01,59.03,48.8,6,20
VID08991,2026-05-14,Investment Basics #8991,Finance,25784,1181,99,9.64,60.34,2319.4,434,21
VID08992,2026-05-15,Travel Mistakes #8992,Travel,1145,98,9,8.54,80.99,146.6,13,19
VID08993,2026-05-15,Budget Meals #8993,Food,13172,1019,30,6.26,59.2,1005.2,101,16
VID08994,2026-05-15,Healthy Habits #8994,Lifestyle,7052,418,67,10.08,57.03,436.6,105,21
VID08995,2026-05-15,Money Mistakes #8995,Finance,12525,591,96,8.14,56.89,1237.4,66,18
VID08996,2026-05-15,Office Comedy #8996,Comedy,6890,716,92,8.29,65.91,698.1,58,16
VID08997,2026-05-15,Funny Family Moments #8997,Comedy,2973,227,33,6.04,58.86,352.6,39,19
VID08998,2026-05-15,Expectation vs Reality #8998,Comedy,30521,3063,357,6.97,50.25,1450.0,87,16
VID08999,2026-05-15,Best Friend Problems #8999,Comedy,7412,283,88,6.94,73.44,764.1,98,6
VID09000,2026-05-15,Best Friend Problems #9000,Comedy,16280,1247,44,5.14,62.46,972.9,260,20
VID09001,2026-05-15,Tech Hacks #9001,Tech,18109,1528,203,5.7,64.92,1929.6,393,21
VID09002,2026-05-15,Parents Be Like #9002,Comedy,14119,468,144,8.67,48.39,834.2,59,20
VID09003,2026-05-16,Weekend Travel Vlog #9003,Travel,6400,258,86,3.58,63.85,554.4,112,19
VID09004,2026-05-16,Study Tips That Work #9004,Education,15697,974,32,8.05,66.64,593.0,74,22
VID09005,2026-05-16,Office Comedy #9005,Comedy,53620,2334,561,6.16,55.13,1333.8,508,22
VID09006,2026-05-16,Parents Be Like #9006,Comedy,13339,340,94,8.2,63.38,1472.6,37,18
VID09007,2026-05-16,Phone Features You Missed #9007,Tech,42614,1832,48,6.33,55.14,2106.7,272,20
VID09008,2026-05-16,Weekend Vlog #9008,Lifestyle,18297,780,47,7.99,57.52,1376.9,360,20
VID09009,2026-05-16,Food Review #9009,Food,1047,53,9,7.85,71.1,100.5,18,14
VID09010,2026-05-16,Day In My Life #9010,Lifestyle,10837,777,96,7.36,52.44,394.7,164,14
VID09011,2026-05-16,Relatable College Life #9011,Comedy,33226,3571,78,6.03,65.46,1690.9,645,20
VID09012,2026-05-16,Parents Be Like #9012,Comedy,13559,563,79,6.58,69.22,990.8,198,12
VID09013,2026-05-17,Phone Features You Missed #9013,Tech,2980,201,39,4.57,65.13,109.2,47,22
VID09014,2026-05-17,Career Tips #9014,Education,19821,1433,33,6.01,73.73,2417.6,292,16
VID09015,2026-05-17,Best Places to Visit #9015,Travel,37744,3650,57,11.29,54.95,3055.1,596,18
VID09016,2026-05-17,Laptop Buying Guide #9016,Tech,9599,569,8,6.32,72.22,551.3,195,21
VID09017,2026-05-17,AI Tools #9017,Tech,4328,151,54,7.09,69.05,451.7,83,19
VID09018,2026-05-17,Expectation vs Reality #9018,Comedy,13161,1294,86,3.34,61.84,534.0,84,14
VID09019,2026-05-17,Laptop Buying Guide #9019,Tech,5865,615,18,7.79,60.23,486.0,28,12
VID09020,2026-05-17,Exam Preparation Guide #9020,Education,2020,179,8,8.62,57.35,69.0,12,21
VID09021,2026-05-17,Top Games #9021,Gaming,9002,310,102,6.12,52.41,593.8,113,22
VID09022,2026-05-17,Money Mistakes #9022,Finance,3542,180,11,9.9,59.18,213.4,63,6
VID09023,2026-05-18,Funny Family Moments #9023,Comedy,1656,162,21,6.38,90.0,66.0,13,18
VID09024,2026-05-18,Phone Features You Missed #9024,Tech,5292,319,56,7.47,60.39,613.4,23,12
VID09025,2026-05-18,Career Tips #9025,Education,27640,1975,133,3.92,74.42,3998.6,490,20
VID09026,2026-05-18,Phone Features You Missed #9026,Tech,4841,524,13,5.81,49.6,280.9,80,18
VID09027,2026-05-18,Weekend Vlog #9027,Lifestyle,19101,1252,20,6.19,62.95,1206.2,393,20
VID09028,2026-05-18,Day In My Life #9028,Lifestyle,6875,259,62,4.27,59.75,757.1,111,20
VID09029,2026-05-18,Exam Preparation Guide #9029,Education,36248,1830,163,10.73,84.95,3434.3,825,12
VID09030,2026-05-18,Credit Score Tips #9030,Finance,42001,3666,165,8.62,61.8,4252.6,498,12
VID09031,2026-05-18,Productivity Tips #9031,Education,19620,1415,124,7.2,69.69,1947.8,424,20
VID09032,2026-05-18,AI Tools #9032,Tech,49438,1961,420,8.61,54.43,5058.6,174,19
VID09033,2026-05-18,Career Tips #9033,Education,15665,1674,218,4.35,53.85,1542.7,243,14
VID09034,2026-05-19,Best Friend Problems #9034,Comedy,17465,1236,86,10.47,41.03,365.9,114,22
VID09035,2026-05-19,Saving Money #9035,Finance,19375,1252,224,5.58,64.5,976.5,240,21
VID09036,2026-05-19,Best Friend Problems #9036,Comedy,15851,629,46,5.72,43.31,1416.7,62,21
VID09037,2026-05-19,Parents Be Like #9037,Comedy,14629,851,70,8.91,77.51,2333.2,82,8
VID09038,2026-05-19,Weekend Travel Vlog #9038,Travel,17558,926,218,14.65,57.77,1287.6,310,12
VID09039,2026-05-19,Exam Preparation Guide #9039,Education,15192,1096,64,7.18,55.41,717.4,138,14
VID09040,2026-05-19,Best Places to Visit #9040,Travel,3542,333,46,6.87,65.19,243.4,74,22
VID09041,2026-05-19,Expectation vs Reality #9041,Comedy,30457,1358,260,9.13,69.16,2181.3,439,23
VID09042,2026-05-19,Tech Hacks #9042,Tech,45645,3045,308,6.6,59.64,4595.5,664,6
VID09043,2026-05-19,Budget Travel Tips #9043,Travel,40905,3419,437,6.34,51.83,4568.3,798,20
VID09044,2026-05-20,Best Apps #9044,Tech,18963,965,27,7.35,71.73,2017.7,160,16
VID09045,2026-05-20,Day In My Life #9045,Lifestyle,37184,1129,161,7.03,51.12,2729.7,736,14
VID09046,2026-05-20,Expectation vs Reality #9046,Comedy,14296,792,45,7.35,63.78,886.3,172,8
VID09047,2026-05-20,Best Friend Problems #9047,Comedy,56727,2754,732,8.71,55.12,3510.5,1143,19
VID09048,2026-05-20,Budget Planning #9048,Finance,14148,1036,108,8.3,78.55,1786.7,258,21
VID09049,2026-05-20,Relatable College Life #9049,Comedy,27811,1231,253,5.28,62.64,2901.3,223,16
VID09050,2026-05-20,Travel Guide #9050,Travel,26639,1239,337,8.53,63.71,2456.6,311,8
VID09051,2026-05-20,Hidden Places #9051,Travel,20804,1483,239,6.86,57.49,1479.2,87,12
VID09052,2026-05-20,Budget Travel Tips #9052,Travel,27774,2334,116,6.05,67.99,964.9,559,21
VID09053,2026-05-20,Credit Score Tips #9053,Finance,3790,314,43,8.02,54.56,219.4,65,22
VID09054,2026-05-20,Money Mistakes #9054,Finance,68080,3433,655,8.26,66.45,7462.5,539,18
VID09055,2026-05-21,Weekend Vlog #9055,Lifestyle,3948,381,50,9.91,64.52,217.5,40,18
VID09056,2026-05-21,Travel Guide #9056,Travel,7734,815,46,7.86,74.16,547.1,64,6
VID09057,2026-05-21,Travel Mistakes #9057,Travel,25472,978,350,6.6,57.25,777.3,512,20
VID09058,2026-05-21,Daily Routine #9058,Lifestyle,5059,413,41,8.2,70.83,593.1,48,21
VID09059,2026-05-21,Learning Strategies #9059,Education,9446,567,70,9.23,60.63,897.8,137,20
VID09060,2026-05-21,Hidden Places #9060,Travel,6546,255,27,7.09,78.54,814.3,122,14
VID09061,2026-05-21,Best Places to Visit #9061,Travel,13728,469,140,5.7,64.99,780.4,299,20
VID09062,2026-05-21,Hidden Places #9062,Travel,9138,261,71,5.09,49.46,627.9,71,20
VID09063,2026-05-21,Parents Be Like #9063,Comedy,6712,673,31,9.37,65.39,474.0,81,23
VID09064,2026-05-21,Hidden Places #9064,Travel,4592,181,10,5.43,73.95,223.3,44,21
VID09065,2026-05-22,Useful Tech Tips #9065,Tech,65172,1752,888,5.68,61.09,3948.0,768,18
VID09066,2026-05-22,Useful Tech Tips #9066,Tech,6448,589,22,7.66,51.0,221.1,16,18
VID09067,2026-05-22,Tech Hacks #9067,Tech,25620,801,62,4.71,48.39,1882.7,205,19
VID09068,2026-05-22,Budget Planning #9068,Finance,24954,1834,307,6.55,54.32,2249.9,233,6
VID09069,2026-05-22,Top Games #9069,Gaming,13826,1082,15,4.94,59.25,408.7,221,8
VID09070,2026-05-22,Exam Preparation Guide #9070,Education,16414,1712,117,7.85,55.93,1292.0,140,8
VID09071,2026-05-22,Hidden Places #9071,Travel,6715,695,36,7.56,54.25,531.6,17,19
VID09072,2026-05-22,Healthy Habits #9072,Lifestyle,30425,2464,53,9.61,45.26,918.2,322,20
VID09073,2026-05-22,Budget Meals #9073,Food,39771,1322,116,10.53,61.47,3515.8,187,23
VID09074,2026-05-22,Expectation vs Reality #9074,Comedy,8087,481,88,7.34,73.34,1204.5,168,16
VID09075,2026-05-23,Study Tips That Work #9075,Education,4245,178,30,6.99,51.89,422.8,79,16
VID09076,2026-05-23,Travel Guide #9076,Travel,25130,1886,101,4.59,64.61,1496.7,100,14
VID09077,2026-05-23,Best Settings #9077,Gaming,21494,1825,105,5.61,73.04,1279.6,270,20
VID09078,2026-05-23,Beginner Guide #9078,Gaming,13651,1380,126,7.68,52.34,1160.3,213,21
VID09079,2026-05-23,Gaming Highlights #9079,Gaming,1617,147,18,3.52,60.02,71.0,24,14
VID09080,2026-05-23,Best Places to Visit #9080,Travel,12245,939,156,8.34,45.5,329.4,68,14
VID09081,2026-05-23,Budget Meals #9081,Food,2971,101,41,9.24,60.83,164.8,38,12
VID09082,2026-05-23,Travel Guide #9082,Travel,17827,1169,71,5.84,64.35,1380.6,362,14
VID09083,2026-05-23,Office Comedy #9083,Comedy,25896,1674,195,4.8,45.91,1334.9,197,21
VID09084,2026-05-23,Daily Routine #9084,Lifestyle,5596,298,10,7.25,49.51,409.2,88,19
VID09085,2026-05-23,Easy Recipes #9085,Food,28558,1506,297,5.1,65.52,2976.5,273,18
VID09086,2026-05-24,Relatable College Life #9086,Comedy,16025,998,169,6.17,57.13,492.8,248,20
VID09087,2026-05-24,Interview Preparation #9087,Education,6381,318,43,8.79,60.85,396.2,105,10
VID09088,2026-05-24,Best Friend Problems #9088,Comedy,16417,845,184,6.25,57.32,1231.3,162,20
VID09089,2026-05-24,Budget Lifestyle #9089,Lifestyle,21759,841,82,6.14,47.86,1628.3,452,14
VID09090,2026-05-24,Expectation vs Reality #9090,Comedy,5703,254,59,8.61,68.04,478.6,71,20
VID09091,2026-05-24,Morning Routine #9091,Lifestyle,12159,1146,29,8.69,45.93,414.5,206,8
VID09092,2026-05-24,Money Mistakes #9092,Finance,2166,231,2,4.73,75.1,76.6,19,23
VID09093,2026-05-24,Parents Be Like #9093,Comedy,3195,139,43,9.27,60.81,374.9,40,22
VID09094,2026-05-24,Productivity Tips #9094,Education,2941,276,36,8.39,51.69,254.5,54,19
VID09095,2026-05-24,Gaming Highlights #9095,Gaming,10619,918,110,10.0,43.04,718.9,60,6
VID09096,2026-05-25,Morning Routine #9096,Lifestyle,10404,466,72,7.35,58.32,611.8,215,16
VID09097,2026-05-25,Laptop Buying Guide #9097,Tech,10945,1150,9,5.43,51.96,570.6,191,21
VID09098,2026-05-25,Budget Planning #9098,Finance,2343,114,12,6.99,69.94,257.3,8,22
VID09099,2026-05-25,Best Places to Visit #9099,Travel,15359,885,58,7.3,67.17,768.2,169,21
VID09100,2026-05-25,Expectation vs Reality #9100,Comedy,13995,1034,113,9.52,57.64,1452.7,236,19
VID09101,2026-05-25,Funny Family Moments #9101,Comedy,12593,911,174,5.56,59.06,1062.1,194,14
VID09102,2026-05-25,Learning Strategies #9102,Education,15195,768,191,8.43,56.1,1663.5,288,20
VID09103,2026-05-25,Best Settings #9103,Gaming,3024,91,20,8.63,51.53,191.0,53,19
VID09104,2026-05-25,Travel Mistakes #9104,Travel,3694,255,8,8.47,66.98,324.1,45,16
VID09105,2026-05-25,Travel Guide #9105,Travel,12354,787,21,4.35,64.04,1014.5,70,18
VID09106,2026-05-25,Study Tips That Work #9106,Education,59825,1912,83,5.15,56.68,2035.2,812,16
VID09107,2026-05-26,Parents Be Like #9107,Comedy,5962,576,7,7.62,54.35,530.7,130,14
VID09108,2026-05-26,Cooking Tips #9108,Food,18705,957,192,6.01,77.63,1938.1,441,21
VID09109,2026-05-26,Exam Preparation Guide #9109,Education,4518,301,45,12.8,51.19,200.7,50,22
VID09110,2026-05-26,Relatable College Life #9110,Comedy,14080,1153,176,11.89,65.33,1302.8,223,20
VID09111,2026-05-26,Parents Be Like #9111,Comedy,23310,1299,105,9.91,63.56,2217.2,208,8
VID09112,2026-05-26,Relatable College Life #9112,Comedy,73015,2241,644,9.59,67.64,6032.9,280,22
VID09113,2026-05-26,Learning Strategies #9113,Education,41018,1770,564,8.82,54.09,2085.9,386,12
VID09114,2026-05-26,Morning Routine #9114,Lifestyle,6668,681,91,7.94,53.54,379.4,92,23
VID09115,2026-05-26,Interview Preparation #9115,Education,11649,806,61,10.45,50.8,617.8,182,20
VID09116,2026-05-26,Investment Basics #9116,Finance,3600,133,47,5.4,45.83,183.2,62,12
VID09117,2026-05-27,Food Review #9117,Food,5348,336,72,8.92,75.58,529.9,93,23
VID09118,2026-05-27,Relatable College Life #9118,Comedy,10693,517,118,8.21,66.52,960.4,144,16
VID09119,2026-05-27,Weekend Vlog #9119,Lifestyle,7029,236,70,8.05,49.19,577.9,37,12
VID09120,2026-05-27,Useful Tech Tips #9120,Tech,7374,618,77,5.13,58.85,913.7,153,21
VID09121,2026-05-27,Morning Routine #9121,Lifestyle,10055,822,20,9.53,74.42,1144.6,74,20
VID09122,2026-05-27,Travel Mistakes #9122,Travel,10871,1151,125,10.44,66.8,409.6,85,20
VID09123,2026-05-27,Budget Planning #9123,Finance,10311,1120,112,10.87,59.0,1296.0,85,22
VID09124,2026-05-27,Laptop Buying Guide #9124,Tech,20849,552,157,8.88,59.03,2371.5,448,12
VID09125,2026-05-27,Expectation vs Reality #9125,Comedy,10284,1121,76,3.55,73.52,944.5,51,16
VID09126,2026-05-27,Best Apps #9126,Tech,1819,64,3,8.56,58.18,118.7,34,12
VID09127,2026-05-28,Funny Family Moments #9127,Comedy,22238,2083,143,5.75,83.88,3014.0,367,22
VID09128,2026-05-28,Best Apps #9128,Tech,2207,107,12,7.13,74.46,272.3,6,6
VID09129,2026-05-28,Tech Hacks #9129,Tech,2034,55,11,6.69,47.62,166.4,32,21
VID09130,2026-05-28,Top Games #9130,Gaming,11524,1251,101,5.75,46.24,583.6,53,22
VID09131,2026-05-28,Gaming Highlights #9131,Gaming,20706,1012,111,10.21,59.21,2090.2,309,19
VID09132,2026-05-28,Day In My Life #9132,Lifestyle,12180,550,97,12.52,54.67,1161.2,198,18
VID09133,2026-05-28,Study Tips That Work #9133,Education,11852,877,162,5.12,28.45,256.6,174,21
VID09134,2026-05-28,Healthy Habits #9134,Lifestyle,14337,903,150,4.57,75.78,2188.3,125,12
VID09135,2026-05-28,Travel Mistakes #9135,Travel,23475,1720,308,6.93,73.11,2978.9,123,23
VID09136,2026-05-28,Budget Lifestyle #9136,Lifestyle,6090,306,7,4.59,63.34,158.6,39,18
VID09137,2026-05-28,Gaming Tips #9137,Gaming,10029,779,111,8.03,73.77,1471.0,61,6
VID09138,2026-05-29,Interview Preparation #9138,Education,8206,421,56,7.52,58.35,324.1,28,8
VID09139,2026-05-29,Investment Basics #9139,Finance,10467,678,95,4.73,54.05,824.1,227,22
VID09140,2026-05-29,Easy Recipes #9140,Food,7703,359,97,7.74,58.61,611.4,156,22
VID09141,2026-05-29,Weekend Travel Vlog #9141,Travel,15404,843,178,8.93,56.13,802.4,49,18
VID09142,2026-05-29,Phone Features You Missed #9142,Tech,35084,1370,414,2.75,67.31,1667.7,819,19
VID09143,2026-05-29,Parents Be Like #9143,Comedy,5738,216,21,6.59,72.16,617.0,131,14
VID09144,2026-05-29,Parents Be Like #9144,Comedy,41022,3155,48,8.93,67.93,1983.3,264,8
VID09145,2026-05-29,Gaming Tips #9145,Gaming,18858,782,139,9.37,31.79,1268.4,321,14
VID09146,2026-05-29,Laptop Buying Guide #9146,Tech,6853,295,35,6.0,58.66,508.3,24,6
VID09147,2026-05-29,Money Mistakes #9147,Finance,2554,208,11,3.86,62.35,321.4,47,20
VID09148,2026-05-30,Expectation vs Reality #9148,Comedy,21434,1137,70,8.33,61.34,1437.9,431,18
VID09149,2026-05-30,Exam Preparation Guide #9149,Education,6500,362,36,9.85,49.94,550.2,82,20
VID09150,2026-05-30,Learning Strategies #9150,Education,2503,89,9,8.35,63.05,58.0,27,19
VID09151,2026-05-30,Gaming Highlights #9151,Gaming,17496,1170,240,4.25,75.32,2226.2,422,21
VID09152,2026-05-30,Career Tips #9152,Education,7325,683,76,6.07,51.99,402.4,124,14
VID09153,2026-05-30,Saving Money #9153,Finance,1904,101,2,8.23,58.77,228.3,28,20
VID09154,2026-05-30,Budget Lifestyle #9154,Lifestyle,4281,196,35,6.78,45.75,89.4,66,18
VID09155,2026-05-30,Gaming Highlights #9155,Gaming,15299,1414,131,4.23,53.01,719.6,289,18
VID09156,2026-05-30,Exam Preparation Guide #9156,Education,9552,639,88,6.98,39.68,196.9,150,12
VID09157,2026-05-30,Parents Be Like #9157,Comedy,4145,147,31,6.9,53.97,380.4,36,12
VID09158,2026-05-30,Game Challenge #9158,Gaming,1513,128,8,11.56,45.86,101.1,30,20
VID09159,2026-05-31,Exam Preparation Guide #9159,Education,47333,3167,556,6.19,82.51,4806.9,292,20
VID09160,2026-05-31,Weekend Travel Vlog #9160,Travel,3123,193,26,10.25,40.78,95.9,63,19
VID09161,2026-05-31,Healthy Habits #9161,Lifestyle,1378,53,17,5.5,63.2,92.9,3,23
VID09162,2026-05-31,Office Comedy #9162,Comedy,11291,532,72,9.15,61.01,1022.4,251,16
VID09163,2026-05-31,Relatable College Life #9163,Comedy,7518,470,92,5.12,81.69,565.6,61,21
VID09164,2026-05-31,Relatable College Life #9164,Comedy,17052,555,195,10.65,64.5,802.3,200,22
VID09165,2026-05-31,Parents Be Like #9165,Comedy,13834,1202,77,8.27,54.52,861.0,59,16
VID09166,2026-05-31,Relatable College Life #9166,Comedy,7690,697,40,8.3,78.16,837.0,69,16
VID09167,2026-05-31,Relatable College Life #9167,Comedy,2905,226,30,8.38,64.97,238.8,43,20
VID09168,2026-05-31,Office Comedy #9168,Comedy,10228,689,140,9.15,62.72,1113.3,134,14
VID09169,2026-06-01,Laptop Buying Guide #9169,Tech,18950,1180,197,9.95,55.32,517.9,409,12
VID09170,2026-06-01,Money Mistakes #9170,Finance,5833,450,6,7.19,75.16,520.9,61,19
VID09171,2026-06-01,Investment Basics #9171,Finance,46665,2089,128,6.54,62.43,3526.4,429,12
VID09172,2026-06-01,Best Restaurants #9172,Food,11533,316,89,10.64,49.19,544.9,221,6
VID09173,2026-06-01,Best Settings #9173,Gaming,8219,328,90,6.05,56.28,313.9,167,16
VID09174,2026-06-01,Career Tips #9174,Education,11197,295,99,4.97,61.24,585.3,97,23
VID09175,2026-06-01,Budget Travel Tips #9175,Travel,8736,537,7,1.5,67.88,951.9,176,18
VID09176,2026-06-01,Budget Meals #9176,Food,24678,2673,128,8.43,76.75,4603.6,543,10
VID09177,2026-06-01,Best Restaurants #9177,Food,7151,404,47,10.96,67.41,1044.7,49,14
VID09178,2026-06-01,Productivity Tips #9178,Education,8120,411,95,6.97,86.69,692.9,176,12
VID09179,2026-06-02,Parents Be Like #9179,Comedy,2575,218,5,6.8,50.53,127.4,54,14
VID09180,2026-06-02,Expectation vs Reality #9180,Comedy,3819,194,3,7.65,78.84,139.4,87,16
VID09181,2026-06-02,Interview Preparation #9181,Education,4449,180,13,8.74,63.52,576.2,103,19
VID09182,2026-06-02,Learning Strategies #9182,Education,10811,675,119,12.73,54.89,648.6,149,21
VID09183,2026-06-02,Learning Strategies #9183,Education,24947,1422,242,9.48,65.36,1593.5,442,19
VID09184,2026-06-02,Exam Preparation Guide #9184,Education,20707,1193,127,10.09,77.4,1584.0,435,10
VID09185,2026-06-02,Tech Hacks #9185,Tech,2760,164,6,8.54,53.9,118.3,50,14
VID09186,2026-06-02,Best Friend Problems #9186,Comedy,15377,890,98,5.39,60.47,908.2,352,21
VID09187,2026-06-02,Best Settings #9187,Gaming,8171,732,72,9.33,56.64,522.4,40,14
VID09188,2026-06-02,Day In My Life #9188,Lifestyle,32559,2212,428,9.36,52.69,1695.3,331,22
VID09189,2026-06-02,Investment Basics #9189,Finance,32244,2051,44,6.19,53.73,1211.0,601,20
VID09190,2026-06-03,Phone Features You Missed #9190,Tech,2375,183,31,5.09,48.56,54.1,37,21
VID09191,2026-06-03,Budget Planning #9191,Finance,5344,184,65,12.37,53.86,279.0,61,19
VID09192,2026-06-03,Parents Be Like #9192,Comedy,2947,160,8,9.78,60.2,369.0,22,14
VID09193,2026-06-03,Best Restaurants #9193,Food,7102,639,54,4.84,68.91,532.3,67,18
VID09194,2026-06-03,Parents Be Like #9194,Comedy,7150,203,32,8.65,44.06,298.9,112,20
VID09195,2026-06-03,Parents Be Like #9195,Comedy,8779,381,85,5.89,62.64,413.7,100,22
VID09196,2026-06-03,Budget Lifestyle #9196,Lifestyle,95787,6806,654,6.9,59.83,7395.6,1340,12
VID09197,2026-06-03,Productivity Tips #9197,Education,3087,116,38,4.0,66.72,128.5,11,19
VID09198,2026-06-03,Exam Preparation Guide #9198,Education,5927,551,55,8.38,50.8,220.9,64,12
VID09199,2026-06-03,Useful Tech Tips #9199,Tech,25647,2590,342,7.28,70.38,3252.0,340,21
VID09200,2026-06-04,Budget Lifestyle #9200,Lifestyle,52765,3265,250,8.52,52.26,3870.7,785,18
VID09201,2026-06-04,Beginner Guide #9201,Gaming,10295,851,107,6.67,69.13,706.2,239,19
VID09202,2026-06-04,Day In My Life #9202,Lifestyle,26776,2015,136,8.18,66.23,3258.0,277,14
VID09203,2026-06-04,Budget Lifestyle #9203,Lifestyle,7309,608,13,13.21,45.34,464.6,108,19
VID09204,2026-06-04,AI Tools #9204,Tech,4824,395,18,8.63,65.61,412.5,47,16
VID09205,2026-06-04,Investment Basics #9205,Finance,7184,390,98,6.29,66.71,365.6,147,6
VID09206,2026-06-04,Cooking Tips #9206,Food,20454,586,50,9.91,49.03,542.8,376,20
VID09207,2026-06-04,Weekend Travel Vlog #9207,Travel,1867,173,5,12.67,62.51,224.0,32,19
VID09208,2026-06-04,Expectation vs Reality #9208,Comedy,4408,405,51,4.33,46.96,469.9,81,10
VID09209,2026-06-04,Funny Family Moments #9209,Comedy,16202,1498,123,5.23,60.65,1608.6,249,22
VID09210,2026-06-04,Exam Preparation Guide #9210,Education,2575,156,2,5.98,57.58,265.2,53,6
VID09211,2026-06-05,Budget Lifestyle #9211,Lifestyle,4020,211,45,10.04,81.53,379.9,83,14
VID09212,2026-06-05,Top Games #9212,Gaming,18911,1277,56,4.24,67.3,2164.6,412,10
VID09213,2026-06-05,Laptop Buying Guide #9213,Tech,119694,9695,1177,10.67,63.19,5521.7,319,10
VID09214,2026-06-05,Gaming Tips #9214,Gaming,12942,526,167,4.79,67.56,370.0,167,18
VID09215,2026-06-05,Expectation vs Reality #9215,Comedy,7103,476,46,10.48,57.61,645.0,135,12
VID09216,2026-06-05,Learning Strategies #9216,Education,2848,124,37,9.4,78.52,318.3,45,20
VID09217,2026-06-05,Daily Routine #9217,Lifestyle,4271,457,44,10.96,38.79,170.1,71,14
VID09218,2026-06-05,Travel Mistakes #9218,Travel,1281,73,1,7.35,49.84,67.7,22,19
VID09219,2026-06-05,AI Tools #9219,Tech,7118,380,47,12.81,65.91,254.8,49,23
VID09220,2026-06-05,Tech Hacks #9220,Tech,59683,2244,810,9.61,50.73,1980.8,778,20
VID09221,2026-06-06,Investment Basics #9221,Finance,17272,482,140,4.23,64.36,616.8,152,20
VID09222,2026-06-06,Day In My Life #9222,Lifestyle,5951,642,75,6.18,40.04,151.3,32,8
VID09223,2026-06-06,Relatable College Life #9223,Comedy,6127,485,76,10.56,68.76,693.4,51,22
VID09224,2026-06-06,Study Tips That Work #9224,Education,7901,333,73,7.06,51.61,807.6,54,18
VID09225,2026-06-06,Relatable College Life #9225,Comedy,11691,1060,100,7.65,64.67,1370.9,192,22
VID09226,2026-06-06,Useful Tech Tips #9226,Tech,6619,691,15,9.48,81.23,1030.6,60,19
VID09227,2026-06-06,Travel Mistakes #9227,Travel,4566,239,31,10.6,69.53,205.8,50,12
VID09228,2026-06-06,Daily Routine #9228,Lifestyle,734,54,2,6.65,59.0,66.6,13,19
VID09229,2026-06-06,Funny Family Moments #9229,Comedy,1678,164,16,7.36,73.06,138.7,10,18
VID09230,2026-06-06,Budget Meals #9230,Food,43624,4283,331,8.36,68.83,4529.6,505,19
VID09231,2026-06-07,Exam Preparation Guide #9231,Education,1626,68,1,10.83,56.72,158.9,36,19
VID09232,2026-06-07,Hidden Places #9232,Travel,3210,255,15,5.93,66.89,479.8,11,22
VID09233,2026-06-07,Relatable College Life #9233,Comedy,5129,344,4,6.51,42.94,367.1,44,20
VID09234,2026-06-07,Best Places to Visit #9234,Travel,1302,125,7,5.16,61.05,72.0,7,19
VID09235,2026-06-07,Budget Lifestyle #9235,Lifestyle,32828,902,192,5.64,73.86,1219.7,110,14
VID09236,2026-06-07,Food Review #9236,Food,15513,1466,60,7.1,67.96,2181.3,315,18
VID09237,2026-06-07,Saving Money #9237,Finance,12006,311,119,5.61,61.1,592.4,244,20
VID09238,2026-06-07,Budget Travel Tips #9238,Travel,32070,1393,263,8.3,62.37,2099.7,159,6
VID09239,2026-06-07,Office Comedy #9239,Comedy,13045,829,169,9.58,84.15,1642.1,78,23
VID09240,2026-06-07,Gaming Highlights #9240,Gaming,4235,274,15,10.61,57.44,415.7,75,14
VID09241,2026-06-07,Travel Mistakes #9241,Travel,9222,726,106,13.18,63.05,1240.6,166,20
VID09242,2026-06-08,Funny Family Moments #9242,Comedy,8281,338,8,5.69,63.87,226.5,59,20
VID09243,2026-06-08,Expectation vs Reality #9243,Comedy,8202,372,28,6.18,53.27,233.8,149,23
VID09244,2026-06-08,Career Tips #9244,Education,16397,1682,103,8.26,73.51,2280.2,141,16
VID09245,2026-06-08,Gaming Highlights #9245,Gaming,3072,101,5,7.72,29.63,76.6,33,12
VID09246,2026-06-08,Career Tips #9246,Education,4936,347,30,8.83,65.77,431.4,103,12
VID09247,2026-06-08,AI Tools #9247,Tech,27645,2144,252,9.5,63.55,3988.4,487,22
VID09248,2026-06-08,Travel Guide #9248,Travel,1124,82,11,5.61,43.81,35.7,22,22
VID09249,2026-06-08,Relatable College Life #9249,Comedy,3296,84,14,2.76,66.11,142.4,12,20
VID09250,2026-06-08,Credit Score Tips #9250,Finance,23888,2213,251,5.87,44.33,853.0,452,18
VID09251,2026-06-08,Office Comedy #9251,Comedy,6917,567,65,7.63,65.33,186.6,55,20
VID09252,2026-06-09,Office Comedy #9252,Comedy,20328,1207,70,9.71,44.87,972.1,126,8
VID09253,2026-06-09,Game Challenge #9253,Gaming,58251,2255,617,6.38,63.82,6129.7,275,22
VID09254,2026-06-09,Tech Hacks #9254,Tech,6769,544,51,7.57,47.83,380.0,129,10
VID09255,2026-06-09,Investment Basics #9255,Finance,6210,348,41,9.58,75.39,975.7,114,21
VID09256,2026-06-09,Budget Lifestyle #9256,Lifestyle,16739,1275,184,5.34,65.85,1852.7,137,21
VID09257,2026-06-09,Investment Basics #9257,Finance,3060,305,35,9.7,61.95,365.8,61,20
VID09258,2026-06-09,Personal Finance Tips #9258,Finance,7233,722,57,6.28,59.61,779.9,153,19
VID09259,2026-06-09,Study Tips That Work #9259,Education,34710,1130,110,9.08,54.62,2696.5,322,19
VID09260,2026-06-09,Investment Basics #9260,Finance,56272,5422,161,6.62,63.3,2968.5,852,21
VID09261,2026-06-09,Healthy Habits #9261,Lifestyle,5459,561,38,9.71,74.86,207.6,64,20
VID09262,2026-06-09,Easy Recipes #9262,Food,15608,1333,136,7.23,76.61,1314.4,382,8
VID09263,2026-06-10,Morning Routine #9263,Lifestyle,15359,470,132,4.53,44.14,872.7,110,12
VID09264,2026-06-10,Best Friend Problems #9264,Comedy,26461,1131,169,7.2,56.46,2361.1,85,20
VID09265,2026-06-10,Travel Mistakes #9265,Travel,6607,460,68,10.33,49.26,429.4,21,20
VID09266,2026-06-10,Useful Tech Tips #9266,Tech,17339,851,116,9.01,49.99,1212.0,191,14
VID09267,2026-06-10,Relatable College Life #9267,Comedy,7840,471,108,8.23,63.92,445.4,93,14
VID09268,2026-06-10,Saving Money #9268,Finance,19725,612,57,10.63,72.48,2871.8,279,19
VID09269,2026-06-10,Money Mistakes #9269,Finance,19666,1957,196,3.04,65.69,2320.6,141,19
VID09270,2026-06-10,AI Tools #9270,Tech,14366,1108,75,12.28,67.56,2000.4,321,22
VID09271,2026-06-10,Healthy Habits #9271,Lifestyle,8158,823,105,7.17,58.43,607.0,30,16
VID09272,2026-06-10,Day In My Life #9272,Lifestyle,903,94,2,3.13,58.74,39.0,10,18
VID09273,2026-06-11,Investment Basics #9273,Finance,2650,235,34,7.72,45.26,151.8,8,22
VID09274,2026-06-11,Best Settings #9274,Gaming,3869,127,5,10.44,55.55,323.2,59,23
VID09275,2026-06-11,Cooking Tips #9275,Food,49115,4289,469,8.8,67.99,4664.4,1027,20
VID09276,2026-06-11,Relatable College Life #9276,Comedy,7341,607,54,8.87,54.16,526.5,66,19
VID09277,2026-06-11,Productivity Tips #9277,Education,5180,497,28,8.67,60.55,408.6,21,19
VID09278,2026-06-11,Exam Preparation Guide #9278,Education,10282,1130,100,10.0,69.77,1260.7,101,12
VID09279,2026-06-11,Weekend Travel Vlog #9279,Travel,5841,337,81,8.68,77.22,663.0,77,8
VID09280,2026-06-11,Day In My Life #9280,Lifestyle,2060,54,2,6.48,64.33,287.3,18,23
VID09281,2026-06-11,Laptop Buying Guide #9281,Tech,3494,225,12,11.75,57.45,242.3,73,21
VID09282,2026-06-11,Investment Basics #9282,Finance,4642,182,54,7.56,62.12,334.9,87,6
VID09283,2026-06-12,Productivity Tips #9283,Education,8556,770,21,5.65,50.56,501.4,87,18
VID09284,2026-06-12,Cooking Tips #9284,Food,4567,132,6,7.77,51.21,165.3,81,16
VID09285,2026-06-12,Travel Guide #9285,Travel,5659,429,57,8.07,67.11,672.5,101,16
VID09286,2026-06-12,Tech Hacks #9286,Tech,32288,3424,359,9.62,54.9,781.8,348,22
VID09287,2026-06-12,AI Tools #9287,Tech,17669,1005,72,11.37,62.9,2699.5,345,20
VID09288,2026-06-12,Gaming Tips #9288,Gaming,62896,5590,147,8.14,69.83,3733.5,1072,22
VID09289,2026-06-12,Laptop Buying Guide #9289,Tech,2888,86,18,6.12,57.74,89.5,26,22
VID09290,2026-06-12,Learning Strategies #9290,Education,12441,673,93,10.22,44.24,684.4,161,23
VID09291,2026-06-12,Interview Preparation #9291,Education,5763,305,37,7.74,30.21,182.9,20,8
VID09292,2026-06-12,AI Tools #9292,Tech,9420,553,114,6.77,69.59,1216.9,61,20
VID09293,2026-06-12,Budget Travel Tips #9293,Travel,67341,4859,72,10.08,33.52,3495.5,663,6
VID09294,2026-06-13,Relatable College Life #9294,Comedy,4276,397,20,4.05,60.93,299.0,23,14
VID09295,2026-06-13,Daily Routine #9295,Lifestyle,5248,132,35,10.67,72.16,329.0,18,20
VID09296,2026-06-13,Personal Finance Tips #9296,Finance,52282,2768,145,8.78,60.04,2373.4,1095,18
VID09297,2026-06-13,Best Places to Visit #9297,Travel,4219,194,53,8.56,67.88,297.7,75,16
VID09298,2026-06-13,Office Comedy #9298,Comedy,17854,1941,219,11.48,64.36,2004.7,72,10
VID09299,2026-06-13,Personal Finance Tips #9299,Finance,12105,1158,99,8.21,89.87,566.4,100,22
VID09300,2026-06-13,Game Challenge #9300,Gaming,4412,133,13,7.41,64.78,236.7,88,21
VID09301,2026-06-13,Phone Features You Missed #9301,Tech,19160,1445,104,6.09,66.81,1903.4,243,6
VID09302,2026-06-13,Money Mistakes #9302,Finance,23478,2281,282,10.35,39.27,764.4,88,14
VID09303,2026-06-13,Daily Routine #9303,Lifestyle,8559,330,48,8.36,66.35,342.0,163,18
VID09304,2026-06-14,Best Friend Problems #9304,Comedy,12463,747,134,10.18,71.91,835.6,223,18
VID09305,2026-06-14,Relatable College Life #9305,Comedy,22009,958,188,6.21,65.44,3041.0,196,22
VID09306,2026-06-14,Funny Family Moments #9306,Comedy,13208,966,100,10.45,56.2,1387.7,144,18
VID09307,2026-06-14,Parents Be Like #9307,Comedy,17435,749,178,6.15,86.73,2346.3,320,20
VID09308,2026-06-14,Office Comedy #9308,Comedy,804,50,6,8.61,71.68,55.3,10,16
VID09309,2026-06-14,Expectation vs Reality #9309,Comedy,2464,201,12,9.95,61.87,264.5,22,22
VID09310,2026-06-14,Learning Strategies #9310,Education,22818,1501,175,9.3,59.11,1741.5,340,18
VID09311,2026-06-14,Budget Meals #9311,Food,3149,304,23,7.94,43.09,108.5,13,20
VID09312,2026-06-14,Relatable College Life #9312,Comedy,7954,791,82,9.04,59.92,429.7,70,23
VID09313,2026-06-14,Expectation vs Reality #9313,Comedy,12267,495,91,7.7,54.41,1323.8,140,12
VID09314,2026-06-15,Top Games #9314,Gaming,35256,1543,173,9.09,42.53,2520.9,101,21
VID09315,2026-06-15,AI Tools #9315,Tech,14381,1283,87,10.5,79.13,744.0,41,10
VID09316,2026-06-15,Funny Family Moments #9316,Comedy,3582,330,25,9.19,63.0,177.7,59,19
VID09317,2026-06-15,Hidden Places #9317,Travel,16549,962,27,8.3,64.93,1867.5,155,16
VID09318,2026-06-15,Laptop Buying Guide #9318,Tech,5798,171,80,7.68,56.97,707.7,67,10
VID09319,2026-06-15,Best Friend Problems #9319,Comedy,2474,164,13,10.48,71.5,218.8,36,6
VID09320,2026-06-15,Easy Recipes #9320,Food,5360,160,46,7.55,64.85,618.8,37,20
VID09321,2026-06-15,Parents Be Like #9321,Comedy,43532,2281,106,7.79,76.03,4471.2,141,10
VID09322,2026-06-15,Best Settings #9322,Gaming,15504,401,198,4.68,73.57,798.1,334,14
VID09323,2026-06-15,Street Food Tour #9323,Food,42872,4499,574,9.76,60.16,3405.6,476,22
VID09324,2026-06-15,Relatable College Life #9324,Comedy,11594,1025,22,4.81,67.34,1249.9,263,8
VID09325,2026-06-16,Gaming Tips #9325,Gaming,6428,614,59,10.45,55.13,373.2,99,20
VID09326,2026-06-16,Best Restaurants #9326,Food,86458,9396,1199,10.5,81.15,9064.7,1627,21
VID09327,2026-06-16,Game Challenge #9327,Gaming,3353,260,4,8.23,59.45,403.4,52,20
VID09328,2026-06-16,Investment Basics #9328,Finance,4005,133,6,8.4,85.99,262.9,86,14
VID09329,2026-06-16,Beginner Guide #9329,Gaming,11277,966,141,7.47,49.33,648.4,155,6
VID09330,2026-06-16,Saving Money #9330,Finance,48841,1515,91,3.99,64.02,3377.3,1138,20
VID09331,2026-06-16,Study Tips That Work #9331,Education,2733,213,6,7.97,66.15,87.6,45,6
VID09332,2026-06-16,AI Tools #9332,Tech,15192,750,170,4.09,62.23,1425.7,302,16
VID09333,2026-06-16,Budget Lifestyle #9333,Lifestyle,3805,114,8,9.91,56.97,252.5,67,19
VID09334,2026-06-16,Interview Preparation #9334,Education,57040,5999,750,6.15,57.08,4691.7,416,19
VID09335,2026-06-17,Best Apps #9335,Tech,10985,1111,67,8.29,59.92,763.2,168,18
VID09336,2026-06-17,Exam Preparation Guide #9336,Education,8583,252,118,8.48,72.8,1267.7,99,20
VID09337,2026-06-17,Office Comedy #9337,Comedy,1255,108,11,7.01,78.03,125.9,4,21
VID09338,2026-06-17,Best Apps #9338,Tech,19762,1893,240,7.08,41.76,1334.6,286,16
VID09339,2026-06-17,Cooking Tips #9339,Food,2217,78,30,7.5,75.66,385.8,35,19
VID09340,2026-06-17,Best Friend Problems #9340,Comedy,12456,1172,33,9.88,68.1,1223.3,132,18
VID09341,2026-06-17,Investment Basics #9341,Finance,51107,3768,272,7.81,74.18,3843.9,1065,14
VID09342,2026-06-17,Phone Features You Missed #9342,Tech,7149,282,97,11.88,48.57,252.5,138,23
VID09343,2026-06-17,Top Games #9343,Gaming,55594,5517,572,10.2,75.19,6143.1,913,6
VID09344,2026-06-17,Laptop Buying Guide #9344,Tech,85505,4824,991,11.5,75.91,7183.5,547,10
VID09345,2026-06-17,Weekend Travel Vlog #9345,Travel,13138,774,182,7.12,51.98,1647.1,282,12
VID09346,2026-06-18,Gaming Tips #9346,Gaming,6199,564,40,4.77,49.18,468.0,50,20
VID09347,2026-06-18,Personal Finance Tips #9347,Finance,26187,1943,137,8.46,76.65,3295.8,586,20
VID09348,2026-06-18,Beginner Guide #9348,Gaming,20782,1742,240,4.77,66.19,1682.8,78,20
VID09349,2026-06-18,Food Review #9349,Food,9817,282,119,5.11,58.61,1130.4,128,20
VID09350,2026-06-18,Funny Family Moments #9350,Comedy,14804,1180,127,7.84,63.01,1016.3,293,10
VID09351,2026-06-18,Interview Preparation #9351,Education,28550,2209,348,6.07,84.85,4316.1,552,10
VID09352,2026-06-18,Funny Family Moments #9352,Comedy,7202,748,63,6.49,62.76,895.5,122,21
VID09353,2026-06-18,Relatable College Life #9353,Comedy,24658,2653,89,11.49,60.54,3677.7,133,10
VID09354,2026-06-18,Budget Meals #9354,Food,6264,443,70,6.16,53.3,609.9,37,23
VID09355,2026-06-18,Budget Meals #9355,Food,4783,438,25,7.51,65.67,624.0,71,6
VID09356,2026-06-19,Exam Preparation Guide #9356,Education,52738,4757,655,9.17,60.4,4281.0,1019,18
VID09357,2026-06-19,Expectation vs Reality #9357,Comedy,9229,602,62,5.63,47.97,314.9,191,20
VID09358,2026-06-19,Interview Preparation #9358,Education,4082,180,42,5.08,59.87,286.7,66,19
VID09359,2026-06-19,Credit Score Tips #9359,Finance,35455,1738,377,10.87,43.44,1989.5,740,19
VID09360,2026-06-19,Productivity Tips #9360,Education,51896,1305,635,5.98,71.74,4527.4,1022,23
VID09361,2026-06-19,Best Places to Visit #9361,Travel,4585,502,21,7.61,65.55,372.4,25,10
VID09362,2026-06-19,Gaming Highlights #9362,Gaming,5914,506,24,9.58,59.52,449.8,66,6
VID09363,2026-06-19,Exam Preparation Guide #9363,Education,11262,339,111,6.92,43.76,631.7,66,12
VID09364,2026-06-19,Office Comedy #9364,Comedy,2022,64,6,11.04,73.36,67.8,36,21
VID09365,2026-06-19,Travel Guide #9365,Travel,32020,1732,355,7.73,41.9,1451.2,429,23
VID09366,2026-06-20,Daily Routine #9366,Lifestyle,4290,323,14,9.96,48.24,373.3,46,18
VID09367,2026-06-20,Food Review #9367,Food,5238,429,14,6.18,44.15,147.2,43,8
VID09368,2026-06-20,Budget Travel Tips #9368,Travel,86864,8911,243,12.69,52.71,6973.9,1094,6
VID09369,2026-06-20,Relatable College Life #9369,Comedy,13672,451,65,11.38,74.66,1491.6,70,20
VID09370,2026-06-20,Study Tips That Work #9370,Education,3977,107,49,7.26,61.59,432.1,48,10
VID09371,2026-06-20,Productivity Tips #9371,Education,20549,1783,249,6.96,57.15,2105.2,270,18
VID09372,2026-06-20,Office Comedy #9372,Comedy,6864,628,29,7.02,52.27,551.6,91,16
VID09373,2026-06-20,Budget Lifestyle #9373,Lifestyle,11757,1141,46,6.51,62.68,660.5,93,16
VID09374,2026-06-20,Learning Strategies #9374,Education,49386,2579,216,7.06,87.26,4270.9,1177,20
VID09375,2026-06-20,Career Tips #9375,Education,149614,7391,1501,11.1,67.63,7909.9,511,14
VID09376,2026-06-20,Travel Guide #9376,Travel,6732,733,7,10.1,39.77,501.2,131,10
VID09377,2026-06-21,Expectation vs Reality #9377,Comedy,8440,252,53,3.91,53.47,243.9,59,16
VID09378,2026-06-21,Investment Basics #9378,Finance,10818,392,80,9.78,47.85,840.6,113,19
VID09379,2026-06-21,Funny Family Moments #9379,Comedy,9132,232,33,5.56,69.08,370.2,199,14
VID09380,2026-06-21,Useful Tech Tips #9380,Tech,40991,3327,41,8.43,76.31,5385.0,503,12
VID09381,2026-06-21,Morning Routine #9381,Lifestyle,12191,1200,78,7.99,73.49,1767.1,289,21
VID09382,2026-06-21,Gaming Tips #9382,Gaming,10875,874,73,8.93,63.94,1030.1,233,21
VID09383,2026-06-21,Top Games #9383,Gaming,5357,468,45,7.06,46.41,111.2,114,10
VID09384,2026-06-21,Food Review #9384,Food,4702,240,21,11.04,45.29,283.8,41,10
VID09385,2026-06-21,Investment Basics #9385,Finance,2757,87,22,8.33,59.41,195.5,20,23
VID09386,2026-06-21,Best Friend Problems #9386,Comedy,3868,376,6,6.96,46.28,256.4,60,19
VID09387,2026-06-22,Weekend Travel Vlog #9387,Travel,26080,2508,206,4.25,65.38,1919.9,175,12
VID09388,2026-06-22,Exam Preparation Guide #9388,Education,2426,248,24,7.91,69.63,61.5,38,19
VID09389,2026-06-22,Exam Preparation Guide #9389,Education,9276,956,46,12.12,48.55,679.3,50,10
VID09390,2026-06-22,Hidden Places #9390,Travel,46289,3824,133,12.16,67.62,4807.9,668,23
VID09391,2026-06-22,Cooking Tips #9391,Food,3913,234,9,8.39,67.48,506.3,86,18
VID09392,2026-06-22,Morning Routine #9392,Lifestyle,8347,495,60,11.35,61.06,596.7,94,18
VID09393,2026-06-22,Credit Score Tips #9393,Finance,28295,1395,373,5.41,66.91,2954.0,588,21
VID09394,2026-06-22,Budget Travel Tips #9394,Travel,20945,828,210,4.49,67.37,1030.9,341,19
VID09395,2026-06-22,Game Challenge #9395,Gaming,21945,2277,160,9.68,83.62,1118.8,363,14
VID09396,2026-06-22,Hidden Places #9396,Travel,8996,769,92,5.77,51.77,404.7,27,18
VID09397,2026-06-22,Travel Guide #9397,Travel,3427,138,28,9.61,50.11,287.9,31,20
VID09398,2026-06-23,Game Challenge #9398,Gaming,26410,701,194,7.51,58.44,2601.1,451,18
VID09399,2026-06-23,Gaming Highlights #9399,Gaming,3071,93,27,3.59,55.08,307.5,43,20
VID09400,2026-06-23,Investment Basics #9400,Finance,11671,340,142,7.25,59.54,331.6,251,20
VID09401,2026-06-23,Relatable College Life #9401,Comedy,5110,365,44,5.67,61.26,609.1,56,19
VID09402,2026-06-23,Study Tips That Work #9402,Education,13442,1424,13,9.29,84.41,2333.8,140,16
VID09403,2026-06-23,Daily Routine #9403,Lifestyle,2527,200,27,3.5,44.63,123.9,49,6
VID09404,2026-06-23,Tech Hacks #9404,Tech,25492,2109,323,5.41,76.16,895.6,388,14
VID09405,2026-06-23,Learning Strategies #9405,Education,5873,426,8,4.16,61.97,664.5,17,18
VID09406,2026-06-23,Cooking Tips #9406,Food,41819,2433,218,6.18,55.11,3046.5,421,14
VID09407,2026-06-23,Street Food Tour #9407,Food,14614,1007,128,4.66,55.44,1393.5,87,20
VID09408,2026-06-24,Street Food Tour #9408,Food,3254,191,31,6.15,48.66,141.7,41,14
VID09409,2026-06-24,Game Challenge #9409,Gaming,8944,357,56,13.66,63.08,974.9,35,21
VID09410,2026-06-24,Best Places to Visit #9410,Travel,24192,1118,99,8.79,54.25,768.6,412,19
VID09411,2026-06-24,Best Friend Problems #9411,Comedy,15167,1474,79,9.4,53.94,357.0,259,19
VID09412,2026-06-24,Gaming Highlights #9412,Gaming,4105,332,40,4.92,48.57,110.9,62,20
VID09413,2026-06-24,Morning Routine #9413,Lifestyle,1277,53,3,6.79,49.58,101.0,12,19
VID09414,2026-06-24,Office Comedy #9414,Comedy,912,90,1,2.43,55.78,58.7,7,21
VID09415,2026-06-24,Tech Hacks #9415,Tech,12120,1038,98,8.04,83.48,612.3,71,20
VID09416,2026-06-24,Parents Be Like #9416,Comedy,2292,186,14,6.6,54.04,264.8,47,12
VID09417,2026-06-24,Phone Features You Missed #9417,Tech,35433,3237,43,10.36,70.99,1544.7,332,21
VID09418,2026-06-25,Food Review #9418,Food,4353,413,33,7.29,51.63,190.7,16,21
VID09419,2026-06-25,Funny Family Moments #9419,Comedy,2059,139,26,5.71,61.12,131.7,20,10
VID09420,2026-06-25,Budget Lifestyle #9420,Lifestyle,23275,1789,305,8.37,61.94,690.6,254,20
VID09421,2026-06-25,Cooking Tips #9421,Food,14573,1231,34,7.12,40.48,233.0,226,19
VID09422,2026-06-25,Relatable College Life #9422,Comedy,36100,3379,141,8.68,57.44,1482.0,317,20
VID09423,2026-06-25,Top Games #9423,Gaming,6303,301,70,9.22,82.91,812.4,77,21
VID09424,2026-06-25,Gaming Tips #9424,Gaming,18666,978,133,7.09,47.89,1582.2,331,12
VID09425,2026-06-25,Weekend Vlog #9425,Lifestyle,7422,283,34,8.23,65.3,386.0,89,19
VID09426,2026-06-25,Interview Preparation #9426,Education,8065,859,70,8.44,50.39,675.3,147,18
VID09427,2026-06-25,Useful Tech Tips #9427,Tech,11575,536,77,8.47,76.28,428.4,276,14
VID09428,2026-06-25,Office Comedy #9428,Comedy,4636,190,55,10.79,52.0,146.2,89,18
VID09429,2026-06-26,Easy Recipes #9429,Food,9729,818,110,5.9,63.28,716.5,181,20
VID09430,2026-06-26,Beginner Guide #9430,Gaming,5815,256,5,6.38,63.26,503.3,125,19
VID09431,2026-06-26,Weekend Travel Vlog #9431,Travel,4097,334,26,5.3,68.91,252.7,16,21
VID09432,2026-06-26,Best Places to Visit #9432,Travel,13780,1180,37,8.91,44.68,496.8,209,12
VID09433,2026-06-26,Travel Guide #9433,Travel,1356,65,3,8.07,50.57,85.0,24,20
VID09434,2026-06-26,Relatable College Life #9434,Comedy,4718,365,11,8.2,40.04,436.5,53,21
VID09435,2026-06-26,Career Tips #9435,Education,29322,2260,158,7.04,68.71,1874.7,305,23
VID09436,2026-06-26,Study Tips That Work #9436,Education,1392,140,17,6.72,54.53,155.3,7,22
VID09437,2026-06-26,Travel Mistakes #9437,Travel,17184,621,220,11.96,51.48,1632.4,145,16
VID09438,2026-06-26,Money Mistakes #9438,Finance,1091,29,3,6.64,72.51,150.4,9,16
VID09439,2026-06-27,Relatable College Life #9439,Comedy,2565,243,15,5.53,54.15,208.9,13,20
VID09440,2026-06-27,Budget Travel Tips #9440,Travel,16610,1417,176,5.7,46.28,967.2,148,19
VID09441,2026-06-27,Exam Preparation Guide #9441,Education,9104,349,45,8.52,66.46,668.3,52,21
VID09442,2026-06-27,Budget Travel Tips #9442,Travel,9284,851,74,6.0,72.29,728.3,117,19
VID09443,2026-06-27,Useful Tech Tips #9443,Tech,19616,871,30,7.17,62.7,1070.8,80,10
VID09444,2026-06-27,Best Apps #9444,Tech,1965,129,9,7.76,40.49,49.2,12,20
VID09445,2026-06-27,Office Comedy #9445,Comedy,4700,266,55,10.77,73.8,310.7,103,8
VID09446,2026-06-27,Expectation vs Reality #9446,Comedy,12868,580,25,8.38,72.49,677.1,222,21
VID09447,2026-06-27,Easy Recipes #9447,Food,6539,202,6,9.29,63.18,267.5,67,20
VID09448,2026-06-27,Interview Preparation #9448,Education,5197,328,25,9.21,38.15,338.3,98,6
VID09449,2026-06-27,Productivity Tips #9449,Education,2549,150,6,7.28,54.9,129.6,42,16
VID09450,2026-06-28,Budget Meals #9450,Food,9924,647,25,8.79,55.69,546.6,140,20
VID09451,2026-06-28,Office Comedy #9451,Comedy,6093,446,15,6.1,57.06,161.8,133,20
VID09452,2026-06-28,Gaming Highlights #9452,Gaming,7441,243,41,6.98,67.43,654.8,117,19
VID09453,2026-06-28,Healthy Habits #9453,Lifestyle,22460,1960,223,7.48,81.15,2360.2,307,21
VID09454,2026-06-28,Cooking Tips #9454,Food,5415,145,31,4.75,43.55,417.1,55,16
VID09455,2026-06-28,Relatable College Life #9455,Comedy,7572,596,41,7.64,56.97,770.3,166,18
VID09456,2026-06-28,Exam Preparation Guide #9456,Education,13242,1447,28,8.81,68.92,1511.3,69,20
VID09457,2026-06-28,Relatable College Life #9457,Comedy,15618,1202,64,4.51,77.59,1156.4,128,19
VID09458,2026-06-28,Personal Finance Tips #9458,Finance,6962,504,80,8.41,67.63,617.6,164,19
VID09459,2026-06-28,Laptop Buying Guide #9459,Tech,25102,1380,65,6.94,32.42,404.3,312,20
VID09460,2026-06-29,Weekend Vlog #9460,Lifestyle,23083,1594,222,5.5,61.54,2375.2,81,18
VID09461,2026-06-29,Hidden Places #9461,Travel,7391,725,49,9.37,63.27,758.6,86,19
VID09462,2026-06-29,Saving Money #9462,Finance,26285,2640,219,11.0,71.41,3246.7,473,20
VID09463,2026-06-29,Useful Tech Tips #9463,Tech,12540,796,18,5.11,72.0,2149.8,50,20
VID09464,2026-06-29,Study Tips That Work #9464,Education,3626,201,24,7.27,71.8,143.1,38,10
VID09465,2026-06-29,Expectation vs Reality #9465,Comedy,16343,414,116,4.06,64.23,830.8,65,10
VID09466,2026-06-29,Budget Planning #9466,Finance,5698,581,29,11.08,80.2,765.5,24,10
VID09467,2026-06-29,Tech Hacks #9467,Tech,34191,2508,215,8.2,71.67,3390.6,330,22
VID09468,2026-06-29,Hidden Places #9468,Travel,6180,241,77,6.53,57.41,479.5,88,10
VID09469,2026-06-29,Weekend Vlog #9469,Lifestyle,1218,75,3,10.92,53.12,63.6,11,16
VID09470,2026-06-30,Learning Strategies #9470,Education,1904,74,11,6.08,58.93,167.7,36,18
VID09471,2026-06-30,Parents Be Like #9471,Comedy,3906,302,25,12.68,30.62,165.4,69,21
VID09472,2026-06-30,Money Mistakes #9472,Finance,6774,175,11,9.92,65.25,174.2,48,18
VID09473,2026-06-30,Travel Guide #9473,Travel,5017,444,24,11.19,74.03,347.7,97,19
VID09474,2026-06-30,Travel Guide #9474,Travel,3245,269,3,12.04,83.19,233.4,77,21
VID09475,2026-06-30,Street Food Tour #9475,Food,16968,1183,167,9.6,54.85,491.3,297,22
VID09476,2026-06-30,Parents Be Like #9476,Comedy,8569,513,61,11.43,55.77,748.8,148,18
VID09477,2026-06-30,Weekend Vlog #9477,Lifestyle,31186,1284,333,3.83,38.06,1937.4,132,22
VID09478,2026-06-30,Money Mistakes #9478,Finance,18630,667,233,6.88,43.83,509.5,206,12
VID09479,2026-06-30,Travel Mistakes #9479,Travel,2145,230,13,8.31,49.25,95.6,6,20
VID09480,2026-06-30,Funny Family Moments #9480,Comedy,29343,3033,211,8.34,61.41,2100.7,576,12
VID09481,2026-07-01,Day In My Life #9481,Lifestyle,11810,426,13,6.35,59.74,1186.2,249,16
VID09482,2026-07-01,Gaming Tips #9482,Gaming,12196,676,93,8.77,47.73,808.9,172,20
VID09483,2026-07-01,Best Places to Visit #9483,Travel,11594,868,133,8.17,66.71,970.6,135,18
VID09484,2026-07-01,Study Tips That Work #9484,Education,2354,184,32,11.58,59.74,322.8,24,19
VID09485,2026-07-01,Day In My Life #9485,Lifestyle,3411,85,24,5.18,49.39,170.8,24,20
VID09486,2026-07-01,Career Tips #9486,Education,5689,580,8,6.3,72.27,255.5,62,10
VID09487,2026-07-01,Top Games #9487,Gaming,36469,2590,389,6.46,74.63,1917.2,254,18
VID09488,2026-07-01,Top Games #9488,Gaming,21815,1914,54,8.26,53.52,1134.4,244,22
VID09489,2026-07-01,Interview Preparation #9489,Education,11398,844,134,6.8,55.3,1204.5,111,21
VID09490,2026-07-01,Parents Be Like #9490,Comedy,18768,2001,79,8.31,70.52,1390.8,239,18
VID09491,2026-07-02,Study Tips That Work #9491,Education,1654,67,7,7.61,58.0,99.3,20,16
VID09492,2026-07-02,Best Restaurants #9492,Food,32474,2194,371,9.84,42.11,1740.1,235,8
VID09493,2026-07-02,Weekend Vlog #9493,Lifestyle,14188,1070,153,8.94,71.52,793.2,199,14
VID09494,2026-07-02,Laptop Buying Guide #9494,Tech,7900,795,15,7.38,53.82,195.3,59,19
VID09495,2026-07-02,Best Restaurants #9495,Food,33866,1076,285,7.1,63.19,4244.2,634,19
VID09496,2026-07-02,Best Friend Problems #9496,Comedy,13050,1067,40,11.07,63.94,1708.0,241,14
VID09497,2026-07-02,Game Challenge #9497,Gaming,37151,2039,448,7.86,60.47,3201.0,537,12
VID09498,2026-07-02,Daily Routine #9498,Lifestyle,6286,502,65,5.36,74.17,653.3,23,19
VID09499,2026-07-02,Best Friend Problems #9499,Comedy,24952,2506,278,6.26,51.17,1669.4,404,20
VID09500,2026-07-02,Top Games #9500,Gaming,3355,303,18,12.24,64.97,159.2,12,14
VID09501,2026-07-02,Funny Family Moments #9501,Comedy,35510,942,291,8.04,62.1,2934.4,408,21
VID09502,2026-07-03,Gaming Tips #9502,Gaming,42100,1427,203,7.01,76.33,6338.2,568,19
VID09503,2026-07-03,Expectation vs Reality #9503,Comedy,7390,716,50,8.8,64.16,242.4,58,23
VID09504,2026-07-03,Relatable College Life #9504,Comedy,65350,3202,238,9.72,69.29,4346.4,1035,21
VID09505,2026-07-03,Interview Preparation #9505,Education,9615,864,54,6.31,72.57,773.6,220,18
VID09506,2026-07-03,Budget Lifestyle #9506,Lifestyle,8324,505,67,6.97,70.72,1076.5,149,16
VID09507,2026-07-03,Best Places to Visit #9507,Travel,5530,527,52,6.99,71.15,786.5,91,12
VID09508,2026-07-03,Best Friend Problems #9508,Comedy,34849,2056,389,3.26,67.04,2405.3,395,16
VID09509,2026-07-03,Best Apps #9509,Tech,38717,3031,300,4.52,65.42,3091.7,583,6
VID09510,2026-07-03,Office Comedy #9510,Comedy,8225,527,93,7.98,66.72,850.0,135,14
VID09511,2026-07-03,Daily Routine #9511,Lifestyle,32212,1672,66,4.61,75.96,3300.6,740,21
VID09512,2026-07-04,Productivity Tips #9512,Education,4249,270,57,6.89,75.91,557.5,78,10
VID09513,2026-07-04,Parents Be Like #9513,Comedy,8598,861,62,7.07,51.49,465.9,29,14
VID09514,2026-07-04,Tech Hacks #9514,Tech,4820,283,19,5.77,55.12,439.2,45,21
VID09515,2026-07-04,Easy Recipes #9515,Food,4250,411,27,4.46,77.41,722.7,51,23
VID09516,2026-07-04,Best Settings #9516,Gaming,1240,87,10,8.09,90.0,108.2,22,21
VID09517,2026-07-04,Budget Meals #9517,Food,2489,76,2,6.1,90.0,370.3,30,12
VID09518,2026-07-04,Best Settings #9518,Gaming,41433,3628,330,7.77,53.38,2350.6,357,10
VID09519,2026-07-04,Office Comedy #9519,Comedy,11580,536,51,12.79,73.76,566.2,157,12
VID09520,2026-07-04,Study Tips That Work #9520,Education,3944,356,8,7.84,68.51,252.7,21,19
VID09521,2026-07-04,Best Friend Problems #9521,Comedy,15135,1595,42,4.7,88.98,2538.4,183,20
VID09522,2026-07-05,Learning Strategies #9522,Education,11401,504,55,4.96,72.81,792.2,207,18
VID09523,2026-07-05,Gaming Highlights #9523,Gaming,2783,112,30,9.04,64.2,308.3,27,20
VID09524,2026-07-05,Exam Preparation Guide #9524,Education,7631,317,93,10.12,59.38,879.7,99,20
VID09525,2026-07-05,Learning Strategies #9525,Education,15201,1186,19,10.78,55.79,581.7,82,14
VID09526,2026-07-05,Beginner Guide #9526,Gaming,6446,370,5,9.55,60.7,635.4,61,21
VID09527,2026-07-05,Beginner Guide #9527,Gaming,1919,84,15,5.54,51.36,101.6,20,18
VID09528,2026-07-05,Budget Travel Tips #9528,Travel,10000,1078,129,10.65,57.98,280.8,27,10
VID09529,2026-07-05,Best Apps #9529,Tech,3383,249,5,5.06,73.88,266.1,40,19
VID09530,2026-07-05,AI Tools #9530,Tech,3227,103,44,8.99,62.88,242.4,63,22
VID09531,2026-07-05,AI Tools #9531,Tech,14592,973,115,5.95,54.79,1580.9,43,14
VID09532,2026-07-05,Budget Meals #9532,Food,11097,1075,15,10.79,61.3,1198.4,93,8
VID09533,2026-07-06,Learning Strategies #9533,Education,5036,433,63,9.96,52.87,204.6,75,20
VID09534,2026-07-06,Career Tips #9534,Education,26787,1229,226,6.39,52.48,1268.3,109,21
VID09535,2026-07-06,Parents Be Like #9535,Comedy,30190,2288,87,4.04,65.29,3356.9,324,12
VID09536,2026-07-06,Office Comedy #9536,Comedy,26584,2032,208,5.18,55.9,1994.4,440,20
VID09537,2026-07-06,Game Challenge #9537,Gaming,6735,341,49,4.84,66.04,302.3,92,14
VID09538,2026-07-06,Laptop Buying Guide #9538,Tech,1752,51,14,3.74,76.28,233.1,39,23
VID09539,2026-07-06,Learning Strategies #9539,Education,47846,4000,552,9.58,50.15,1699.1,492,21
VID09540,2026-07-06,Phone Features You Missed #9540,Tech,31872,3329,402,7.73,44.45,2330.3,372,8
VID09541,2026-07-06,Career Tips #9541,Education,4801,231,24,8.16,41.84,390.6,73,21
VID09542,2026-07-06,Travel Guide #9542,Travel,5508,291,52,5.78,71.54,636.2,41,19
VID09543,2026-07-07,Interview Preparation #9543,Education,5149,134,11,3.36,76.97,385.5,54,18
VID09544,2026-07-07,Gaming Highlights #9544,Gaming,11469,359,80,8.91,44.43,368.5,102,12
VID09545,2026-07-07,Credit Score Tips #9545,Finance,13606,1150,44,6.14,71.65,1012.5,249,10
VID09546,2026-07-07,Study Tips That Work #9546,Education,7714,507,98,7.68,41.75,373.8,58,20
VID09547,2026-07-07,Best Friend Problems #9547,Comedy,2776,264,3,9.54,71.2,411.1,18,8
VID09548,2026-07-07,AI Tools #9548,Tech,3855,182,5,6.99,47.03,304.5,17,14
VID09549,2026-07-07,Interview Preparation #9549,Education,2970,135,38,9.16,57.3,87.0,45,20
VID09550,2026-07-07,Travel Mistakes #9550,Travel,43001,3282,436,8.38,75.99,4652.3,206,22
VID09551,2026-07-07,Day In My Life #9551,Lifestyle,41963,2068,172,5.92,71.9,2994.7,499,19
VID09552,2026-07-07,Food Review #9552,Food,18669,882,112,7.65,76.95,1984.0,278,22
VID09553,2026-07-07,Expectation vs Reality #9553,Comedy,26319,2794,176,4.89,82.02,4385.9,508,10
VID09554,2026-07-08,Best Apps #9554,Tech,10165,1013,20,12.69,63.95,613.0,120,16
VID09555,2026-07-08,Tech Hacks #9555,Tech,7304,275,14,6.75,63.47,314.5,113,18
VID09556,2026-07-08,Phone Features You Missed #9556,Tech,6644,232,91,11.12,73.4,168.8,126,19
VID09557,2026-07-08,Learning Strategies #9557,Education,11169,841,33,6.2,57.21,1182.4,191,16
VID09558,2026-07-08,Relatable College Life #9558,Comedy,3599,391,7,7.47,81.42,382.1,64,18
VID09559,2026-07-08,Cooking Tips #9559,Food,3198,325,16,9.59,68.87,111.3,23,20
VID09560,2026-07-08,Best Places to Visit #9560,Travel,4649,341,55,7.99,53.58,187.3,24,14
VID09561,2026-07-08,Beginner Guide #9561,Gaming,13923,704,21,10.32,62.92,811.1,155,20
VID09562,2026-07-08,Cooking Tips #9562,Food,4217,140,14,9.39,57.11,431.8,12,6
VID09563,2026-07-08,Food Review #9563,Food,1914,204,12,8.05,55.67,172.1,35,19
VID09564,2026-07-09,Personal Finance Tips #9564,Finance,17250,1778,195,9.02,55.61,1258.7,385,20
VID09565,2026-07-09,Travel Guide #9565,Travel,2150,59,15,7.02,49.73,74.0,31,16
VID09566,2026-07-09,Healthy Habits #9566,Lifestyle,16661,497,135,5.52,80.29,1606.9,188,20
VID09567,2026-07-09,Daily Routine #9567,Lifestyle,4330,191,41,6.23,70.59,449.3,33,19
VID09568,2026-07-09,AI Tools #9568,Tech,3315,262,29,7.66,70.69,169.3,67,18
VID09569,2026-07-09,Game Challenge #9569,Gaming,6980,523,24,6.24,64.18,427.2,132,20
VID09570,2026-07-09,Healthy Habits #9570,Lifestyle,13602,443,20,12.68,74.48,1683.4,173,19
VID09571,2026-07-09,Funny Family Moments #9571,Comedy,20063,1892,193,9.05,51.87,1569.6,260,21
VID09572,2026-07-09,Beginner Guide #9572,Gaming,20388,592,256,6.99,61.13,1440.0,446,20
VID09573,2026-07-09,Office Comedy #9573,Comedy,10957,481,49,11.15,63.71,1425.5,233,20
VID09574,2026-07-10,Gaming Tips #9574,Gaming,2431,215,5,6.85,60.24,249.7,28,20
VID09575,2026-07-10,Best Friend Problems #9575,Comedy,6650,720,19,8.89,67.23,399.8,107,19
VID09576,2026-07-10,Exam Preparation Guide #9576,Education,11915,484,47,3.54,64.12,913.4,57,12
VID09577,2026-07-10,Best Restaurants #9577,Food,3542,340,21,5.35,60.08,401.5,81,20
VID09578,2026-07-10,Laptop Buying Guide #9578,Tech,1003,89,1,5.17,68.46,82.5,8,21
VID09579,2026-07-10,Hidden Places #9579,Travel,18046,691,29,8.78,75.43,2286.9,383,20
VID09580,2026-07-10,Best Restaurants #9580,Food,10924,905,11,4.99,61.03,404.8,180,20
VID09581,2026-07-10,Best Apps #9581,Tech,1142,97,6,6.04,55.67,78.9,18,21
VID09582,2026-07-10,Best Apps #9582,Tech,6585,450,73,4.73,62.55,186.5,60,20
VID09583,2026-07-10,Hidden Places #9583,Travel,12052,691,120,6.87,49.11,1156.2,49,21
VID09584,2026-07-10,Expectation vs Reality #9584,Comedy,21759,1349,131,7.52,64.57,1919.4,472,14
VID09585,2026-07-11,Hidden Places #9585,Travel,5798,423,54,5.96,60.79,204.4,30,21
VID09586,2026-07-11,AI Tools #9586,Tech,15368,1431,203,5.97,66.85,2176.6,211,19
VID09587,2026-07-11,Best Places to Visit #9587,Travel,4274,296,42,8.48,57.64,451.7,86,16
VID09588,2026-07-11,Day In My Life #9588,Lifestyle,5655,498,72,7.04,68.0,612.2,72,14
VID09589,2026-07-11,Budget Travel Tips #9589,Travel,1342,37,15,9.42,66.2,108.7,17,19
VID09590,2026-07-11,Learning Strategies #9590,Education,18776,1512,26,2.02,63.7,825.9,68,14
VID09591,2026-07-11,AI Tools #9591,Tech,5050,352,43,11.88,52.33,106.1,88,20
VID09592,2026-07-11,Laptop Buying Guide #9592,Tech,6672,173,17,5.32,47.8,174.2,100,20
VID09593,2026-07-11,Funny Family Moments #9593,Comedy,10203,570,69,6.79,59.91,569.6,163,18
VID09594,2026-07-11,Investment Basics #9594,Finance,1769,184,4,4.18,52.51,47.4,5,21
VID09595,2026-07-12,Laptop Buying Guide #9595,Tech,14603,939,109,8.86,60.99,350.8,180,20
VID09596,2026-07-12,Phone Features You Missed #9596,Tech,26848,2020,301,7.79,51.04,1695.1,299,18
VID09597,2026-07-12,Phone Features You Missed #9597,Tech,17071,1390,191,7.5,72.44,1163.7,130,14
VID09598,2026-07-12,Interview Preparation #9598,Education,6509,233,30,11.12,53.74,674.7,99,8
VID09599,2026-07-12,Food Review #9599,Food,4116,198,32,7.2,42.84,135.6,34,23
VID09600,2026-07-12,Best Friend Problems #9600,Comedy,45880,3578,528,10.88,63.8,3743.7,452,12
VID09601,2026-07-12,Interview Preparation #9601,Education,4270,269,38,6.32,56.3,543.1,53,22
VID09602,2026-07-12,AI Tools #9602,Tech,15360,1253,24,5.36,60.69,782.6,174,14
VID09603,2026-07-12,Learning Strategies #9603,Education,5251,456,40,3.4,61.5,601.5,22,14
VID09604,2026-07-12,Phone Features You Missed #9604,Tech,3863,134,18,9.65,72.62,460.1,93,21
VID09605,2026-07-12,Money Mistakes #9605,Finance,4733,500,18,9.49,59.5,106.0,19,16
VID09606,2026-07-13,Funny Family Moments #9606,Comedy,17457,890,139,6.68,57.05,1427.2,102,12
VID09607,2026-07-13,Study Tips That Work #9607,Education,24768,1824,250,7.72,51.31,1705.1,473,6
VID09608,2026-07-13,Budget Meals #9608,Food,5509,419,73,6.67,63.19,720.2,32,14
VID09609,2026-07-13,Office Comedy #9609,Comedy,9123,584,64,6.29,61.88,987.5,153,14
VID09610,2026-07-13,Best Friend Problems #9610,Comedy,26236,1273,263,4.11,74.21,860.9,292,18
VID09611,2026-07-13,Interview Preparation #9611,Education,11149,979,32,5.34,63.23,1318.9,167,14
VID09612,2026-07-13,Daily Routine #9612,Lifestyle,9078,472,74,4.22,43.75,553.9,80,19
VID09613,2026-07-13,Gaming Tips #9613,Gaming,4076,367,35,9.45,61.92,267.0,75,18
VID09614,2026-07-13,Gaming Tips #9614,Gaming,20410,2015,69,5.81,68.19,533.8,344,22
VID09615,2026-07-13,Budget Lifestyle #9615,Lifestyle,46082,4621,63,6.94,54.96,2839.0,465,18
VID09616,2026-07-14,Learning Strategies #9616,Education,10542,782,144,6.32,47.63,1017.1,70,19
VID09617,2026-07-14,Phone Features You Missed #9617,Tech,17119,1345,60,9.08,64.58,953.0,102,10
VID09618,2026-07-14,Money Mistakes #9618,Finance,7589,617,42,11.39,61.97,923.8,24,16
VID09619,2026-07-14,Morning Routine #9619,Lifestyle,10201,1057,53,8.74,67.93,1123.9,150,14
VID09620,2026-07-14,Hidden Places #9620,Travel,8854,610,91,10.05,59.06,524.6,165,22
VID09621,2026-07-14,Best Settings #9621,Gaming,9326,570,57,9.42,62.73,1114.4,125,21
VID09622,2026-07-14,Career Tips #9622,Education,1901,122,12,6.65,48.55,68.6,39,20
VID09623,2026-07-14,Funny Family Moments #9623,Comedy,15046,1046,189,10.24,67.87,500.0,253,20
VID09624,2026-07-14,Morning Routine #9624,Lifestyle,3131,243,28,6.75,45.17,129.0,41,20
VID09625,2026-07-14,Budget Travel Tips #9625,Travel,22482,1860,216,6.18,44.05,493.9,59,20
VID09626,2026-07-15,Expectation vs Reality #9626,Comedy,4478,246,45,7.79,51.96,320.6,74,16
VID09627,2026-07-15,Office Comedy #9627,Comedy,7602,346,27,10.4,47.3,186.7,148,14
VID09628,2026-07-15,Office Comedy #9628,Comedy,14804,987,169,4.98,61.56,1909.1,336,12
VID09629,2026-07-15,Weekend Vlog #9629,Lifestyle,17984,1753,198,6.35,63.23,1190.5,419,22
VID09630,2026-07-15,Personal Finance Tips #9630,Finance,7474,340,38,8.63,54.39,808.8,152,21
VID09631,2026-07-15,Investment Basics #9631,Finance,14070,1373,169,6.41,59.56,1301.0,88,19
VID09632,2026-07-15,AI Tools #9632,Tech,6556,404,10,6.54,70.25,293.3,73,16
VID09633,2026-07-15,AI Tools #9633,Tech,66057,4235,685,8.01,52.19,2628.4,605,20
VID09634,2026-07-15,Best Friend Problems #9634,Comedy,6328,688,31,7.41,73.81,910.6,20,14
VID09635,2026-07-15,Tech Hacks #9635,Tech,27989,1094,353,4.54,61.13,1285.5,605,8
VID09636,2026-07-15,Office Comedy #9636,Comedy,13606,681,23,7.28,52.41,1129.9,272,22
VID09637,2026-07-16,Exam Preparation Guide #9637,Education,5164,287,27,10.57,87.35,522.7,101,20
VID09638,2026-07-16,Travel Guide #9638,Travel,17819,1089,201,7.5,60.61,1772.8,368,12
VID09639,2026-07-16,Best Friend Problems #9639,Comedy,7556,680,8,8.65,51.7,295.2,66,21
VID09640,2026-07-16,Weekend Vlog #9640,Lifestyle,93409,8688,653,6.99,44.93,3584.9,306,18
VID09641,2026-07-16,Beginner Guide #9641,Gaming,38833,1936,287,9.11,53.9,3602.6,555,19
VID09642,2026-07-16,Productivity Tips #9642,Education,26756,2507,319,4.53,67.47,1760.8,555,18
VID09643,2026-07-16,Saving Money #9643,Finance,10878,1114,107,7.48,51.01,666.9,232,12
VID09644,2026-07-16,Budget Lifestyle #9644,Lifestyle,6643,338,22,9.04,66.8,416.9,57,14
VID09645,2026-07-16,Career Tips #9645,Education,2999,271,13,9.01,64.98,316.7,31,18
VID09646,2026-07-16,Office Comedy #9646,Comedy,7722,363,86,4.97,76.85,1044.6,29,18
VID09647,2026-07-17,Budget Travel Tips #9647,Travel,57450,6189,539,7.13,57.06,7055.7,513,21
VID09648,2026-07-17,Relatable College Life #9648,Comedy,20543,1406,219,5.74,71.77,2744.7,75,20
VID09649,2026-07-17,Useful Tech Tips #9649,Tech,16863,1314,154,4.68,46.34,1280.1,92,21
VID09650,2026-07-17,Money Mistakes #9650,Finance,3812,98,12,6.81,71.93,202.4,42,23
VID09651,2026-07-17,Easy Recipes #9651,Food,42238,1841,225,6.94,71.27,2106.5,990,14
VID09652,2026-07-17,Best Friend Problems #9652,Comedy,29548,3088,266,8.05,63.88,1989.2,436,20
VID09653,2026-07-17,Useful Tech Tips #9653,Tech,7805,726,26,5.92,51.85,916.4,35,20
VID09654,2026-07-17,Hidden Places #9654,Travel,29848,2700,117,11.31,70.95,2279.4,96,22
VID09655,2026-07-17,Funny Family Moments #9655,Comedy,2141,167,8,6.34,42.11,115.2,44,14
VID09656,2026-07-17,Best Places to Visit #9656,Travel,30559,1769,299,12.1,62.86,1664.2,224,19
VID09657,2026-07-18,Day In My Life #9657,Lifestyle,2381,178,16,6.52,74.33,233.3,49,20
VID09658,2026-07-18,Laptop Buying Guide #9658,Tech,10392,686,34,4.09,71.11,1569.8,223,20
VID09659,2026-07-18,Gaming Highlights #9659,Gaming,4154,199,49,9.66,48.94,325.5,11,10
VID09660,2026-07-18,Hidden Places #9660,Travel,9913,557,104,7.61,74.77,1111.1,54,21
VID09661,2026-07-18,Parents Be Like #9661,Comedy,22504,825,93,5.59,75.83,1294.6,92,21
VID09662,2026-07-18,Money Mistakes #9662,Finance,2614,124,24,12.24,59.94,171.6,26,18
VID09663,2026-07-18,Weekend Vlog #9663,Lifestyle,13999,866,194,7.32,62.49,1524.9,111,6
VID09664,2026-07-18,Productivity Tips #9664,Education,5922,365,21,6.49,48.91,218.3,47,20
VID09665,2026-07-18,Money Mistakes #9665,Finance,11721,915,39,5.37,66.91,1322.2,138,19
VID09666,2026-07-18,Interview Preparation #9666,Education,17115,586,18,4.32,71.75,1582.0,347,19
VID09667,2026-07-18,Gaming Tips #9667,Gaming,6379,277,14,8.36,67.22,601.6,138,8
VID09668,2026-07-19,Laptop Buying Guide #9668,Tech,9860,925,22,5.55,60.96,947.7,112,20
VID09669,2026-07-19,Parents Be Like #9669,Comedy,6264,662,70,3.88,58.61,817.9,100,20
VID09670,2026-07-19,Funny Family Moments #9670,Comedy,55019,3385,166,8.82,33.86,2205.4,264,19
VID09671,2026-07-19,Daily Routine #9671,Lifestyle,8655,775,108,10.6,34.77,224.7,123,18
VID09672,2026-07-19,Expectation vs Reality #9672,Comedy,32956,2718,432,3.97,73.75,1198.3,455,16
VID09673,2026-07-19,Hidden Places #9673,Travel,22748,1857,190,7.36,61.7,2112.0,394,20
VID09674,2026-07-19,Travel Mistakes #9674,Travel,14903,1417,141,8.7,53.53,1369.9,89,18
VID09675,2026-07-19,Exam Preparation Guide #9675,Education,21534,1665,27,6.68,56.27,1384.4,364,19
VID09676,2026-07-19,Parents Be Like #9676,Comedy,7153,658,79,8.1,36.19,507.5,59,22
VID09677,2026-07-19,Street Food Tour #9677,Food,5094,419,70,7.82,58.0,410.2,31,16
VID09678,2026-07-20,Parents Be Like #9678,Comedy,12308,581,13,11.2,37.32,529.9,80,21
VID09679,2026-07-20,Hidden Places #9679,Travel,104399,3010,188,6.86,77.83,13918.4,2075,20
VID09680,2026-07-20,Learning Strategies #9680,Education,21395,1951,76,9.04,45.66,749.0,283,14
VID09681,2026-07-20,AI Tools #9681,Tech,28194,1535,282,9.21,56.11,2356.2,448,12
VID09682,2026-07-20,Beginner Guide #9682,Gaming,5624,569,68,5.08,71.87,183.1,62,21
VID09683,2026-07-20,Hidden Places #9683,Travel,53606,1448,352,5.26,50.6,3605.3,368,19
VID09684,2026-07-20,Best Friend Problems #9684,Comedy,7387,810,88,9.0,57.74,689.9,102,10
VID09685,2026-07-20,Budget Planning #9685,Finance,1631,53,10,9.33,45.94,51.1,18,6
VID09686,2026-07-20,Gaming Highlights #9686,Gaming,37452,1915,501,6.37,59.7,2329.8,264,18
VID09687,2026-07-20,Travel Mistakes #9687,Travel,6608,546,90,3.85,62.83,405.3,76,19
VID09688,2026-07-20,Easy Recipes #9688,Food,11055,876,79,11.04,60.18,1104.6,156,20
VID09689,2026-07-21,Travel Mistakes #9689,Travel,1027,82,11,7.2,51.96,55.3,19,14
VID09690,2026-07-21,Best Restaurants #9690,Food,3044,250,12,6.8,73.86,104.4,41,21
VID09691,2026-07-21,Budget Lifestyle #9691,Lifestyle,51390,3537,179,3.74,69.32,5556.9,618,10
VID09692,2026-07-21,Best Places to Visit #9692,Travel,16079,1355,146,7.61,79.75,1082.9,272,14
VID09693,2026-07-21,Laptop Buying Guide #9693,Tech,9177,600,82,7.7,56.75,1014.6,63,21
VID09694,2026-07-21,Cooking Tips #9694,Food,16840,1568,72,6.76,74.1,1337.4,154,14
VID09695,2026-07-21,Daily Routine #9695,Lifestyle,25194,863,205,8.08,68.93,789.0,448,19
VID09696,2026-07-21,AI Tools #9696,Tech,2454,225,32,8.71,71.52,94.3,7,18
VID09697,2026-07-21,Best Friend Problems #9697,Comedy,9167,865,78,6.67,47.24,673.6,98,14
VID09698,2026-07-21,Best Settings #9698,Gaming,4867,464,54,10.41,64.34,298.5,13,10
VID09699,2026-07-22,Learning Strategies #9699,Education,21746,2247,42,6.99,64.88,772.2,331,19
VID09700,2026-07-22,Weekend Travel Vlog #9700,Travel,13006,1224,42,8.6,57.09,341.4,159,16
VID09701,2026-07-22,Useful Tech Tips #9701,Tech,5739,476,35,9.37,58.24,501.2,90,8
VID09702,2026-07-22,Relatable College Life #9702,Comedy,19868,1752,238,6.36,78.7,2698.8,488,20
VID09703,2026-07-22,Relatable College Life #9703,Comedy,13521,1043,125,7.45,63.56,560.4,254,20
VID09704,2026-07-22,Exam Preparation Guide #9704,Education,1375,120,10,5.06,50.8,101.1,18,21
VID09705,2026-07-22,Budget Meals #9705,Food,11632,291,121,8.62,69.35,795.4,160,20
VID09706,2026-07-22,Budget Meals #9706,Food,6465,180,44,7.94,58.54,216.0,133,23
VID09707,2026-07-22,Funny Family Moments #9707,Comedy,6773,728,20,8.15,81.18,567.5,127,20
VID09708,2026-07-22,Budget Lifestyle #9708,Lifestyle,6809,530,44,8.9,63.38,786.2,122,16
VID09709,2026-07-23,Cooking Tips #9709,Food,108098,10208,642,3.6,75.86,4663.8,1424,16
VID09710,2026-07-23,Daily Routine #9710,Lifestyle,30948,1413,66,7.08,66.43,3413.9,496,8
VID09711,2026-07-23,Relatable College Life #9711,Comedy,7901,773,92,9.65,57.27,1044.4,54,19
VID09712,2026-07-23,Beginner Guide #9712,Gaming,6507,229,79,9.38,71.89,223.1,127,6
VID09713,2026-07-23,Budget Planning #9713,Finance,26874,2289,337,8.56,56.68,2676.3,151,22
VID09714,2026-07-23,Productivity Tips #9714,Education,6178,529,78,6.19,57.95,476.7,29,18
VID09715,2026-07-23,Career Tips #9715,Education,75163,5353,926,8.02,62.64,7464.1,412,20
VID09716,2026-07-23,Tech Hacks #9716,Tech,28179,2561,369,9.97,77.0,999.0,570,19
VID09717,2026-07-23,Street Food Tour #9717,Food,7962,519,28,8.18,62.03,537.3,176,10
VID09718,2026-07-23,Expectation vs Reality #9718,Comedy,68751,6612,919,2.64,59.03,4349.5,1411,14
VID09719,2026-07-23,Useful Tech Tips #9719,Tech,8350,365,97,9.69,53.89,889.7,83,16
VID09720,2026-07-24,Tech Hacks #9720,Tech,6249,621,32,3.62,71.07,347.4,84,14
VID09721,2026-07-24,Budget Travel Tips #9721,Travel,9217,457,44,8.72,57.69,856.4,161,18
VID09722,2026-07-24,Office Comedy #9722,Comedy,19764,1651,246,9.79,38.54,916.4,215,21
VID09723,2026-07-24,Best Friend Problems #9723,Comedy,4406,443,36,5.07,63.39,118.6,49,12
VID09724,2026-07-24,Day In My Life #9724,Lifestyle,35768,3101,407,9.44,52.26,1554.1,610,18
VID09725,2026-07-24,Budget Lifestyle #9725,Lifestyle,2167,59,15,8.76,52.91,162.9,27,8
VID09726,2026-07-24,Money Mistakes #9726,Finance,4654,353,61,6.46,52.28,384.0,21,14
VID09727,2026-07-24,Parents Be Like #9727,Comedy,12131,346,131,7.24,78.34,1025.2,140,16
VID09728,2026-07-24,Exam Preparation Guide #9728,Education,46454,4453,468,9.07,49.85,4726.4,1001,10
VID09729,2026-07-24,Expectation vs Reality #9729,Comedy,23411,1358,80,9.93,51.56,697.9,145,21
VID09730,2026-07-25,Laptop Buying Guide #9730,Tech,7469,771,84,7.03,64.0,330.2,164,16
VID09731,2026-07-25,Hidden Places #9731,Travel,7670,511,17,8.38,64.63,583.8,112,10
VID09732,2026-07-25,Top Games #9732,Gaming,13728,746,113,4.06,66.72,1075.7,223,19
VID09733,2026-07-25,Travel Mistakes #9733,Travel,7813,791,65,5.65,60.26,353.8,169,18
VID09734,2026-07-25,Exam Preparation Guide #9734,Education,6681,584,61,8.57,47.82,682.4,98,19
VID09735,2026-07-25,Expectation vs Reality #9735,Comedy,3689,402,13,7.58,49.83,161.1,56,14
VID09736,2026-07-25,Expectation vs Reality #9736,Comedy,11429,978,38,7.62,67.67,452.1,54,20
VID09737,2026-07-25,Game Challenge #9737,Gaming,50944,2854,273,7.99,65.92,4642.2,488,18
VID09738,2026-07-25,Funny Family Moments #9738,Comedy,66634,4450,616,8.17,66.96,5367.6,264,10
VID09739,2026-07-25,Exam Preparation Guide #9739,Education,14639,1577,114,8.0,49.52,913.8,284,21
VID09740,2026-07-25,Saving Money #9740,Finance,14458,1441,153,10.08,47.4,415.0,73,18
VID09741,2026-07-26,Street Food Tour #9741,Food,7162,230,59,7.85,90.0,669.5,99,6
VID09742,2026-07-26,Useful Tech Tips #9742,Tech,8064,720,33,5.26,58.45,393.5,179,19
VID09743,2026-07-26,Food Review #9743,Food,2794,191,24,6.0,67.82,343.8,66,20
VID09744,2026-07-26,Game Challenge #9744,Gaming,7420,347,13,6.86,53.52,272.1,31,10
VID09745,2026-07-26,Laptop Buying Guide #9745,Tech,8814,576,120,6.82,74.18,708.4,216,12
VID09746,2026-07-26,Best Places to Visit #9746,Travel,18090,1404,27,11.95,75.99,1078.6,142,19
VID09747,2026-07-26,Productivity Tips #9747,Education,7915,617,26,7.34,66.96,271.7,167,22
VID09748,2026-07-26,Easy Recipes #9748,Food,9846,751,22,6.13,54.26,891.4,106,21
VID09749,2026-07-26,Credit Score Tips #9749,Finance,4279,374,54,9.72,75.55,251.8,46,21
VID09750,2026-07-26,Best Places to Visit #9750,Travel,8162,434,34,4.63,59.48,477.0,135,22
VID09751,2026-07-27,Best Places to Visit #9751,Travel,10131,1010,106,7.12,78.28,493.4,169,20
VID09752,2026-07-27,Budget Meals #9752,Food,13803,1426,123,3.82,74.19,1374.0,124,19
VID09753,2026-07-27,Funny Family Moments #9753,Comedy,15574,1110,179,12.07,66.4,1902.0,305,20
VID09754,2026-07-27,Expectation vs Reality #9754,Comedy,17580,1024,118,5.38,81.02,750.5,192,21
VID09755,2026-07-27,Study Tips That Work #9755,Education,2601,98,4,7.39,44.53,156.4,43,10
VID09756,2026-07-27,Budget Planning #9756,Finance,3160,204,33,8.95,50.08,111.5,42,6
VID09757,2026-07-27,Hidden Places #9757,Travel,41077,2145,259,9.11,58.31,3751.5,870,19
VID09758,2026-07-27,Exam Preparation Guide #9758,Education,10518,367,18,12.22,68.64,1095.7,98,18
VID09759,2026-07-27,Cooking Tips #9759,Food,11591,634,136,6.88,51.04,1080.7,55,10
VID09760,2026-07-27,Street Food Tour #9760,Food,23984,2151,138,7.15,79.32,1871.0,430,20
VID09761,2026-07-28,Travel Mistakes #9761,Travel,20150,1021,22,5.03,68.44,1408.4,115,21
VID09762,2026-07-28,Top Games #9762,Gaming,2651,213,33,6.69,57.73,131.2,32,18
VID09763,2026-07-28,Best Apps #9763,Tech,1927,112,2,7.36,39.96,136.2,7,19
VID09764,2026-07-28,Day In My Life #9764,Lifestyle,30167,766,372,10.84,84.01,2140.5,613,10
VID09765,2026-07-28,Cooking Tips #9765,Food,5762,252,6,7.72,61.43,388.7,128,18
VID09766,2026-07-28,Day In My Life #9766,Lifestyle,918,96,1,7.64,71.4,72.7,12,20
VID09767,2026-07-28,Weekend Travel Vlog #9767,Travel,29715,3181,355,9.66,42.22,1982.8,142,10
VID09768,2026-07-28,Relatable College Life #9768,Comedy,25058,1510,225,10.63,52.56,1226.1,105,19
VID09769,2026-07-28,Expectation vs Reality #9769,Comedy,91455,7213,784,8.56,73.77,3117.9,319,20
VID09770,2026-07-28,Best Places to Visit #9770,Travel,4182,295,25,8.04,69.17,144.1,46,12
VID09771,2026-07-28,Career Tips #9771,Education,10781,316,116,9.04,75.1,553.4,108,14
VID09772,2026-07-29,Money Mistakes #9772,Finance,1653,168,17,8.06,78.3,104.2,22,20
VID09773,2026-07-29,Office Comedy #9773,Comedy,10257,402,39,6.0,44.63,902.8,90,20
VID09774,2026-07-29,Best Apps #9774,Tech,6747,710,64,8.25,61.22,212.2,145,14
VID09775,2026-07-29,Investment Basics #9775,Finance,39810,1299,127,6.17,69.62,1065.0,594,21
VID09776,2026-07-29,Parents Be Like #9776,Comedy,8841,820,17,6.33,77.62,979.5,94,19
VID09777,2026-07-29,Credit Score Tips #9777,Finance,5351,525,74,6.54,60.17,272.9,113,8
VID09778,2026-07-29,Relatable College Life #9778,Comedy,30308,2228,286,6.05,55.65,2371.1,193,19
VID09779,2026-07-29,Travel Guide #9779,Travel,19125,1818,66,5.72,63.46,2114.0,239,19
VID09780,2026-07-29,Street Food Tour #9780,Food,7787,335,10,9.7,50.35,560.5,119,20
VID09781,2026-07-29,Day In My Life #9781,Lifestyle,13327,1301,112,8.01,50.23,1104.8,91,12
VID09782,2026-07-30,Learning Strategies #9782,Education,35058,2244,292,4.64,44.38,1458.0,327,20
VID09783,2026-07-30,Career Tips #9783,Education,6316,454,17,8.9,85.56,460.1,81,20
VID09784,2026-07-30,Interview Preparation #9784,Education,8366,850,80,5.01,50.03,279.7,97,22
VID09785,2026-07-30,Parents Be Like #9785,Comedy,4438,487,46,10.04,66.48,131.8,50,14
VID09786,2026-07-30,Cooking Tips #9786,Food,16479,1171,51,7.82,72.1,2069.3,81,22
VID09787,2026-07-30,Career Tips #9787,Education,10929,743,118,11.44,66.87,1167.5,92,8
VID09788,2026-07-30,Phone Features You Missed #9788,Tech,4569,211,27,8.62,69.2,550.4,86,6
VID09789,2026-07-30,Expectation vs Reality #9789,Comedy,4922,166,61,7.17,62.38,474.4,72,10
VID09790,2026-07-30,Saving Money #9790,Finance,4980,304,38,5.47,36.31,308.1,101,6
VID09791,2026-07-30,Game Challenge #9791,Gaming,21437,1165,167,6.99,48.76,1626.9,250,12
VID09792,2026-07-30,Office Comedy #9792,Comedy,12518,870,172,5.78,32.61,406.9,145,14
VID09793,2026-07-31,Weekend Travel Vlog #9793,Travel,7917,201,16,6.51,57.07,211.2,34,6
VID09794,2026-07-31,Morning Routine #9794,Lifestyle,6372,448,67,5.49,62.05,196.1,139,20
VID09795,2026-07-31,Daily Routine #9795,Lifestyle,5890,416,59,4.66,63.28,471.7,136,20
VID09796,2026-07-31,Travel Guide #9796,Travel,39377,3880,320,5.86,49.64,2771.5,407,22
VID09797,2026-07-31,AI Tools #9797,Tech,9329,866,116,5.04,69.85,1104.2,45,10
VID09798,2026-07-31,Parents Be Like #9798,Comedy,7600,196,19,11.01,58.19,264.2,67,16
VID09799,2026-07-31,Learning Strategies #9799,Education,10070,667,109,7.51,72.02,313.2,147,23
VID09800,2026-07-31,Healthy Habits #9800,Lifestyle,32078,1888,202,9.0,44.24,2213.5,445,20
VID09801,2026-07-31,Laptop Buying Guide #9801,Tech,14303,368,38,8.54,52.32,1226.8,112,20
VID09802,2026-07-31,Credit Score Tips #9802,Finance,2962,308,17,10.39,59.1,163.7,60,21
VID09803,2026-08-01,Credit Score Tips #9803,Finance,14443,1174,191,6.48,77.92,1343.7,273,22
VID09804,2026-08-01,Expectation vs Reality #9804,Comedy,9050,496,69,8.53,76.28,333.6,63,22
VID09805,2026-08-01,Office Comedy #9805,Comedy,18626,1750,89,11.04,39.23,1409.7,336,19
VID09806,2026-08-01,Daily Routine #9806,Lifestyle,25145,1232,228,8.21,67.32,3016.4,359,18
VID09807,2026-08-01,Best Apps #9807,Tech,59206,1490,453,8.32,67.77,2656.3,1321,18
VID09808,2026-08-01,Exam Preparation Guide #9808,Education,16188,1123,210,6.69,55.72,1399.2,297,20
VID09809,2026-08-01,Budget Lifestyle #9809,Lifestyle,19087,997,101,9.55,57.64,1296.2,229,21
VID09810,2026-08-01,Investment Basics #9810,Finance,15658,1506,92,8.14,62.34,1709.8,243,12
VID09811,2026-08-01,Career Tips #9811,Education,4383,208,59,8.38,57.9,355.7,76,20
VID09812,2026-08-01,Career Tips #9812,Education,22597,1995,37,7.24,59.47,707.9,248,6
VID09813,2026-08-02,Parents Be Like #9813,Comedy,7130,640,54,8.15,52.94,351.7,128,23
VID09814,2026-08-02,Daily Routine #9814,Lifestyle,95982,10094,1295,6.36,52.67,8636.3,718,21
VID09815,2026-08-02,Career Tips #9815,Education,34039,1534,346,8.08,82.26,3837.1,766,22
VID09816,2026-08-02,Exam Preparation Guide #9816,Education,13851,740,107,7.4,56.88,379.2,220,22
VID09817,2026-08-02,Best Friend Problems #9817,Comedy,3778,192,25,8.54,65.99,161.7,39,18
VID09818,2026-08-02,Best Restaurants #9818,Food,16801,879,62,3.98,51.09,590.3,82,20
VID09819,2026-08-02,Weekend Vlog #9819,Lifestyle,3854,119,6,3.9,62.89,596.2,67,20
VID09820,2026-08-02,Daily Routine #9820,Lifestyle,9000,301,120,9.02,65.96,812.1,106,12
VID09821,2026-08-02,Morning Routine #9821,Lifestyle,2573,224,10,6.41,70.68,219.6,25,19
VID09822,2026-08-02,Best Apps #9822,Tech,2203,129,14,1.5,51.45,100.5,35,12
VID09823,2026-08-02,Office Comedy #9823,Comedy,42102,3045,442,5.02,44.02,1552.3,820,20
VID09824,2026-08-03,Personal Finance Tips #9824,Finance,2221,208,30,6.38,74.94,132.3,24,18
VID09825,2026-08-03,Interview Preparation #9825,Education,17483,1816,150,5.15,48.1,1257.6,210,22
VID09826,2026-08-03,Office Comedy #9826,Comedy,3307,309,4,8.22,67.89,528.7,40,18
VID09827,2026-08-03,Budget Lifestyle #9827,Lifestyle,15569,1466,215,6.57,63.83,2248.0,215,14
VID09828,2026-08-03,Street Food Tour #9828,Food,5444,152,54,6.11,63.68,125.8,120,16
VID09829,2026-08-03,Investment Basics #9829,Finance,3826,356,43,7.75,71.97,437.1,66,18
VID09830,2026-08-03,Best Restaurants #9830,Food,4834,149,4,9.19,57.45,256.1,60,12
VID09831,2026-08-03,Gaming Highlights #9831,Gaming,31440,2105,115,7.66,84.25,5704.0,166,19
VID09832,2026-08-03,Office Comedy #9832,Comedy,6723,537,49,7.67,77.12,852.4,52,19
VID09833,2026-08-03,Tech Hacks #9833,Tech,4762,354,64,6.39,76.06,497.9,29,20
VID09834,2026-08-04,Learning Strategies #9834,Education,3471,194,25,8.56,50.56,200.9,56,18
VID09835,2026-08-04,Parents Be Like #9835,Comedy,6911,306,68,4.46,61.61,655.4,97,20
VID09836,2026-08-04,Expectation vs Reality #9836,Comedy,1751,51,10,8.8,74.62,99.0,13,19
VID09837,2026-08-04,Laptop Buying Guide #9837,Tech,14024,1097,161,10.96,78.66,1891.8,75,19
VID09838,2026-08-04,Relatable College Life #9838,Comedy,9108,567,25,4.9,52.87,809.0,69,23
VID09839,2026-08-04,Best Friend Problems #9839,Comedy,30750,2824,221,3.94,72.16,4547.2,451,14
VID09840,2026-08-04,Gaming Tips #9840,Gaming,4276,196,59,11.6,85.82,573.6,85,22
VID09841,2026-08-04,Best Friend Problems #9841,Comedy,4513,266,32,10.69,49.52,272.7,54,14
VID09842,2026-08-04,Funny Family Moments #9842,Comedy,21708,1203,94,4.87,58.26,1470.6,454,12
VID09843,2026-08-04,Weekend Travel Vlog #9843,Travel,1695,73,18,9.67,63.67,122.7,6,8
VID09844,2026-08-04,Best Places to Visit #9844,Travel,20950,1992,136,6.66,77.28,2487.1,73,8
VID09845,2026-08-05,Study Tips That Work #9845,Education,4486,282,38,4.19,58.39,360.9,28,12
VID09846,2026-08-05,Laptop Buying Guide #9846,Tech,9505,777,82,7.02,66.22,403.8,51,20
VID09847,2026-08-05,Healthy Habits #9847,Lifestyle,9310,681,62,2.58,52.27,684.8,151,18
VID09848,2026-08-05,Weekend Vlog #9848,Lifestyle,23570,1668,271,4.18,70.78,3218.0,330,18
VID09849,2026-08-05,Learning Strategies #9849,Education,75378,1946,128,6.1,64.41,8889.4,1338,18
VID09850,2026-08-05,Expectation vs Reality #9850,Comedy,4231,323,4,10.74,59.68,113.7,21,22
VID09851,2026-08-05,Career Tips #9851,Education,5072,207,54,9.49,70.61,632.3,98,18
VID09852,2026-08-05,Tech Hacks #9852,Tech,130043,11464,1155,8.21,69.36,15479.4,1516,21
VID09853,2026-08-05,Daily Routine #9853,Lifestyle,30742,2032,310,7.9,47.86,1601.2,83,20
VID09854,2026-08-05,Best Friend Problems #9854,Comedy,5044,234,41,7.02,73.03,156.9,61,14
VID09855,2026-08-06,Street Food Tour #9855,Food,27174,2398,355,8.11,39.63,1647.5,445,22
VID09856,2026-08-06,Saving Money #9856,Finance,9825,1080,107,9.31,47.09,723.9,159,22
VID09857,2026-08-06,Relatable College Life #9857,Comedy,20462,1219,131,12.4,44.85,1808.2,309,21
VID09858,2026-08-06,Best Apps #9858,Tech,14611,1564,165,8.85,74.97,2383.9,87,20
VID09859,2026-08-06,Best Apps #9859,Tech,21714,1967,267,6.5,54.03,712.0,171,20
VID09860,2026-08-06,Money Mistakes #9860,Finance,12698,595,44,9.45,65.33,483.1,189,12
VID09861,2026-08-06,Cooking Tips #9861,Food,17266,663,209,4.84,58.69,1521.5,88,8
VID09862,2026-08-06,Budget Planning #9862,Finance,1097,49,4,8.04,53.3,61.7,18,10
VID09863,2026-08-06,Weekend Travel Vlog #9863,Travel,7578,420,9,6.69,76.94,359.7,117,19
VID09864,2026-08-06,Best Settings #9864,Gaming,7297,723,48,6.11,66.5,543.2,34,20
VID09865,2026-08-07,Parents Be Like #9865,Comedy,6337,187,81,7.75,66.62,528.4,138,21
VID09866,2026-08-07,Best Apps #9866,Tech,5159,276,59,9.06,75.58,397.6,93,12
VID09867,2026-08-07,Laptop Buying Guide #9867,Tech,15551,1525,86,9.3,39.94,1168.1,94,20
VID09868,2026-08-07,Cooking Tips #9868,Food,52693,5581,331,11.44,50.08,1023.9,1152,20
VID09869,2026-08-07,Study Tips That Work #9869,Education,59531,6140,281,8.75,60.37,5869.3,244,12
VID09870,2026-08-07,Budget Travel Tips #9870,Travel,1425,132,18,11.24,74.77,55.0,17,20
VID09871,2026-08-07,Investment Basics #9871,Finance,2562,138,19,5.32,41.85,149.6,38,18
VID09872,2026-08-07,Best Places to Visit #9872,Travel,22657,926,163,8.29,68.64,1634.8,344,20
VID09873,2026-08-07,Best Friend Problems #9873,Comedy,34494,950,340,12.21,71.42,2890.6,147,12
VID09874,2026-08-07,Street Food Tour #9874,Food,37580,955,387,7.9,61.74,3359.0,523,18
VID09875,2026-08-07,Tech Hacks #9875,Tech,2729,94,29,7.77,64.8,309.6,34,14
VID09876,2026-08-08,Useful Tech Tips #9876,Tech,33115,1835,52,7.4,63.41,2604.4,147,23
VID09877,2026-08-08,Weekend Vlog #9877,Lifestyle,17433,462,178,9.4,57.39,1328.9,186,10
VID09878,2026-08-08,Weekend Vlog #9878,Lifestyle,6538,201,39,7.45,71.53,638.3,19,16
VID09879,2026-08-08,Morning Routine #9879,Lifestyle,3108,337,26,8.44,64.93,348.9,66,12
VID09880,2026-08-08,Credit Score Tips #9880,Finance,4522,205,48,8.02,69.69,344.1,84,14
VID09881,2026-08-08,Best Apps #9881,Tech,13315,542,18,6.74,60.94,1395.9,179,12
VID09882,2026-08-08,Morning Routine #9882,Lifestyle,36593,2027,453,7.86,54.79,2447.8,98,21
VID09883,2026-08-08,Weekend Travel Vlog #9883,Travel,6159,390,13,8.94,73.79,618.2,36,23
VID09884,2026-08-08,Phone Features You Missed #9884,Tech,30245,1468,80,9.58,69.51,2669.9,306,8
VID09885,2026-08-08,Productivity Tips #9885,Education,6855,330,90,8.35,76.34,667.0,134,19
VID09886,2026-08-09,Best Apps #9886,Tech,14331,1567,156,6.69,48.38,780.2,189,10
VID09887,2026-08-09,Hidden Places #9887,Travel,10270,670,31,7.29,52.92,359.5,131,14
VID09888,2026-08-09,Useful Tech Tips #9888,Tech,25389,1620,144,7.22,76.92,2532.2,91,20
VID09889,2026-08-09,Relatable College Life #9889,Comedy,2333,149,7,8.41,81.56,268.6,30,12
VID09890,2026-08-09,Interview Preparation #9890,Education,20069,1836,109,9.67,52.04,841.8,89,21
VID09891,2026-08-09,Day In My Life #9891,Lifestyle,5119,501,60,7.73,63.21,452.5,90,22
VID09892,2026-08-09,Easy Recipes #9892,Food,9525,848,14,8.87,54.95,796.1,121,20
VID09893,2026-08-09,Productivity Tips #9893,Education,19658,1707,66,9.07,67.12,2431.7,437,21
VID09894,2026-08-09,Gaming Highlights #9894,Gaming,15306,1125,195,6.35,48.04,641.8,100,21
VID09895,2026-08-09,Food Review #9895,Food,16848,1579,169,9.94,54.31,1188.7,264,21
VID09896,2026-08-09,Office Comedy #9896,Comedy,26011,1302,22,8.09,46.22,2405.1,469,19
VID09897,2026-08-10,Investment Basics #9897,Finance,9437,624,87,6.32,55.12,228.7,86,22
VID09898,2026-08-10,Career Tips #9898,Education,12073,717,19,7.65,75.6,2206.7,54,20
VID09899,2026-08-10,AI Tools #9899,Tech,15479,1153,110,5.52,48.91,1020.3,199,14
VID09900,2026-08-10,Weekend Vlog #9900,Lifestyle,3642,129,30,4.95,66.21,407.1,57,21
VID09901,2026-08-10,Interview Preparation #9901,Education,11982,1252,155,9.54,62.28,1081.7,93,14
VID09902,2026-08-10,Money Mistakes #9902,Finance,47174,2494,288,5.41,67.96,5048.8,258,14
VID09903,2026-08-10,Budget Meals #9903,Food,4583,384,33,9.79,67.04,354.4,102,21
VID09904,2026-08-10,Career Tips #9904,Education,9944,713,60,8.94,69.17,859.2,141,18
VID09905,2026-08-10,Best Places to Visit #9905,Travel,15068,1180,76,7.89,58.88,936.2,198,21
VID09906,2026-08-10,Best Places to Visit #9906,Travel,17852,920,92,7.59,62.35,2080.3,245,18
VID09907,2026-08-11,Relatable College Life #9907,Comedy,25004,1202,205,8.38,61.74,1850.1,68,18
VID09908,2026-08-11,Travel Guide #9908,Travel,15191,715,197,6.8,42.5,820.9,222,16
VID09909,2026-08-11,Best Friend Problems #9909,Comedy,2620,87,14,11.28,60.87,94.0,19,12
VID09910,2026-08-11,Exam Preparation Guide #9910,Education,12716,1177,72,5.64,51.24,965.3,103,20
VID09911,2026-08-11,Office Comedy #9911,Comedy,2790,114,11,5.94,69.44,255.3,57,22
VID09912,2026-08-11,Relatable College Life #9912,Comedy,4489,347,55,8.99,67.72,200.6,47,21
VID09913,2026-08-11,Top Games #9913,Gaming,24766,2704,159,7.39,72.48,1749.8,218,18
VID09914,2026-08-11,Gaming Highlights #9914,Gaming,7647,312,90,5.26,39.84,448.1,148,18
VID09915,2026-08-11,Funny Family Moments #9915,Comedy,16833,1163,208,6.45,57.7,1395.8,161,14
VID09916,2026-08-11,Study Tips That Work #9916,Education,29045,2009,254,6.74,88.11,2045.4,185,21
VID09917,2026-08-12,Personal Finance Tips #9917,Finance,23171,2016,318,9.59,45.57,1392.6,462,22
VID09918,2026-08-12,Money Mistakes #9918,Finance,16017,1401,106,4.55,58.29,1475.4,177,20
VID09919,2026-08-12,Best Restaurants #9919,Food,6934,604,51,7.83,72.85,857.4,154,19
VID09920,2026-08-12,Productivity Tips #9920,Education,4059,161,23,6.95,53.16,165.5,48,21
VID09921,2026-08-12,Productivity Tips #9921,Education,35269,2315,258,6.66,55.03,2530.1,368,6
VID09922,2026-08-12,Office Comedy #9922,Comedy,7310,360,70,7.62,57.85,249.5,91,21
VID09923,2026-08-12,Best Settings #9923,Gaming,10058,396,75,13.08,58.35,1188.8,159,19
VID09924,2026-08-12,Funny Family Moments #9924,Comedy,27176,1917,347,4.97,68.74,1784.2,624,20
VID09925,2026-08-12,Budget Travel Tips #9925,Travel,3799,356,40,4.2,57.11,352.2,82,21
VID09926,2026-08-12,Funny Family Moments #9926,Comedy,3088,190,18,6.37,51.25,62.8,22,22
VID09927,2026-08-12,Budget Lifestyle #9927,Lifestyle,9054,757,47,3.81,38.04,162.2,98,19
VID09928,2026-08-13,Expectation vs Reality #9928,Comedy,10866,285,87,6.11,51.1,921.0,208,19
VID09929,2026-08-13,Learning Strategies #9929,Education,7120,581,35,6.09,56.44,433.2,134,19
VID09930,2026-08-13,Credit Score Tips #9930,Finance,11312,538,145,8.85,55.76,948.3,171,19
VID09931,2026-08-13,Best Friend Problems #9931,Comedy,12411,475,145,8.16,62.2,1104.0,230,22
VID09932,2026-08-13,Money Mistakes #9932,Finance,7495,510,93,2.84,59.81,397.1,50,21
VID09933,2026-08-13,Funny Family Moments #9933,Comedy,2968,278,28,3.93,48.04,258.4,23,20
VID09934,2026-08-13,Top Games #9934,Gaming,25736,2103,288,8.92,62.2,1234.9,350,18
VID09935,2026-08-13,Useful Tech Tips #9935,Tech,9951,581,114,10.36,77.38,1093.9,192,14
VID09936,2026-08-13,Best Friend Problems #9936,Comedy,19438,746,34,9.38,56.27,2090.4,418,20
VID09937,2026-08-13,Daily Routine #9937,Lifestyle,5739,467,77,10.11,47.51,225.2,56,14
VID09938,2026-08-14,Career Tips #9938,Education,7361,308,74,6.42,79.57,623.5,123,16
VID09939,2026-08-14,Daily Routine #9939,Lifestyle,13076,1198,68,8.1,36.21,1039.6,183,20
VID09940,2026-08-14,Game Challenge #9940,Gaming,9427,869,81,7.41,76.39,355.0,157,22
VID09941,2026-08-14,AI Tools #9941,Tech,38293,1014,347,7.28,67.34,2766.5,464,23
VID09942,2026-08-14,Learning Strategies #9942,Education,46811,4125,422,6.84,74.94,1759.0,701,18
VID09943,2026-08-14,Budget Planning #9943,Finance,9469,452,76,8.01,62.08,948.5,66,21
VID09944,2026-08-14,Top Games #9944,Gaming,47700,3680,440,4.74,40.86,2344.0,751,22
VID09945,2026-08-14,Best Restaurants #9945,Food,6794,317,51,8.89,71.3,425.2,118,16
VID09946,2026-08-14,Budget Lifestyle #9946,Lifestyle,11494,746,50,11.23,63.26,1175.3,183,22
VID09947,2026-08-14,Hidden Places #9947,Travel,11853,501,158,10.31,65.0,1235.4,142,20
VID09948,2026-08-14,Travel Mistakes #9948,Travel,7358,316,96,10.26,55.87,607.2,126,8
VID09949,2026-08-15,Beginner Guide #9949,Gaming,9371,972,49,4.23,62.53,1095.8,26,10
VID09950,2026-08-15,Day In My Life #9950,Lifestyle,1227,110,13,5.91,73.89,128.4,30,18
VID09951,2026-08-15,Best Apps #9951,Tech,22761,670,176,10.25,65.3,2430.5,174,19
VID09952,2026-08-15,Budget Lifestyle #9952,Lifestyle,8015,754,40,6.33,62.82,557.2,51,14
VID09953,2026-08-15,Cooking Tips #9953,Food,20963,869,68,5.67,75.27,1154.6,367,12
VID09954,2026-08-15,Budget Meals #9954,Food,5644,292,76,6.71,56.48,139.6,115,20
VID09955,2026-08-15,Budget Planning #9955,Finance,1170,88,11,6.87,54.51,109.2,8,14
VID09956,2026-08-15,Healthy Habits #9956,Lifestyle,15279,1068,181,8.44,57.68,742.6,186,16
VID09957,2026-08-15,Parents Be Like #9957,Comedy,16350,597,176,4.83,45.35,1568.9,334,21
VID09958,2026-08-15,Gaming Highlights #9958,Gaming,6659,456,12,8.63,75.36,264.3,115,12
VID09959,2026-08-16,Weekend Travel Vlog #9959,Travel,10826,342,85,4.13,45.81,826.9,174,18
VID09960,2026-08-16,Best Friend Problems #9960,Comedy,4059,179,10,8.03,69.52,137.1,39,21
VID09961,2026-08-16,Investment Basics #9961,Finance,2771,176,7,9.75,73.54,457.1,35,16
VID09962,2026-08-16,Beginner Guide #9962,Gaming,20318,1200,34,5.96,61.45,1468.2,462,16
VID09963,2026-08-16,Budget Planning #9963,Finance,4809,422,63,10.03,48.57,169.3,15,20
VID09964,2026-08-16,Best Restaurants #9964,Food,18964,1217,77,10.87,62.28,2681.4,424,20
VID09965,2026-08-16,Easy Recipes #9965,Food,8094,680,107,4.98,52.76,234.5,45,21
VID09966,2026-08-16,Saving Money #9966,Finance,7853,306,104,8.28,35.19,386.9,120,20
VID09967,2026-08-16,Funny Family Moments #9967,Comedy,2716,70,3,6.07,65.31,275.0,28,21
VID09968,2026-08-16,Best Friend Problems #9968,Comedy,933,34,12,3.83,67.38,44.5,16,12
VID09969,2026-08-17,Budget Meals #9969,Food,10574,1134,44,6.53,45.63,597.1,105,19
VID09970,2026-08-17,Best Places to Visit #9970,Travel,15870,413,96,7.09,64.92,1817.0,341,19
VID09971,2026-08-17,Laptop Buying Guide #9971,Tech,6560,237,53,7.47,65.04,339.6,121,19
VID09972,2026-08-17,Cooking Tips #9972,Food,34356,1073,58,6.21,68.09,3549.2,660,21
VID09973,2026-08-17,Best Friend Problems #9973,Comedy,4687,223,53,12.42,72.39,666.9,97,14
VID09974,2026-08-17,Hidden Places #9974,Travel,13856,939,24,9.41,30.18,593.8,123,18
VID09975,2026-08-17,Best Apps #9975,Tech,3858,312,22,8.36,69.37,334.9,81,18
VID09976,2026-08-17,Relatable College Life #9976,Comedy,616,29,6,7.88,85.2,72.8,5,21
VID09977,2026-08-17,Budget Planning #9977,Finance,4585,436,44,6.95,56.14,131.2,67,20
VID09978,2026-08-17,Relatable College Life #9978,Comedy,3280,127,5,6.79,68.56,434.0,20,18
VID09979,2026-08-17,Top Games #9979,Gaming,12733,1172,78,8.58,78.13,1135.0,103,20
VID09980,2026-08-18,Office Comedy #9980,Comedy,2373,221,5,11.76,53.12,114.0,50,20
VID09981,2026-08-18,Career Tips #9981,Education,25352,1687,27,9.25,65.81,2318.3,593,18
VID09982,2026-08-18,Expectation vs Reality #9982,Comedy,6549,253,76,7.04,60.52,358.6,145,20
VID09983,2026-08-18,Office Comedy #9983,Comedy,6013,380,67,10.91,52.57,360.9,90,10
VID09984,2026-08-18,Street Food Tour #9984,Food,10280,692,19,4.6,84.65,1569.1,117,18
VID09985,2026-08-18,Relatable College Life #9985,Comedy,12925,1185,136,10.41,59.45,687.8,120,21
VID09986,2026-08-18,Expectation vs Reality #9986,Comedy,13719,634,176,10.12,64.09,1445.5,301,21
VID09987,2026-08-18,Credit Score Tips #9987,Finance,15277,727,181,8.42,73.68,802.0,129,18
VID09988,2026-08-18,Street Food Tour #9988,Food,1498,80,16,6.18,46.66,74.3,30,10
VID09989,2026-08-18,Interview Preparation #9989,Education,33372,3503,178,5.18,62.71,1087.5,496,20
VID09990,2026-08-19,Study Tips That Work #9990,Education,14781,415,148,10.12,42.67,709.2,213,20
VID09991,2026-08-19,Tech Hacks #9991,Tech,4818,477,23,7.63,77.73,487.9,39,12
VID09992,2026-08-19,Expectation vs Reality #9992,Comedy,34734,3216,59,6.14,39.82,1865.5,115,21
VID09993,2026-08-19,Morning Routine #9993,Lifestyle,35432,1141,133,10.0,70.32,2887.2,537,20
VID09994,2026-08-19,Budget Lifestyle #9994,Lifestyle,8287,803,95,8.15,43.91,476.1,155,12
VID09995,2026-08-19,Healthy Habits #9995,Lifestyle,40952,1650,400,9.31,62.52,2099.0,386,14
VID09996,2026-08-19,Beginner Guide #9996,Gaming,12860,1240,148,9.19,54.76,1580.2,243,16
VID09997,2026-08-19,Healthy Habits #9997,Lifestyle,16151,584,75,7.23,46.31,1316.3,72,20
VID09998,2026-08-19,Cooking Tips #9998,Food,3969,168,48,8.82,54.9,273.1,44,19
VID09999,2026-08-19,Daily Routine #9999,Lifestyle,10975,941,141,9.99,73.53,1375.5,152,18
VID10000,2026-08-20,Parents Be Like #10000,Comedy,15822,1565,90,8.27,58.98,1264.2,294,18
